-- MySQL dump 10.13  Distrib 5.5.38, for debian-linux-gnu (x86_64)
--
-- Host: localhost    Database: t
-- ------------------------------------------------------
-- Server version	5.5.38-0ubuntu0.14.04.1

/*!40101 SET @OLD_CHARACTER_SET_CLIENT=@@CHARACTER_SET_CLIENT */;
/*!40101 SET @OLD_CHARACTER_SET_RESULTS=@@CHARACTER_SET_RESULTS */;
/*!40101 SET @OLD_COLLATION_CONNECTION=@@COLLATION_CONNECTION */;
/*!40101 SET NAMES utf8 */;
/*!40103 SET @OLD_TIME_ZONE=@@TIME_ZONE */;
/*!40103 SET TIME_ZONE='+00:00' */;
/*!40014 SET @OLD_UNIQUE_CHECKS=@@UNIQUE_CHECKS, UNIQUE_CHECKS=0 */;
/*!40014 SET @OLD_FOREIGN_KEY_CHECKS=@@FOREIGN_KEY_CHECKS, FOREIGN_KEY_CHECKS=0 */;
/*!40101 SET @OLD_SQL_MODE=@@SQL_MODE, SQL_MODE='NO_AUTO_VALUE_ON_ZERO' */;
/*!40111 SET @OLD_SQL_NOTES=@@SQL_NOTES, SQL_NOTES=0 */;

--
-- Table structure for table `ajh_admin_language`
--

DROP TABLE IF EXISTS `ajh_admin_language`;
/*!40101 SET @saved_cs_client     = @@character_set_client */;
/*!40101 SET character_set_client = utf8 */;
CREATE TABLE `ajh_admin_language` (
  `id` int(11) NOT NULL AUTO_INCREMENT,
  `code` varchar(150) COLLATE utf8_spanish2_ci NOT NULL,
  `title` varchar(150) COLLATE utf8_spanish2_ci NOT NULL,
  `date_register` datetime NOT NULL,
  `enable` int(2) NOT NULL DEFAULT '0' COMMENT '0 to disable, 1 to enable',
  `id_param_conf` int(11) NOT NULL COMMENT 'Id del parametro de configuracion',
  PRIMARY KEY (`id`),
  KEY `fk_ajh_admin_languages` (`id_param_conf`),
  CONSTRAINT `fk_ajh_admin_languages` FOREIGN KEY (`id_param_conf`) REFERENCES `ajh_admin_params_conf` (`id`) ON DELETE NO ACTION ON UPDATE NO ACTION
) ENGINE=InnoDB AUTO_INCREMENT=2 DEFAULT CHARSET=utf8 COLLATE=utf8_spanish2_ci COMMENT='contiene listado de lenguajes administrables\n';
/*!40101 SET character_set_client = @saved_cs_client */;

--
-- Dumping data for table `ajh_admin_language`
--

LOCK TABLES `ajh_admin_language` WRITE;
/*!40000 ALTER TABLE `ajh_admin_language` DISABLE KEYS */;
INSERT INTO `ajh_admin_language` VALUES (1,'es-ES','Spanish (ES)','2013-12-12 00:00:00',1,7);
/*!40000 ALTER TABLE `ajh_admin_language` ENABLE KEYS */;
UNLOCK TABLES;

--
-- Table structure for table `ajh_admin_language_content`
--

DROP TABLE IF EXISTS `ajh_admin_language_content`;
/*!40101 SET @saved_cs_client     = @@character_set_client */;
/*!40101 SET character_set_client = utf8 */;
CREATE TABLE `ajh_admin_language_content` (
  `id` int(11) NOT NULL AUTO_INCREMENT,
  `value` varchar(150) COLLATE utf8_spanish2_ci NOT NULL DEFAULT '',
  `label` varchar(150) COLLATE utf8_spanish2_ci DEFAULT NULL,
  `tooltip` varchar(150) COLLATE utf8_spanish2_ci NOT NULL,
  `id_admin_language` int(11) NOT NULL,
  PRIMARY KEY (`id`,`id_admin_language`,`value`),
  KEY `fk_ajh_admin_language_content_ajh_admin_language` (`id_admin_language`),
  CONSTRAINT `fk_ajh_admin_language_content_ajh_admin_language` FOREIGN KEY (`id_admin_language`) REFERENCES `ajh_admin_language` (`id`) ON DELETE NO ACTION ON UPDATE NO ACTION
) ENGINE=InnoDB AUTO_INCREMENT=3 DEFAULT CHARSET=utf8 COLLATE=utf8_spanish2_ci;
/*!40101 SET character_set_client = @saved_cs_client */;

--
-- Dumping data for table `ajh_admin_language_content`
--

LOCK TABLES `ajh_admin_language_content` WRITE;
/*!40000 ALTER TABLE `ajh_admin_language_content` DISABLE KEYS */;
INSERT INTO `ajh_admin_language_content` VALUES (1,'TITLE_GENDER_MALE_FORM','TITLE_GENDER_MALE_FORM','TITLE GENDER MALE',1),(2,'TITLE_GENDER_FEMALE_FORM','TITLE_GENDER_FEMALE_FORM','TITLE GENDER FEMALE',1);
/*!40000 ALTER TABLE `ajh_admin_language_content` ENABLE KEYS */;
UNLOCK TABLES;

--
-- Table structure for table `ajh_admin_language_property`
--

DROP TABLE IF EXISTS `ajh_admin_language_property`;
/*!40101 SET @saved_cs_client     = @@character_set_client */;
/*!40101 SET character_set_client = utf8 */;
CREATE TABLE `ajh_admin_language_property` (
  `id` int(11) NOT NULL AUTO_INCREMENT,
  `value` varchar(2000) COLLATE utf8_spanish2_ci DEFAULT NULL,
  `date_register` datetime NOT NULL,
  `id_admin_language` int(11) NOT NULL,
  `id_admin_language_content` int(11) NOT NULL,
  PRIMARY KEY (`id`,`id_admin_language`,`id_admin_language_content`),
  KEY `fk_ajh_admin_language_property` (`id_admin_language_content`),
  KEY `fk_ajh_admin_language_property_ajh_admin_language` (`id_admin_language`),
  CONSTRAINT `fk_ajh_admin_language_property_ajh_admin_language` FOREIGN KEY (`id_admin_language`) REFERENCES `ajh_admin_language` (`id`) ON DELETE NO ACTION ON UPDATE NO ACTION,
  CONSTRAINT `fk_ajh_admin_language_property_ajh_admin_language_content` FOREIGN KEY (`id_admin_language_content`) REFERENCES `ajh_admin_language_content` (`id`) ON DELETE NO ACTION ON UPDATE NO ACTION
) ENGINE=InnoDB AUTO_INCREMENT=3 DEFAULT CHARSET=utf8 COLLATE=utf8_spanish2_ci COMMENT='Contenido de los lenguajes administrables\n';
/*!40101 SET character_set_client = @saved_cs_client */;

--
-- Dumping data for table `ajh_admin_language_property`
--

LOCK TABLES `ajh_admin_language_property` WRITE;
/*!40000 ALTER TABLE `ajh_admin_language_property` DISABLE KEYS */;
INSERT INTO `ajh_admin_language_property` VALUES (1,'Masculino','2013-12-12 00:00:00',1,1),(2,'Femenino','2013-12-12 00:00:00',1,2);
/*!40000 ALTER TABLE `ajh_admin_language_property` ENABLE KEYS */;
UNLOCK TABLES;

--
-- Table structure for table `ajh_admin_menu`
--

DROP TABLE IF EXISTS `ajh_admin_menu`;
/*!40101 SET @saved_cs_client     = @@character_set_client */;
/*!40101 SET character_set_client = utf8 */;
CREATE TABLE `ajh_admin_menu` (
  `id` int(11) NOT NULL AUTO_INCREMENT,
  `title` varchar(255) COLLATE utf8_spanish2_ci NOT NULL,
  `link` varchar(1024) COLLATE utf8_spanish2_ci NOT NULL,
  `description` varchar(250) COLLATE utf8_spanish2_ci NOT NULL,
  `parent_id` int(11) NOT NULL DEFAULT '1',
  `published` tinyint(4) NOT NULL DEFAULT '1',
  `ordering` int(11) NOT NULL DEFAULT '0',
  `access` int(10) NOT NULL DEFAULT '0' COMMENT 'The access level required to view the menu item.',
  `level` tinyint(4) NOT NULL DEFAULT '0',
  PRIMARY KEY (`id`)
) ENGINE=MyISAM AUTO_INCREMENT=24 DEFAULT CHARSET=utf8 COLLATE=utf8_spanish2_ci;
/*!40101 SET character_set_client = @saved_cs_client */;

--
-- Dumping data for table `ajh_admin_menu`
--

LOCK TABLES `ajh_admin_menu` WRITE;
/*!40000 ALTER TABLE `ajh_admin_menu` DISABLE KEYS */;
INSERT INTO `ajh_admin_menu` VALUES (1,'Administrator','','',0,0,0,0,0),(2,'Busi configuración','option-1','Administra credenciales para la conexión con BUSI',1,1,0,0,0),(3,'Términos y condiciónes','option-6','Administra los Términos y condiciónes de la aplicación',1,1,0,0,0),(4,'Analytics','','Administra los goals y funciones de Analytics',1,1,0,0,0),(5,'Backround APP','../index.php/?op=backgorund&id=5','Administra Backgorund principales de la aplicación',1,0,0,0,0),(6,'Users','','Administracion de Usuarios',0,1,0,0,0),(7,'Users','Users','Administrar Usuarios',6,1,0,0,0),(8,'Menu','','Administracion de Menus',0,1,0,0,0),(9,'Items Configuracion','Items','Administra Items de Configuracion',8,1,0,0,0),(10,'Menus','Menus','Administracion de Menus',8,1,0,0,0),(11,'Language','language','',0,0,0,0,0),(12,'Languages','option-7','languages',11,1,0,0,0),(13,'Create Language','create_language','Menu to create a new language',11,1,0,0,0),(14,'Create Goal','CreateObjective','Crea Nuevo Goal de Analitycs',4,1,0,0,0),(15,'List of Goals','ListObjectives','Lista las funciones de Analitycs',4,1,0,0,0),(16,'List of Functions','ListFunctions','Lista las funciones de Analitycs',4,1,0,0,0),(17,'List of Categories','ListCategories','Lista las categorias de Analitycs',4,1,0,0,0),(18,'Templates','template','',0,0,0,0,0),(19,'Templates','option-8','Templates',18,1,0,0,0),(20,'Install Template','option-9','Install Template',18,1,0,0,0),(21,'Eventos','','',0,1,0,0,0),(22,'Listar eventos Asignados','option-10','Listado de eventos asignados',21,1,0,0,0),(23,'Asignar evento','option-11','Asignacion de eventos a usuario',21,1,0,0,0);
/*!40000 ALTER TABLE `ajh_admin_menu` ENABLE KEYS */;
UNLOCK TABLES;

--
-- Table structure for table `ajh_admin_params_conf`
--

DROP TABLE IF EXISTS `ajh_admin_params_conf`;
/*!40101 SET @saved_cs_client     = @@character_set_client */;
/*!40101 SET character_set_client = utf8 */;
CREATE TABLE `ajh_admin_params_conf` (
  `id` int(11) NOT NULL AUTO_INCREMENT,
  `name` varchar(150) COLLATE utf8_spanish2_ci NOT NULL,
  `label` varchar(150) COLLATE utf8_spanish2_ci NOT NULL,
  `date_register` datetime NOT NULL,
  PRIMARY KEY (`id`)
) ENGINE=InnoDB AUTO_INCREMENT=12 DEFAULT CHARSET=utf8 COLLATE=utf8_spanish2_ci COMMENT='contiene listado de opciones administrables\n';
/*!40101 SET character_set_client = @saved_cs_client */;

--
-- Dumping data for table `ajh_admin_params_conf`
--

LOCK TABLES `ajh_admin_params_conf` WRITE;
/*!40000 ALTER TABLE `ajh_admin_params_conf` DISABLE KEYS */;
INSERT INTO `ajh_admin_params_conf` VALUES (1,'busi','BUSI CONFIGURACION','2013-08-19 00:00:00'),(2,'analytics','ANALYTICS','2013-08-21 00:00:00'),(3,'Users','USERS','2013-10-17 00:00:00'),(4,'Items','ITEMS CONFIGURACION','2013-10-17 00:00:00'),(5,'background','BACKGROUND APP','2013-10-25 00:00:00'),(6,'Terminos y Condiciones','TERMINOS Y CONDICIONES','2013-10-25 00:00:00'),(7,'Languages','Languages','2013-12-12 12:56:37'),(8,'Templates','TEMPLATES','2014-01-13 10:50:49'),(9,'Install Template','INSTALL TEMPLATE','2014-01-13 10:51:11'),(10,'Listar eventos Asignados','LISTAR EVENTOS ASIGNADOS','2015-03-14 04:41:58'),(11,'Asignar evento','ASIGNAR EVENTO','2015-03-14 04:42:28');
/*!40000 ALTER TABLE `ajh_admin_params_conf` ENABLE KEYS */;
UNLOCK TABLES;

--
-- Table structure for table `ajh_admin_params_content`
--

DROP TABLE IF EXISTS `ajh_admin_params_content`;
/*!40101 SET @saved_cs_client     = @@character_set_client */;
/*!40101 SET character_set_client = utf8 */;
CREATE TABLE `ajh_admin_params_content` (
  `id` int(11) NOT NULL AUTO_INCREMENT,
  `value` varchar(150) COLLATE utf8_spanish2_ci DEFAULT NULL,
  `label` varchar(150) COLLATE utf8_spanish2_ci DEFAULT NULL,
  `tooltip` varchar(150) COLLATE utf8_spanish2_ci NOT NULL,
  `id_admin_params_conf` int(11) NOT NULL,
  PRIMARY KEY (`id`,`id_admin_params_conf`),
  KEY `fk_ajh_admin_params_content_ajh_admin_params_conf1` (`id_admin_params_conf`),
  CONSTRAINT `fk_ajh_admin_params_content_ajh_admin_params_conf1` FOREIGN KEY (`id_admin_params_conf`) REFERENCES `ajh_admin_params_conf` (`id`) ON DELETE NO ACTION ON UPDATE NO ACTION
) ENGINE=InnoDB AUTO_INCREMENT=24 DEFAULT CHARSET=utf8 COLLATE=utf8_spanish2_ci;
/*!40101 SET character_set_client = @saved_cs_client */;

--
-- Dumping data for table `ajh_admin_params_content`
--

LOCK TABLES `ajh_admin_params_content` WRITE;
/*!40000 ALTER TABLE `ajh_admin_params_content` DISABLE KEYS */;
INSERT INTO `ajh_admin_params_content` VALUES (1,'clientbusi','CLIENT BUSI','Url del Cliente BUSI',1),(2,'passbusi','PASSWORD BUSI','Contraseña del Cliente BUSI',1),(3,'appbusi','APP BUSI','Número de la aplicación creada en sistema BUSI',1),(4,'userbusi','USER BUSI','Usuario administrador de sistema BUSI',1),(5,'countrybusi','COUNTRY BUSI','Cóido de Pais registrado en aplicación BUSI',1),(6,'uacode','CODIGO UA','Código de Tracking Google Analytics ( Ejemplo: XXXXXXXX-XX )',2),(8,'terms','TERMS','Terminos y Condiciones',6),(12,'background','Background','Seleccione el Background',5),(13,'uname','USER NAME','Nombre del Usuario',3),(14,'passuser','USER PASS','Contraseña del usuario',3),(15,'fname','FIRST NAME','Ingrese primer nombre',3),(16,'lname','LAST NAME','Ingrese appellido de usuario',3),(17,'address','ADDRESS','Ingrese direccion',3),(18,'phone','PHONE','Ingrese Telefono',3),(19,'roluser','USER TYPE','Rol del Usuario',3),(20,'mailuser','USER EMAIL','Email del Usuario',3),(22,'usuario_id','Usuario','Usuario encargado de escaner boletos del evento',11),(23,'evento_id','Evento','Evento',11);
/*!40000 ALTER TABLE `ajh_admin_params_content` ENABLE KEYS */;
UNLOCK TABLES;

--
-- Table structure for table `ajh_admin_params_property`
--

DROP TABLE IF EXISTS `ajh_admin_params_property`;
/*!40101 SET @saved_cs_client     = @@character_set_client */;
/*!40101 SET character_set_client = utf8 */;
CREATE TABLE `ajh_admin_params_property` (
  `id` int(11) NOT NULL AUTO_INCREMENT,
  `value` varchar(2000) COLLATE utf8_spanish2_ci DEFAULT NULL,
  `date_register` datetime NOT NULL,
  `id_admin_params_conf` int(11) NOT NULL,
  `id_admin_params_content` int(11) NOT NULL,
  PRIMARY KEY (`id`,`id_admin_params_conf`,`id_admin_params_content`),
  KEY `fk_ajh_admin_params_property_ajh_admin_params_content` (`id_admin_params_content`),
  KEY `fk_ajh_admin_params_property_ajh_admin_params_conf1` (`id_admin_params_conf`),
  CONSTRAINT `fk_ajh_admin_params_property_ajh_admin_params_conf1` FOREIGN KEY (`id_admin_params_conf`) REFERENCES `ajh_admin_params_conf` (`id`) ON DELETE NO ACTION ON UPDATE NO ACTION,
  CONSTRAINT `fk_ajh_admin_params_property_ajh_admin_params_content` FOREIGN KEY (`id_admin_params_content`) REFERENCES `ajh_admin_params_content` (`id`) ON DELETE NO ACTION ON UPDATE NO ACTION
) ENGINE=InnoDB DEFAULT CHARSET=utf8 COLLATE=utf8_spanish2_ci COMMENT='Contenido de configuracion\n';
/*!40101 SET character_set_client = @saved_cs_client */;

--
-- Dumping data for table `ajh_admin_params_property`
--

LOCK TABLES `ajh_admin_params_property` WRITE;
/*!40000 ALTER TABLE `ajh_admin_params_property` DISABLE KEYS */;
/*!40000 ALTER TABLE `ajh_admin_params_property` ENABLE KEYS */;
UNLOCK TABLES;

--
-- Table structure for table `ajh_admin_roles`
--

DROP TABLE IF EXISTS `ajh_admin_roles`;
/*!40101 SET @saved_cs_client     = @@character_set_client */;
/*!40101 SET character_set_client = utf8 */;
CREATE TABLE `ajh_admin_roles` (
  `rol_id` int(10) NOT NULL AUTO_INCREMENT COMMENT 'llave primaria',
  `name` varchar(32) NOT NULL COMMENT 'nombre del rol',
  PRIMARY KEY (`rol_id`)
) ENGINE=InnoDB AUTO_INCREMENT=3 DEFAULT CHARSET=utf8;
/*!40101 SET character_set_client = @saved_cs_client */;

--
-- Dumping data for table `ajh_admin_roles`
--

LOCK TABLES `ajh_admin_roles` WRITE;
/*!40000 ALTER TABLE `ajh_admin_roles` DISABLE KEYS */;
INSERT INTO `ajh_admin_roles` VALUES (1,'Cliente'),(2,'Administrator');
/*!40000 ALTER TABLE `ajh_admin_roles` ENABLE KEYS */;
UNLOCK TABLES;

--
-- Table structure for table `ajh_admin_termsandconditions`
--

DROP TABLE IF EXISTS `ajh_admin_termsandconditions`;
/*!40101 SET @saved_cs_client     = @@character_set_client */;
/*!40101 SET character_set_client = utf8 */;
CREATE TABLE `ajh_admin_termsandconditions` (
  `id` int(11) NOT NULL AUTO_INCREMENT,
  `value` longtext COLLATE ucs2_spanish_ci NOT NULL,
  `registger_date` datetime NOT NULL,
  PRIMARY KEY (`id`)
) ENGINE=MyISAM DEFAULT CHARSET=ucs2 COLLATE=ucs2_spanish_ci;
/*!40101 SET character_set_client = @saved_cs_client */;

--
-- Dumping data for table `ajh_admin_termsandconditions`
--

LOCK TABLES `ajh_admin_termsandconditions` WRITE;
/*!40000 ALTER TABLE `ajh_admin_termsandconditions` DISABLE KEYS */;
/*!40000 ALTER TABLE `ajh_admin_termsandconditions` ENABLE KEYS */;
UNLOCK TABLES;

--
-- Table structure for table `ajh_admin_users`
--

DROP TABLE IF EXISTS `ajh_admin_users`;
/*!40101 SET @saved_cs_client     = @@character_set_client */;
/*!40101 SET character_set_client = utf8 */;
CREATE TABLE `ajh_admin_users` (
  `id` int(11) NOT NULL AUTO_INCREMENT,
  `name` varchar(150) COLLATE utf8_spanish2_ci NOT NULL,
  `date_register` datetime NOT NULL,
  `block` tinyint(4) NOT NULL DEFAULT '1' COMMENT '0=off\n1=on',
  `password` varchar(100) COLLATE utf8_spanish2_ci NOT NULL,
  `usertype` int(10) NOT NULL,
  `mail` varchar(150) COLLATE utf8_spanish2_ci NOT NULL,
  PRIMARY KEY (`id`),
  KEY `fk_ajh_admin_user_rol` (`usertype`)
) ENGINE=InnoDB AUTO_INCREMENT=6 DEFAULT CHARSET=utf8 COLLATE=utf8_spanish2_ci;
/*!40101 SET character_set_client = @saved_cs_client */;

--
-- Dumping data for table `ajh_admin_users`
--

LOCK TABLES `ajh_admin_users` WRITE;
/*!40000 ALTER TABLE `ajh_admin_users` DISABLE KEYS */;
INSERT INTO `ajh_admin_users` VALUES (5,'admin','0000-00-00 00:00:00',1,'21232f297a57a5a743894a0e4a801fc3',0,'jamart87@hotmail.com');
/*!40000 ALTER TABLE `ajh_admin_users` ENABLE KEYS */;
UNLOCK TABLES;

--
-- Table structure for table `ajh_error_log`
--

DROP TABLE IF EXISTS `ajh_error_log`;
/*!40101 SET @saved_cs_client     = @@character_set_client */;
/*!40101 SET character_set_client = utf8 */;
CREATE TABLE `ajh_error_log` (
  `id` int(11) NOT NULL AUTO_INCREMENT,
  `type_error` varchar(45) COLLATE utf8_spanish2_ci NOT NULL,
  `action` varchar(45) COLLATE utf8_spanish2_ci NOT NULL,
  `description_error` mediumtext COLLATE utf8_spanish2_ci NOT NULL,
  `data_user` longtext COLLATE utf8_spanish2_ci NOT NULL,
  `log_date` datetime NOT NULL,
  `id_user` int(11) NOT NULL,
  PRIMARY KEY (`id`,`id_user`)
) ENGINE=MyISAM AUTO_INCREMENT=61 DEFAULT CHARSET=utf8 COLLATE=utf8_spanish2_ci;
/*!40101 SET character_set_client = @saved_cs_client */;

--
-- Dumping data for table `ajh_error_log`
--

LOCK TABLES `ajh_error_log` WRITE;
/*!40000 ALTER TABLE `ajh_error_log` DISABLE KEYS */;
INSERT INTO `ajh_error_log` VALUES (1,'sql','create_table','init log table','{\"date\":\"Thu, 05 Mar 2015 10:41:46 -0600\",\"host\":\"localhost:80\",\"client\":\"127.0.0.1\",\"useragent\":\"Mozilla/5.0 (X11; Linux x86_64) AppleWebKit/537.36 (KHTML, like Gecko) Chrome/37.0.2062.120 Safari/537.36\",\"message\":\"preg_replace(): The /e modifier is deprecated, use preg_replace_callback instead\",\"file\":\"PHP /var/www/html/tickets/config/clib.php on line 81\"}\n','2015-03-05 10:03:46',0),(2,'admin','login','Inicio de sesión correcto','{\"date\":\"Thu, 05 Mar 2015 10:41:52 -0600\",\"host\":\"localhost:80\",\"client\":\"127.0.0.1\",\"useragent\":\"Mozilla/5.0 (X11; Linux x86_64) AppleWebKit/537.36 (KHTML, like Gecko) Chrome/37.0.2062.120 Safari/537.36\",\"message\":\"preg_replace(): The /e modifier is deprecated, use preg_replace_callback instead\",\"file\":\"PHP /var/www/html/tickets/config/clib.php on line 81\"}\n','2015-03-05 10:03:52',1),(3,'admin','login','Inicio de sesión correcto','{\"date\":\"Fri, 13 Mar 2015 06:21:13 +0100\",\"host\":\"localhost:80\",\"client\":\"::1\",\"useragent\":\"Mozilla/5.0 (Windows NT 6.2; rv:36.0) Gecko/20100101 Firefox/36.0\",\"message\":\"preg_replace(): The /e modifier is deprecated, use preg_replace_callback instead\",\"file\":\"PHP C:\\\\xampp\\\\htdocs\\\\tickets\\\\config\\\\clib.php on line 81\"}\n','2015-03-13 06:03:13',1),(4,'Admin','ajh_admin_users','SQLSTATE[23000]: Integrity constraint violation: 1062 Duplicate entry \'0\' for key \'PRIMARY\'','{\"date\":\"Fri, 13 Mar 2015 06:50:09 +0100\",\"host\":\"localhost:80\",\"client\":\"::1\",\"useragent\":\"Mozilla/5.0 (Windows NT 6.2; rv:36.0) Gecko/20100101 Firefox/36.0\",\"message\":\"Undefined index: usuario\",\"file\":\"PHP C:\\\\xampp\\\\htdocs\\\\tickets\\\\src\\\\models\\\\admin\\\\model.admin.php on line 702\"}\n','2015-03-13 06:03:09',1),(5,'Admin','ajh_admin_users','SQLSTATE[23000]: Integrity constraint violation: 1062 Duplicate entry \'0\' for key \'PRIMARY\'','{\"date\":\"Fri, 13 Mar 2015 06:50:12 +0100\",\"host\":\"localhost:80\",\"client\":\"::1\",\"useragent\":\"Mozilla/5.0 (Windows NT 6.2; rv:36.0) Gecko/20100101 Firefox/36.0\",\"message\":\"Undefined index: usuario\",\"file\":\"PHP C:\\\\xampp\\\\htdocs\\\\tickets\\\\src\\\\models\\\\admin\\\\model.admin.php on line 702\"}\n','2015-03-13 06:03:12',1),(6,'Admin','ajh_admin_users','SQLSTATE[23000]: Integrity constraint violation: 1062 Duplicate entry \'0\' for key \'PRIMARY\'','{\"date\":\"Fri, 13 Mar 2015 06:55:05 +0100\",\"host\":\"localhost:80\",\"client\":\"::1\",\"useragent\":\"Mozilla/5.0 (Windows NT 6.2; rv:36.0) Gecko/20100101 Firefox/36.0\",\"message\":\"A session had already been started - ignoring session_start()\",\"file\":\"PHP C:\\\\xampp\\\\htdocs\\\\tickets\\\\src\\\\models\\\\admin\\\\model.admin.php on line 669\"}\n','2015-03-13 06:03:05',1),(7,'admin','login','Inicio de sesión correcto','{\"date\":\"Sat, 14 Mar 2015 04:40:35 +0100\",\"host\":\"localhost:80\",\"client\":\"::1\",\"useragent\":\"Mozilla/5.0 (Windows NT 6.2; rv:36.0) Gecko/20100101 Firefox/36.0\",\"message\":\"preg_replace(): The /e modifier is deprecated, use preg_replace_callback instead\",\"file\":\"PHP C:\\\\xampp\\\\htdocs\\\\tickets\\\\config\\\\clib.php on line 81\"}\n','2015-03-14 04:03:35',1),(8,'Admin','sql','Creacion de menu ','{\"date\":\"Sat, 14 Mar 2015 04:41:02 +0100\",\"host\":\"localhost:80\",\"client\":\"::1\",\"useragent\":\"Mozilla/5.0 (Windows NT 6.2; rv:36.0) Gecko/20100101 Firefox/36.0\",\"message\":\"A session had already been started - ignoring session_start()\",\"file\":\"PHP C:\\\\xampp\\\\htdocs\\\\tickets\\\\src\\\\models\\\\admin\\\\model.admin.php on line 791\"}\n','2015-03-14 04:03:02',1),(9,'Admin','sql','Creacion de item de configuracion ','{\"date\":\"Sat, 14 Mar 2015 04:41:58 +0100\",\"host\":\"localhost:80\",\"client\":\"::1\",\"useragent\":\"Mozilla/5.0 (Windows NT 6.2; rv:36.0) Gecko/20100101 Firefox/36.0\",\"message\":\"A session had already been started - ignoring session_start()\",\"file\":\"PHP C:\\\\xampp\\\\htdocs\\\\tickets\\\\src\\\\models\\\\admin\\\\model.admin.php on line 919\"}\n','2015-03-14 04:03:58',1),(10,'Admin','sql','Creacion de menu de configuracion ','{\"date\":\"Sat, 14 Mar 2015 04:41:58 +0100\",\"host\":\"localhost:80\",\"client\":\"::1\",\"useragent\":\"Mozilla/5.0 (Windows NT 6.2; rv:36.0) Gecko/20100101 Firefox/36.0\",\"message\":\"A session had already been started - ignoring session_start()\",\"file\":\"PHP C:\\\\xampp\\\\htdocs\\\\tickets\\\\src\\\\models\\\\admin\\\\model.admin.php on line 919\"}\n','2015-03-14 04:03:58',1),(11,'Admin','sql','Creacion de item de configuracion ','{\"date\":\"Sat, 14 Mar 2015 04:42:28 +0100\",\"host\":\"localhost:80\",\"client\":\"::1\",\"useragent\":\"Mozilla/5.0 (Windows NT 6.2; rv:36.0) Gecko/20100101 Firefox/36.0\",\"message\":\"A session had already been started - ignoring session_start()\",\"file\":\"PHP C:\\\\xampp\\\\htdocs\\\\tickets\\\\src\\\\models\\\\admin\\\\model.admin.php on line 919\"}\n','2015-03-14 04:03:28',1),(12,'Admin','sql','Creacion de menu de configuracion ','{\"date\":\"Sat, 14 Mar 2015 04:42:28 +0100\",\"host\":\"localhost:80\",\"client\":\"::1\",\"useragent\":\"Mozilla/5.0 (Windows NT 6.2; rv:36.0) Gecko/20100101 Firefox/36.0\",\"message\":\"A session had already been started - ignoring session_start()\",\"file\":\"PHP C:\\\\xampp\\\\htdocs\\\\tickets\\\\src\\\\models\\\\admin\\\\model.admin.php on line 919\"}\n','2015-03-14 04:03:28',1),(13,'Admin Menus','{admin_users}','Menu Despublicado 11','{\"date\":\"Sat, 14 Mar 2015 04:44:29 +0100\",\"host\":\"localhost:80\",\"client\":\"::1\",\"useragent\":\"Mozilla/5.0 (Windows NT 6.2; rv:36.0) Gecko/20100101 Firefox/36.0\",\"message\":\"A session had already been started - ignoring session_start()\",\"file\":\"PHP C:\\\\xampp\\\\htdocs\\\\tickets\\\\src\\\\models\\\\admin\\\\model.admin.php on line 209\"}\n','2015-03-14 04:03:29',1),(14,'Admin Menus','{admin_users}','Menu Despublicado 18','{\"date\":\"Sat, 14 Mar 2015 04:44:39 +0100\",\"host\":\"localhost:80\",\"client\":\"::1\",\"useragent\":\"Mozilla/5.0 (Windows NT 6.2; rv:36.0) Gecko/20100101 Firefox/36.0\",\"message\":\"A session had already been started - ignoring session_start()\",\"file\":\"PHP C:\\\\xampp\\\\htdocs\\\\tickets\\\\src\\\\models\\\\admin\\\\model.admin.php on line 209\"}\n','2015-03-14 04:03:39',1),(15,'Admin Menus','{admin_users}','Menu Despublicado 1','{\"date\":\"Sat, 14 Mar 2015 04:44:51 +0100\",\"host\":\"localhost:80\",\"client\":\"::1\",\"useragent\":\"Mozilla/5.0 (Windows NT 6.2; rv:36.0) Gecko/20100101 Firefox/36.0\",\"message\":\"A session had already been started - ignoring session_start()\",\"file\":\"PHP C:\\\\xampp\\\\htdocs\\\\tickets\\\\src\\\\models\\\\admin\\\\model.admin.php on line 209\"}\n','2015-03-14 04:03:51',1),(16,'Admin Items','sql','Se agrega campo a item de configuracion 11 ajh_admin_params_content ','{\"date\":\"Sat, 14 Mar 2015 04:46:26 +0100\",\"host\":\"localhost:80\",\"client\":\"::1\",\"useragent\":\"Mozilla/5.0 (Windows NT 6.2; rv:36.0) Gecko/20100101 Firefox/36.0\",\"message\":\"A session had already been started - ignoring session_start()\",\"file\":\"PHP C:\\\\xampp\\\\htdocs\\\\tickets\\\\src\\\\models\\\\admin\\\\model.admin.php on line 209\"}\n','2015-03-14 04:03:26',1),(17,'Admin Items','{admin_params_content}','Eliminacion de campo de item de configuracion 21','{\"date\":\"Sat, 14 Mar 2015 04:46:37 +0100\",\"host\":\"localhost:80\",\"client\":\"::1\",\"useragent\":\"Mozilla/5.0 (Windows NT 6.2; rv:36.0) Gecko/20100101 Firefox/36.0\",\"message\":\"A session had already been started - ignoring session_start()\",\"file\":\"PHP C:\\\\xampp\\\\htdocs\\\\tickets\\\\src\\\\models\\\\admin\\\\model.admin.php on line 209\"}\n','2015-03-14 04:03:37',1),(18,'Admin Items','sql','Se agrega campo a item de configuracion 11 ajh_admin_params_content ','{\"date\":\"Sat, 14 Mar 2015 04:47:07 +0100\",\"host\":\"localhost:80\",\"client\":\"::1\",\"useragent\":\"Mozilla/5.0 (Windows NT 6.2; rv:36.0) Gecko/20100101 Firefox/36.0\",\"message\":\"A session had already been started - ignoring session_start()\",\"file\":\"PHP C:\\\\xampp\\\\htdocs\\\\tickets\\\\src\\\\models\\\\admin\\\\model.admin.php on line 209\"}\n','2015-03-14 04:03:07',1),(19,'Admin Items','sql','Se agrega campo a item de configuracion 11 ajh_admin_params_content ','{\"date\":\"Sat, 14 Mar 2015 04:47:23 +0100\",\"host\":\"localhost:80\",\"client\":\"::1\",\"useragent\":\"Mozilla/5.0 (Windows NT 6.2; rv:36.0) Gecko/20100101 Firefox/36.0\",\"message\":\"A session had already been started - ignoring session_start()\",\"file\":\"PHP C:\\\\xampp\\\\htdocs\\\\tickets\\\\src\\\\models\\\\admin\\\\model.admin.php on line 209\"}\n','2015-03-14 04:03:23',1),(20,'admin','login','Inicio de sesión correcto','{\"date\":\"Sat, 14 Mar 2015 04:58:04 +0100\",\"host\":\"localhost:80\",\"client\":\"::1\",\"useragent\":\"Mozilla/5.0 (Windows NT 6.2; rv:36.0) Gecko/20100101 Firefox/36.0\",\"message\":\"preg_replace(): The /e modifier is deprecated, use preg_replace_callback instead\",\"file\":\"PHP C:\\\\xampp\\\\htdocs\\\\tickets\\\\config\\\\clib.php on line 81\"}\n','2015-03-14 04:03:04',1),(21,'admin','login','Inicio de sesión correcto','{\"date\":\"Sat, 14 Mar 2015 05:19:55 +0100\",\"host\":\"localhost:80\",\"client\":\"::1\",\"useragent\":\"Mozilla/5.0 (Windows NT 6.2; rv:36.0) Gecko/20100101 Firefox/36.0\",\"message\":\"preg_replace(): The /e modifier is deprecated, use preg_replace_callback instead\",\"file\":\"PHP C:\\\\xampp\\\\htdocs\\\\tickets\\\\config\\\\clib.php on line 81\"}\n','2015-03-14 05:03:55',1),(22,'Admin Items','{admin_params_conf}','Evento Eliminado 2','{\"date\":\"Sat, 14 Mar 2015 05:35:38 +0100\",\"host\":\"localhost:80\",\"client\":\"::1\",\"useragent\":\"Mozilla/5.0 (Windows NT 6.2; rv:36.0) Gecko/20100101 Firefox/36.0\",\"message\":\"A session had already been started - ignoring session_start()\",\"file\":\"PHP C:\\\\xampp\\\\htdocs\\\\tickets\\\\src\\\\models\\\\admin\\\\model.admin.php on line 209\"}\n','2015-03-14 05:03:38',1),(23,'Admin Items','{admin_params_conf}','Evento Eliminado 1','{\"date\":\"Sat, 14 Mar 2015 05:36:29 +0100\",\"host\":\"localhost:80\",\"client\":\"::1\",\"useragent\":\"Mozilla/5.0 (Windows NT 6.2; rv:36.0) Gecko/20100101 Firefox/36.0\",\"message\":\"A session had already been started - ignoring session_start()\",\"file\":\"PHP C:\\\\xampp\\\\htdocs\\\\tickets\\\\src\\\\models\\\\admin\\\\model.admin.php on line 209\"}\n','2015-03-14 05:03:29',1),(24,'Admin Items','{admin_params_conf}','Evento Eliminado 4','{\"date\":\"Sat, 14 Mar 2015 05:36:58 +0100\",\"host\":\"localhost:80\",\"client\":\"::1\",\"useragent\":\"Mozilla/5.0 (Windows NT 6.2; rv:36.0) Gecko/20100101 Firefox/36.0\",\"message\":\"A session had already been started - ignoring session_start()\",\"file\":\"PHP C:\\\\xampp\\\\htdocs\\\\tickets\\\\src\\\\models\\\\admin\\\\model.admin.php on line 209\"}\n','2015-03-14 05:03:58',1),(25,'Admin Items','{admin_params_conf}','Evento Eliminado 3','{\"date\":\"Sat, 14 Mar 2015 05:37:01 +0100\",\"host\":\"localhost:80\",\"client\":\"::1\",\"useragent\":\"Mozilla/5.0 (Windows NT 6.2; rv:36.0) Gecko/20100101 Firefox/36.0\",\"message\":\"A session had already been started - ignoring session_start()\",\"file\":\"PHP C:\\\\xampp\\\\htdocs\\\\tickets\\\\src\\\\models\\\\admin\\\\model.admin.php on line 209\"}\n','2015-03-14 05:03:01',1),(26,'Admin Items','{admin_params_conf}','Evento Eliminado 7','{\"date\":\"Sat, 14 Mar 2015 05:37:31 +0100\",\"host\":\"localhost:80\",\"client\":\"::1\",\"useragent\":\"Mozilla/5.0 (Windows NT 6.2; rv:36.0) Gecko/20100101 Firefox/36.0\",\"message\":\"A session had already been started - ignoring session_start()\",\"file\":\"PHP C:\\\\xampp\\\\htdocs\\\\tickets\\\\src\\\\models\\\\admin\\\\model.admin.php on line 209\"}\n','2015-03-14 05:03:31',1),(27,'Admin Users','{admin_users}','Bloqueo de Usuario 1','{\"date\":\"Sat, 14 Mar 2015 05:46:08 +0100\",\"host\":\"localhost:80\",\"client\":\"::1\",\"useragent\":\"Mozilla/5.0 (Windows NT 6.2; rv:36.0) Gecko/20100101 Firefox/36.0\",\"message\":\"A session had already been started - ignoring session_start()\",\"file\":\"PHP C:\\\\xampp\\\\htdocs\\\\tickets\\\\src\\\\models\\\\admin\\\\model.admin.php on line 209\"}\n','2015-03-14 05:03:08',1),(28,'Admin Users','{admin_users}','Bloqueo de Usuario 1','{\"date\":\"Sat, 14 Mar 2015 05:46:13 +0100\",\"host\":\"localhost:80\",\"client\":\"::1\",\"useragent\":\"Mozilla/5.0 (Windows NT 6.2; rv:36.0) Gecko/20100101 Firefox/36.0\",\"message\":\"A session had already been started - ignoring session_start()\",\"file\":\"PHP C:\\\\xampp\\\\htdocs\\\\tickets\\\\src\\\\models\\\\admin\\\\model.admin.php on line 209\"}\n','2015-03-14 05:03:13',1),(29,'Admin','sql','Cambio en parametros de configuracion ajh_admin_users ','{\"date\":\"Sat, 14 Mar 2015 05:54:02 +0100\",\"host\":\"localhost:80\",\"client\":\"::1\",\"useragent\":\"Mozilla/5.0 (Windows NT 6.2; rv:36.0) Gecko/20100101 Firefox/36.0\",\"message\":\"A session had already been started - ignoring session_start()\",\"file\":\"PHP C:\\\\xampp\\\\htdocs\\\\tickets\\\\src\\\\models\\\\admin\\\\model.admin.php on line 800\"}\n','2015-03-14 05:03:02',1),(30,'Admin Users','{admin_users}','Eliminacion de usuario 2','{\"date\":\"Sat, 14 Mar 2015 05:58:29 +0100\",\"host\":\"localhost:80\",\"client\":\"::1\",\"useragent\":\"Mozilla/5.0 (Windows NT 6.2; rv:36.0) Gecko/20100101 Firefox/36.0\",\"message\":\"A session had already been started - ignoring session_start()\",\"file\":\"PHP C:\\\\xampp\\\\htdocs\\\\tickets\\\\src\\\\models\\\\admin\\\\model.admin.php on line 209\"}\n','2015-03-14 05:03:29',1),(31,'Admin Users','{admin_users}','Eliminacion de usuario 6','{\"date\":\"Sat, 14 Mar 2015 06:02:08 +0100\",\"host\":\"localhost:80\",\"client\":\"::1\",\"useragent\":\"Mozilla/5.0 (Windows NT 6.2; rv:36.0) Gecko/20100101 Firefox/36.0\",\"message\":\"A session had already been started - ignoring session_start()\",\"file\":\"PHP C:\\\\xampp\\\\htdocs\\\\tickets\\\\src\\\\models\\\\admin\\\\model.admin.php on line 209\"}\n','2015-03-14 06:03:08',1),(32,'Admin','sql','Actualizacion de usuario 4 ','{\"date\":\"Sat, 14 Mar 2015 06:25:24 +0100\",\"host\":\"localhost:80\",\"client\":\"::1\",\"useragent\":\"Mozilla/5.0 (Windows NT 6.2; rv:36.0) Gecko/20100101 Firefox/36.0\",\"message\":\"Undefined index: lastname\",\"file\":\"PHP C:\\\\xampp\\\\htdocs\\\\tickets\\\\src\\\\models\\\\admin\\\\model.admin.php on line 931\"}\n','2015-03-14 06:03:24',1),(33,'Admin','sql','Actualizacion de usuario 4 ','{\"date\":\"Sat, 14 Mar 2015 06:28:23 +0100\",\"host\":\"localhost:80\",\"client\":\"::1\",\"useragent\":\"Mozilla/5.0 (Windows NT 6.2; rv:36.0) Gecko/20100101 Firefox/36.0\",\"message\":\"A session had already been started - ignoring session_start()\",\"file\":\"PHP C:\\\\xampp\\\\htdocs\\\\tickets\\\\src\\\\models\\\\admin\\\\model.admin.php on line 909\"}\n','2015-03-14 06:03:23',1),(34,'Admin','sql','Actualizacion de usuario 5 ','{\"date\":\"Sat, 14 Mar 2015 06:29:06 +0100\",\"host\":\"localhost:80\",\"client\":\"::1\",\"useragent\":\"Mozilla/5.0 (Windows NT 6.2; rv:36.0) Gecko/20100101 Firefox/36.0\",\"message\":\"A session had already been started - ignoring session_start()\",\"file\":\"PHP C:\\\\xampp\\\\htdocs\\\\tickets\\\\src\\\\models\\\\admin\\\\model.admin.php on line 909\"}\n','2015-03-14 06:03:06',1),(35,'Admin Items','{admin_params_conf}','Evento Eliminado 8','{\"date\":\"Sat, 14 Mar 2015 06:29:55 +0100\",\"host\":\"localhost:80\",\"client\":\"::1\",\"useragent\":\"Mozilla/5.0 (Windows NT 6.2; rv:36.0) Gecko/20100101 Firefox/36.0\",\"message\":\"A session had already been started - ignoring session_start()\",\"file\":\"PHP C:\\\\xampp\\\\htdocs\\\\tickets\\\\src\\\\models\\\\admin\\\\model.admin.php on line 209\"}\n','2015-03-14 06:03:55',1),(36,'admin','login','Inicio de sesión correcto','{\"date\":\"Fri, 20 Mar 2015 11:01:53 -0600\",\"host\":\"websiteguatemala.com:80\",\"client\":\"192.168.1.5\",\"useragent\":\"Mozilla/5.0 (Windows NT 6.1) AppleWebKit/537.36 (KHTML, like Gecko) Chrome/41.0.2272.89 Safari/537.36\",\"message\":\"\",\"file\":\"PHP  on line \"}\n','2015-03-20 11:03:53',1),(37,'Admin Items','{admin_params_conf}','Evento Eliminado 5','{\"date\":\"Fri, 20 Mar 2015 11:02:12 -0600\",\"host\":\"websiteguatemala.com:80\",\"client\":\"192.168.1.5\",\"useragent\":\"Mozilla/5.0 (Windows NT 6.1) AppleWebKit/537.36 (KHTML, like Gecko) Chrome/41.0.2272.89 Safari/537.36\",\"message\":\"A session had already been started - ignoring session_start()\",\"file\":\"PHP /var/www/www.websiteguatemala.com/www/tpp/tickets/src/models/admin/model.admin.php on line 209\"}\n','2015-03-20 11:03:12',1),(38,'Admin Users','{admin_users}','Eliminacion de usuario 5','{\"date\":\"Fri, 20 Mar 2015 11:02:18 -0600\",\"host\":\"websiteguatemala.com:80\",\"client\":\"192.168.1.5\",\"useragent\":\"Mozilla/5.0 (Windows NT 6.1) AppleWebKit/537.36 (KHTML, like Gecko) Chrome/41.0.2272.89 Safari/537.36\",\"message\":\"A session had already been started - ignoring session_start()\",\"file\":\"PHP /var/www/www.websiteguatemala.com/www/tpp/tickets/src/models/admin/model.admin.php on line 209\"}\n','2015-03-20 11:03:18',1),(39,'admin','login','Inicio de sesión correcto','{\"date\":\"Mon, 23 Mar 2015 17:19:07 -0500\",\"host\":\"localhost:80\",\"client\":\"127.0.0.1\",\"useragent\":\"Mozilla/5.0 (X11; Linux x86_64) AppleWebKit/537.36 (KHTML, like Gecko) Chrome/37.0.2062.120 Safari/537.36\",\"message\":\"preg_replace(): The /e modifier is deprecated, use preg_replace_callback instead\",\"file\":\"PHP /var/www/html/tickets/config/clib.php on line 81\"}\n','2015-03-23 17:03:07',1),(40,'Admin','sql','Cambio en parametros de configuracion ajh_admin_users ','{\"date\":\"Mon, 23 Mar 2015 17:19:39 -0500\",\"host\":\"localhost:80\",\"client\":\"127.0.0.1\",\"useragent\":\"Mozilla/5.0 (X11; Linux x86_64) AppleWebKit/537.36 (KHTML, like Gecko) Chrome/37.0.2062.120 Safari/537.36\",\"message\":\"A session had already been started - ignoring session_start()\",\"file\":\"PHP /var/www/html/tickets/src/models/admin/model.admin.php on line 801\"}\n','2015-03-23 17:03:39',1),(41,'admin','login','Inicio de sesión correcto','{\"date\":\"Mon, 23 Mar 2015 16:07:35 -0600\",\"host\":\"websiteguatemala.com:80\",\"client\":\"192.168.1.63\",\"useragent\":\"Mozilla/5.0 (X11; Linux x86_64) AppleWebKit/537.36 (KHTML, like Gecko) Chrome/37.0.2062.120 Safari/537.36\",\"message\":\"\",\"file\":\"PHP  on line \"}\n','2015-03-23 16:03:35',1),(42,'Admin Users','{admin_users}','Eliminacion de usuario 2','{\"date\":\"Mon, 23 Mar 2015 16:08:19 -0600\",\"host\":\"websiteguatemala.com:80\",\"client\":\"192.168.1.63\",\"useragent\":\"Mozilla/5.0 (X11; Linux x86_64) AppleWebKit/537.36 (KHTML, like Gecko) Chrome/37.0.2062.120 Safari/537.36\",\"message\":\"A session had already been started - ignoring session_start()\",\"file\":\"PHP /var/www/www.websiteguatemala.com/www/tpp/tickets/src/models/admin/model.admin.php on line 209\"}\n','2015-03-23 16:03:19',1),(43,'Admin Users','{admin_users}','Eliminacion de usuario 0','{\"date\":\"Mon, 23 Mar 2015 16:09:34 -0600\",\"host\":\"websiteguatemala.com:80\",\"client\":\"192.168.1.63\",\"useragent\":\"Mozilla/5.0 (X11; Linux x86_64) AppleWebKit/537.36 (KHTML, like Gecko) Chrome/37.0.2062.120 Safari/537.36\",\"message\":\"A session had already been started - ignoring session_start()\",\"file\":\"PHP /var/www/www.websiteguatemala.com/www/tpp/tickets/src/models/admin/model.admin.php on line 209\"}\n','2015-03-23 16:03:34',1),(44,'admin','login','Inicio de sesión correcto','{\"date\":\"Mon, 23 Mar 2015 16:32:11 -0600\",\"host\":\"websiteguatemala.com:80\",\"client\":\"192.168.1.63\",\"useragent\":\"Mozilla/5.0 (X11; Linux x86_64) AppleWebKit/537.36 (KHTML, like Gecko) Chrome/37.0.2062.120 Safari/537.36\",\"message\":\"\",\"file\":\"PHP  on line \"}\n','2015-03-23 16:03:11',1),(45,'admin','login','Inicio de sesión correcto','{\"date\":\"Tue, 24 Mar 2015 18:18:14 -0600\",\"host\":\"websiteguatemala.com:80\",\"client\":\"190.148.46.196\",\"useragent\":\"Mozilla/5.0 (Windows NT 6.1) AppleWebKit/537.36 (KHTML, like Gecko) Chrome/41.0.2272.101 Safari/537.36\",\"message\":\"\",\"file\":\"PHP  on line \"}\n','2015-03-24 18:03:14',1),(46,'admin','login','Inicio de sesión correcto','{\"date\":\"Thu, 26 Mar 2015 10:21:54 -0500\",\"host\":\"localhost:80\",\"client\":\"127.0.0.1\",\"useragent\":\"Mozilla/5.0 (X11; Linux x86_64) AppleWebKit/537.36 (KHTML, like Gecko) Chrome/37.0.2062.120 Safari/537.36\",\"message\":\"preg_replace(): The /e modifier is deprecated, use preg_replace_callback instead\",\"file\":\"PHP /var/www/html/tickets/config/clib.php on line 81\"}\n','2015-03-26 10:03:54',1),(47,'admin','login','Inicio de sesión correcto','{\"date\":\"Sat, 11 Apr 2015 22:26:51 -0600\",\"host\":\"websiteguatemala.com:443\",\"client\":\"190.149.121.249\",\"useragent\":\"Mozilla/5.0 (Windows NT 6.2) AppleWebKit/537.36 (KHTML, like Gecko) Chrome/41.0.2272.118 Safari/537.36\",\"message\":\"\",\"file\":\"PHP  on line \"}\n','2015-04-11 22:04:51',1),(48,'admin','login','Inicio de sesión correcto','{\"date\":\"Fri, 29 May 2015 16:15:39 -0600\",\"host\":\"websiteguatemala.com:80\",\"client\":\"192.168.1.122\",\"useragent\":\"Mozilla/5.0 (X11; Linux i686 (x86_64)) AppleWebKit/537.36 (KHTML, like Gecko) Chrome/41.0.2272.118 Safari/537.36\",\"message\":\"\",\"file\":\"PHP  on line \"}\n','2015-05-29 16:05:39',5),(49,'admin','login','Inicio de sesión correcto','{\"date\":\"Fri, 29 May 2015 16:16:05 -0600\",\"host\":\"websiteguatemala.com:80\",\"client\":\"192.168.1.122\",\"useragent\":\"Mozilla/5.0 (X11; Linux i686 (x86_64)) AppleWebKit/537.36 (KHTML, like Gecko) Chrome/41.0.2272.118 Safari/537.36\",\"message\":\"\",\"file\":\"PHP  on line \"}\n','2015-05-29 16:05:05',5),(50,'admin','login','Inicio de sesión correcto','{\"date\":\"Fri, 29 May 2015 16:17:10 -0600\",\"host\":\"websiteguatemala.com:80\",\"client\":\"192.168.1.122\",\"useragent\":\"Mozilla/5.0 (X11; Linux i686 (x86_64)) AppleWebKit/537.36 (KHTML, like Gecko) Chrome/41.0.2272.118 Safari/537.36\",\"message\":\"\",\"file\":\"PHP  on line \"}\n','2015-05-29 16:05:10',5),(51,'admin','login','Inicio de sesión correcto','{\"date\":\"Fri, 29 May 2015 16:17:54 -0600\",\"host\":\"websiteguatemala.com:80\",\"client\":\"192.168.1.122\",\"useragent\":\"Mozilla/5.0 (X11; Linux i686 (x86_64)) AppleWebKit/537.36 (KHTML, like Gecko) Chrome/41.0.2272.118 Safari/537.36\",\"message\":\"\",\"file\":\"PHP  on line \"}\n','2015-05-29 16:05:54',5),(52,'admin','login','Inicio de sesión correcto','{\"date\":\"Fri, 29 May 2015 16:56:57 -0600\",\"host\":\"websiteguatemala.com:80\",\"client\":\"192.168.1.122\",\"useragent\":\"Mozilla/5.0 (X11; Linux i686 (x86_64)) AppleWebKit/537.36 (KHTML, like Gecko) Chrome/41.0.2272.118 Safari/537.36\",\"message\":\"\",\"file\":\"PHP  on line \"}\n','2015-05-29 16:05:57',5),(53,'admin','login','Inicio de sesión correcto','{\"date\":\"Fri, 29 May 2015 17:48:29 -0600\",\"host\":\"websiteguatemala.com:80\",\"client\":\"192.168.1.122\",\"useragent\":\"Mozilla/5.0 (X11; Linux i686 (x86_64)) AppleWebKit/537.36 (KHTML, like Gecko) Chrome/41.0.2272.118 Safari/537.36\",\"message\":\"\",\"file\":\"PHP  on line \"}\n','2015-05-29 17:05:29',5),(54,'admin','login','Inicio de sesión correcto','{\"date\":\"Mon, 01 Jun 2015 16:15:53 -0600\",\"host\":\"websiteguatemala.com:80\",\"client\":\"192.168.1.122\",\"useragent\":\"Mozilla/5.0 (X11; Linux i686 (x86_64)) AppleWebKit/537.36 (KHTML, like Gecko) Chrome/41.0.2272.118 Safari/537.36\",\"message\":\"\",\"file\":\"PHP  on line \"}\n','2015-06-01 16:06:53',5),(55,'admin','login','Inicio de sesión correcto','{\"date\":\"Tue, 02 Jun 2015 08:18:24 -0600\",\"host\":\"websiteguatemala.com:80\",\"client\":\"192.168.1.122\",\"useragent\":\"Mozilla/5.0 (X11; Linux i686 (x86_64)) AppleWebKit/537.36 (KHTML, like Gecko) Chrome/41.0.2272.118 Safari/537.36\",\"message\":\"\",\"file\":\"PHP  on line \"}\n','2015-06-02 08:06:24',5),(56,'Admin Items','{admin_params_conf}','Evento Eliminado 2','{\"date\":\"Tue, 02 Jun 2015 08:29:16 -0600\",\"host\":\"websiteguatemala.com:80\",\"client\":\"192.168.1.122\",\"useragent\":\"Mozilla/5.0 (X11; Linux i686 (x86_64)) AppleWebKit/537.36 (KHTML, like Gecko) Chrome/41.0.2272.118 Safari/537.36\",\"message\":\"A session had already been started - ignoring session_start()\",\"file\":\"PHP /var/www/www.websiteguatemala.com/www/tpp/tickets/src/models/admin/model.admin.php on line 209\"}\n','2015-06-02 08:06:16',5),(57,'admin','login','Inicio de sesión correcto','{\"date\":\"Tue, 02 Jun 2015 08:55:42 -0600\",\"host\":\"websiteguatemala.com:80\",\"client\":\"192.168.1.122\",\"useragent\":\"Mozilla/5.0 (X11; Linux i686 (x86_64)) AppleWebKit/537.36 (KHTML, like Gecko) Chrome/41.0.2272.118 Safari/537.36\",\"message\":\"\",\"file\":\"PHP  on line \"}\n','2015-06-02 08:06:42',5),(58,'admin','login','Inicio de sesión correcto','{\"date\":\"Tue, 02 Jun 2015 12:06:01 -0600\",\"host\":\"websiteguatemala.com:80\",\"client\":\"192.168.1.122\",\"useragent\":\"Mozilla/5.0 (X11; Linux i686 (x86_64)) AppleWebKit/537.36 (KHTML, like Gecko) Chrome/41.0.2272.118 Safari/537.36\",\"message\":\"\",\"file\":\"PHP  on line \"}\n','2015-06-02 12:06:01',5),(59,'admin','login','Inicio de sesión correcto','{\"date\":\"Fri, 05 Jun 2015 12:16:28 -0600\",\"host\":\"websiteguatemala.com:80\",\"client\":\"192.168.1.122\",\"useragent\":\"Mozilla/5.0 (X11; Linux i686 (x86_64)) AppleWebKit/537.36 (KHTML, like Gecko) Chrome/41.0.2272.118 Safari/537.36\",\"message\":\"\",\"file\":\"PHP  on line \"}\n','2015-06-05 12:06:28',5),(60,'admin','login','Inicio de sesión correcto','{\"date\":\"Fri, 05 Jun 2015 12:35:36 -0600\",\"host\":\"websiteguatemala.com:80\",\"client\":\"192.168.1.122\",\"useragent\":\"Mozilla/5.0 (X11; Linux i686 (x86_64)) AppleWebKit/537.36 (KHTML, like Gecko) Chrome/41.0.2272.118 Safari/537.36\",\"message\":\"\",\"file\":\"PHP  on line \"}\n','2015-06-05 12:06:36',5);
/*!40000 ALTER TABLE `ajh_error_log` ENABLE KEYS */;
UNLOCK TABLES;

--
-- Table structure for table `ajh_nf`
--

DROP TABLE IF EXISTS `ajh_nf`;
/*!40101 SET @saved_cs_client     = @@character_set_client */;
/*!40101 SET character_set_client = utf8 */;
CREATE TABLE `ajh_nf` (
  `t_id` varchar(3) NOT NULL,
  `version_app` varchar(5) NOT NULL,
  `version_rules` varchar(8) NOT NULL,
  UNIQUE KEY `t_id` (`t_id`)
) ENGINE=InnoDB DEFAULT CHARSET=latin1;
/*!40101 SET character_set_client = @saved_cs_client */;

--
-- Dumping data for table `ajh_nf`
--

LOCK TABLES `ajh_nf` WRITE;
/*!40000 ALTER TABLE `ajh_nf` DISABLE KEYS */;
INSERT INTO `ajh_nf` VALUES ('nf','1.2.1','13.08.18');
/*!40000 ALTER TABLE `ajh_nf` ENABLE KEYS */;
UNLOCK TABLES;

--
-- Table structure for table `ajh_nf_admin`
--

DROP TABLE IF EXISTS `ajh_nf_admin`;
/*!40101 SET @saved_cs_client     = @@character_set_client */;
/*!40101 SET character_set_client = utf8 */;
CREATE TABLE `ajh_nf_admin` (
  `t_id` varchar(5) COLLATE utf8_unicode_ci NOT NULL,
  `name` varchar(15) COLLATE utf8_unicode_ci NOT NULL,
  `password` varchar(40) COLLATE utf8_unicode_ci NOT NULL,
  `email` varchar(70) COLLATE utf8_unicode_ci NOT NULL,
  `login_alert` tinyint(1) NOT NULL,
  `login_ssl` tinyint(1) NOT NULL,
  UNIQUE KEY `t_id` (`t_id`),
  KEY `name` (`name`)
) ENGINE=InnoDB DEFAULT CHARSET=utf8 COLLATE=utf8_unicode_ci;
/*!40101 SET character_set_client = @saved_cs_client */;

--
-- Dumping data for table `ajh_nf_admin`
--

LOCK TABLES `ajh_nf_admin` WRITE;
/*!40000 ALTER TABLE `ajh_nf_admin` DISABLE KEYS */;
INSERT INTO `ajh_nf_admin` VALUES ('admin','N1njadm1n@','aa25e32a8b566579e46a7174277899abbb508f25','jamart87@hotmail.com',1,0);
/*!40000 ALTER TABLE `ajh_nf_admin` ENABLE KEYS */;
UNLOCK TABLES;

--
-- Table structure for table `ajh_nf_options`
--

DROP TABLE IF EXISTS `ajh_nf_options`;
/*!40101 SET @saved_cs_client     = @@character_set_client */;
/*!40101 SET character_set_client = utf8 */;
CREATE TABLE `ajh_nf_options` (
  `t_id` varchar(7) NOT NULL,
  `enabled` tinyint(1) NOT NULL,
  `debug` tinyint(4) NOT NULL,
  `application` varchar(200) NOT NULL,
  UNIQUE KEY `t_id` (`t_id`)
) ENGINE=InnoDB DEFAULT CHARSET=utf8;
/*!40101 SET character_set_client = @saved_cs_client */;

--
-- Dumping data for table `ajh_nf_options`
--

LOCK TABLES `ajh_nf_options` WRITE;
/*!40000 ALTER TABLE `ajh_nf_options` DISABLE KEYS */;
INSERT INTO `ajh_nf_options` VALUES ('options',0,0,'generic|option');
/*!40000 ALTER TABLE `ajh_nf_options` ENABLE KEYS */;
UNLOCK TABLES;

--
-- Table structure for table `ajh_nf_rules`
--

DROP TABLE IF EXISTS `ajh_nf_rules`;
/*!40101 SET @saved_cs_client     = @@character_set_client */;
/*!40101 SET character_set_client = utf8 */;
CREATE TABLE `ajh_nf_rules` (
  `id` int(11) NOT NULL,
  `who` varchar(20) COLLATE utf8_unicode_ci NOT NULL,
  `where` varchar(200) COLLATE utf8_unicode_ci NOT NULL,
  `what` varchar(500) COLLATE utf8_unicode_ci NOT NULL,
  `why` varchar(200) COLLATE utf8_unicode_ci NOT NULL,
  `level` tinyint(4) NOT NULL,
  `enabled` tinyint(1) NOT NULL,
  UNIQUE KEY `id` (`id`),
  KEY `who` (`who`)
) ENGINE=InnoDB DEFAULT CHARSET=utf8 COLLATE=utf8_unicode_ci;
/*!40101 SET character_set_client = @saved_cs_client */;

--
-- Dumping data for table `ajh_nf_rules`
--

LOCK TABLES `ajh_nf_rules` WRITE;
/*!40000 ALTER TABLE `ajh_nf_rules` DISABLE KEYS */;
INSERT INTO `ajh_nf_rules` VALUES (1,'generic','GET|POST|HTTP_COOKIE|HTTP_USER_AGENT','(?:\\.{2}[\\\\/]{1,4}){2}\\b','Directory traversal',3,1),(2,'generic','GET|POST|HTTP_COOKIE|HTTP_USER_AGENT|REQUEST_URI|PHP_SELF|PATH_INFO','%00|\\x00','NULL byte character',3,1),(3,'generic','GET|POST|HTTP_COOKIE|HTTP_USER_AGENT','[.\\\\/]/(?:proc/self/|etc/passwd)\\b','Local file inclusion',2,1),(50,'generic','GET|POST|HTTP_COOKIE|HTTP_USER_AGENT','^(?i:https?|ftp)://.+/[^&/]+\\?$','Remote file inclusion',3,1),(51,'generic','GET|POST|HTTP_COOKIE|HTTP_USER_AGENT','^(?i:https?)://\\d{1,3}\\.\\d{1,3}\\.\\d{1,3}\\.\\d{1,3}','Remote file inclusion (URL IP)',2,1),(52,'generic','GET|POST|HTTP_COOKIE|HTTP_USER_AGENT','\\b(?i:include|require)(?i:_once)?\\s*\\([^)]*(?i:https?|ftp)://','Remote file inclusion (via require/include)',3,1),(53,'generic','GET|POST|HTTP_COOKIE|HTTP_USER_AGENT','^(?i:ftp)://(?:.+?:.+?\\@)?[^/]+/.','Remote file inclusion (FTP)',2,1),(100,'generic','GET|POST|REQUEST_URI|HTTP_COOKIE|HTTP_USER_AGENT|HTTP_REFERER','<\\s*/?(?i:applet|div|embed|i?frame(?:set)?|img|meta|marquee|object|script|textarea)\\b.*?>','XSS (HTML tag)',2,1),(101,'generic','GET|HTTP_COOKIE|HTTP_USER_AGENT|HTTP_REFERER','\\W(?:background(-image)?|-moz-binding)\\s*:[^}]*?\\burl\\s*\\([^)]+?://','XSS (remote background URI)',3,1),(102,'generic','GET|HTTP_COOKIE|HTTP_USER_AGENT|HTTP_REFERER','(?i:<[^>]+?(?:data|href|src)\\s*=\\s*[\'\"]?(?:https?|data|php|(?:java|vb)script):)','XSS (remote URI)',3,1),(103,'generic','GET|HTTP_COOKIE|HTTP_USER_AGENT|HTTP_REFERER','\\b(?i:on(?i:abort|blur|(?:dbl)?click|dragdrop|error|focus|key(?:up|down|press)|(?:un)?load|mouse(?:down|out|over|up)|move|res(?:et|ize)|select|submit))\\b\\s*=','XSS (HTML event)',2,1),(104,'generic','GET|POST|HTTP_COOKIE|HTTP_USER_AGENT|HTTP_REFERER','[:=\\]]\\s*[\'\"]?(?:alert|confirm|eval|expression|prompt|String\\.fromCharCode|url)\\s*\\(','XSS (JS function)',3,1),(105,'generic','GET|POST|HTTP_COOKIE|HTTP_USER_AGENT|HTTP_REFERER','\\bdocument\\.(?:body|cookie|location|open|write(?:ln)?)\\b','XSS (document object)',2,1),(106,'generic','GET|POST|HTTP_COOKIE|HTTP_USER_AGENT|HTTP_REFERER','\\blocation\\.(?:href|replace)\\b','XSS (location object)',2,1),(107,'generic','GET|POST|HTTP_COOKIE|HTTP_USER_AGENT|HTTP_REFERER','\\bwindow\\.(?:open|location)\\b','XSS (window object)',2,1),(108,'generic','GET|POST|HTTP_COOKIE|HTTP_USER_AGENT|HTTP_REFERER','(?i:style)\\s*=\\s*[\'\"]?[^\'\"]+/\\*','XSS (obfuscated style)',3,1),(109,'generic','GET|POST|HTTP_COOKIE|HTTP_USER_AGENT|HTTP_REFERER','^/?>','XSS (leading greater-than sign)',2,1),(110,'generic','QUERY_STRING','(?:%%\\d\\d%\\d\\d){5}','XSS (double nibble)',2,1),(111,'generic','GET|POST|REQUEST_URI|HTTP_COOKIE|HTTP_USER_AGENT|HTTP_REFERER','(\\+|\\%2B)A(Dw|ACIAPgA8)-.+?(\\+|\\%2B)AD4(APAAi)?-','XSS (UTF-7)',2,1),(150,'generic','GET|POST','[\\n\\r]\\s*\\b(?:(?:reply-)?to|b?cc|content-[td]\\w)\\b\\s*:.*?\\@','Mail header injection',2,1),(151,'generic','GET|POST','^[\\x0d\\x0a]{1,2}[-a-zA-Z0-9]+:\\s*\\w+','HTTP header injection',2,1),(152,'generic','HTTP_COOKIE|HTTP_USER_AGENT|HTTP_REFERER','[\\x0d\\x0a]','HTTP header injection (CR/LF)',2,1),(153,'generic','GET|POST|HTTP_COOKIE|HTTP_USER_AGENT|HTTP_REFERER','<!--#(?:config|echo|exec|flastmod|fsize|include)\\b.+?-->','SSI command injection',2,1),(154,'generic','HTTP_COOKIE|HTTP_USER_AGENT|HTTP_REFERER','(?s:<\\?.+)|#!/(?:usr|bin)/.+?\\s','Code Injection',3,1),(155,'generic','GET|POST','(?s:<\\?(?![Xx][Mm][Ll]).*?(?:\\$_?(?:COOKIE|ENV|FILES|GLOBALS|(?:GE|POS|REQUES)T|SE(RVER|SSION))\\s*[=\\[]|\\b(?i:array_map|base64_(?:de|en)code|eval|file(?:_get_contents)?|fsockopen|gzinflate|move_uploaded_file|passthru|preg_replace|phpinfo|system|(?:shell_)?exec)\\s*\\()|\\x60.+?\\x60)|#!/(?:usr|bin)/.+?\\s','Code Injection',3,1),(156,'generic','GET|POST','\\b(?i:eval)\\s*\\(\\s*(?i:base64_decode|exec|file_get_contents|gzinflate|passthru|shell_exec|stripslashes|system)\\s*\\(','Code Injection #2',2,1),(157,'generic','GET:fltr',';','Code injection (phpThumb)',3,1),(158,'generic','GET:file_to_serve','flowplayer/3\\.1\\.1/flowplayer-3\\.1\\.1\\.min.js','Code injection (OpenX backdoor)',3,1),(200,'generic','GET|POST|HTTP_COOKIE','^(?i:admin(?:istrator)?)[\'\"].*?(?:--|#|/\\*)','SQL injection (admin login attempt)',3,1),(201,'generic','GET|POST','\\b(?i:[-\\w]+@(?:[-a-z0-9]+\\.)+[a-z]{2,8}\'.{0,20}\\band\\b.{0,20}=[\\s/*]*\')','SQL injection (user login attempt)',3,1),(202,'generic','GET:username|POST:username','[#\'\"=(),<>/\\\\*\\x60]','SQL injection (username)',3,1),(204,'generic','GET|POST|HTTP_COOKIE|HTTP_USER_AGENT|HTTP_REFERER','\\b(?i:and|or|having)\\b.+?[\'\"]?(\\w+)[\'\"]?\\s*=\\s*[\'\"]?\\1','SQL injection (equal operator)',3,1),(205,'generic','GET|POST','(?i:(?:\\b(?:and|or|union)\\b|;|\').*?\\bfrom\\b.+?information_schema\\b)','SQL injection (information_schema)',3,1),(206,'generic','GET|POST','/\\*\\*/(?i:and|from|limit|or|select|union|where)/\\*\\*/','SQL injection (comment obfuscation)',3,1),(207,'generic','GET|POST','^[-\\d\';].+\\w.+(?:--|#|/\\*)\\s*$','SQL injection (trailing comment)',3,1),(208,'generic','HTTP_COOKIE|HTTP_USER_AGENT|HTTP_REFERER','(?i:(?:\\b(?:and|or|union)\\b|;|\').*?\\b(?:alter|create|delete|drop|grant|information_schema|insert|load|rename|select|truncate|update)\\b)','SQL injection',1,1),(209,'generic','GET|POST','(?i:(?:\\b(?:and|or|union)\\b|;|\').*?(?:\\ball\\b.+?)?\\bselect\\b.+?\\b(?:and\\b|from\\b|limit\\b|where\\b|\\@?\\@?version\\b|(?:user|benchmark|char|count|database|(?:group_)?concat(?:_ws)?|floor|md5|rand|substring|version)\\s*\\(|--|/\\*|#$))','SQL injection (select)',3,1),(210,'generic','GET|POST','(?i:(?:\\b(?:and|or|union)\\b|;|\').*?(?:\\ball\\b.+?)?\\binsert\\b.+?\\binto\\b.*?\\([^)]+\\).+?values.*?\\()','SQL injection (insert)',3,1),(211,'generic','GET|POST','(?i:(?:\\b(?:and|or|union)\\b|;|\').*?\\bupdate\\b.+?\\bset\\b.+?=)','SQL injection (update)',3,1),(212,'generic','GET|POST','(?i:(?:\\b(?:and|or|union)\\b|;|\').*?\\bgrant\\b.+?\\bon\\b.+?to\\s+)','SQL injection (grant)',3,1),(213,'generic','GET|POST','(?i:(?:\\b(?:and|or|union)\\b|;|\').*?\\bdelete\\b.+?\\bfrom\\b.+)','SQL injection (delete)',3,1),(214,'generic','GET|POST','(?i:(?:\\b(?:and|or|union)\\b|;|\').*?\\b(alter|create|drop)\\b.+?(?:DATABASE|FUNCTION|INDEX|PROCEDURE|SCHEMA|TABLE|TRIGGER|VIEW)\\b.+?)','SQL injection (alter/create/drop)',3,1),(215,'generic','GET|POST','(?i:(?:\\b(?:and|or|union)\\b|;|\').*?\\b(?:rename|truncate)\\b.+?table)','SQL injection (rename/truncate)',3,1),(216,'generic','GET|POST','(?i:(?:\\b(?:and|or|union)\\b|;|\').*?\\bselect\\b.+?\\b(?:into\\b.+?(?:(?:dump|out)file|\\@[\'\"\\x60]?\\w+)|load_file))\\b','SQL injection (select into/load_file)',3,1),(217,'generic','GET|POST','(?i:(?:\\b(?:and|or|union)\\b|;|\').*?load\\b.+?\\bdata\\b.+?\\binfile\\b.+?\\binto)\\b','SQL injection (load)',3,1),(250,'generic','HTTP_HOST','[^-a-zA-Z0-9._:\\[\\]]','Malformed Host header',2,1),(300,'generic','GET|POST','^[\'\"]','Leading quote',2,1),(301,'generic','GET','^[\\x09\\x20]','Leading space',1,1),(302,'generic','QUERY_STRING|PATH_INFO','\\bHTTP_RAW_POST_DATA|HTTP_(?:POS|GE)T_VARS\\b','PHP variable',2,1),(303,'generic','SCRIPT_NAME','phpinfo\\.php','Attempt to access phpinfo.php',1,1),(304,'generic','SCRIPT_NAME','/scripts/(?:setup|signon)\\.php','phpMyAdmin hacking attempt',2,1),(305,'generic','SCRIPT_NAME','\\.ph(?:p[2-6]?|tml)\\..+?','PHP handler obfuscation',3,1),(306,'generic','GET:mosConfig_absolute_path|POST:mosConfig_absolute_path','.','mosConfig_absolute_path override attempt',3,1),(307,'generic','GET:mosConfig_live_site|POST:mosConfig_live_site','.','mosConfig_live_site override attempt',3,1),(308,'generic','GET:mosConfig_cachepath|POST:mosConfig_cachepath','.','mosConfig_cachepath override attempt',3,1),(309,'generic','QUERY_STRING|PATH_INFO|HTTP_COOKIE|HTTP_USER_AGENT|HTTP_REFERER','\\b(?:\\$?_(COOKIE|ENV|FILES|(?:GE|POS|REQUES)T|SE(RVER|SSION))|HTTP_(?:(?:POST|GET)_VARS|RAW_POST_DATA)|GLOBALS)\\s*[=\\[]','PHP predefined variables',2,1),(310,'generic','HTTP_USER_AGENT','(?i:acunetix|analyzer|AhrefsBot|backdoor|bandit|blackwidow|BOT for JCE|collect|core-project|dts agent|emailmagnet|ex(?:ploi|extrac)t?|flood|grabber|harvest|httrack|havij|hunter|indy library|inspect|Microsoft URL Control|mj12bot|morfeus|nessus|pmafind|scanner|siphon|sqlmap|survey|teleport)','Bad User-agent',1,1),(311,'generic','SCRIPT_NAME','/tiny_?mce/plugins/spellchecker/classes/','TinyMCE path disclosure',2,1),(312,'generic','HTTP_X_FORWARDED_FOR','[^.0-9a-f:\\x20,unkow]','Non-compliant X_FORWARDED_FOR',1,1),(350,'generic','SCRIPT_NAME','(?i:bypass|c99(?:madShell|ud)?|c100|cookie_(?:usage|setup)|diagnostics|dump|endix|gifimg|goog[l1]e.+[\\da-f]{10}|imageth|imlog|r5[47]|safe0ver|sniper|(?:jpe?g|gif|png))\\.ph(?:p[2-6]?|tml)','Shell/backdoor',3,1),(351,'generic','GET:nixpasswd|POST:nixpasswd','^.?','Shell/backdoor (nixpasswd)',3,1),(352,'generic','QUERY_STRING','\\bact=img&img=\\w','Shell/backdoor (img)',3,1),(353,'generic','QUERY_STRING','\\bc=img&name=\\w','Shell/backdoor (name)',3,1),(354,'generic','QUERY_STRING','^image=(?:arrow|file|folder|smiley)$','Shell/backdoor (image)',3,1),(355,'generic','HTTP_COOKIE','\\buname=.+?;\\ssysctl=','Shell/backdoor (cookie)',3,1),(356,'generic','POST:sql_passwd|GET:sql_passwd','.','Shell/backdoor (sql_passwd)',3,1),(357,'generic','POST:nowpath','^.?','Shell/backdoor (nowpath)',3,1),(358,'generic','POST:view_writable','^.?','Shell/backdoor (view_writable)',3,1),(359,'generic','HTTP_COOKIE','\\bphpspypass=','Shell/backdoor (phpspy)',3,1),(360,'generic','POST:a','^(?:Bruteforce|Console|Files(?:Man|Tools)|Network|Php|SecInfo|SelfRemove|Sql|StringTools)$','Shell/backdoor (a)',3,1),(361,'generic','POST:nst_cmd','^.','Shell/backdoor (nstview)',3,1),(362,'generic','POST:cmd','^(?:c(?:h_|URL)|db_query|echo\\s\\\\.*|(?:edit|download|save)_file|find(?:_text|\\s.+)|ftp_(?:brute|file_(?:down|up))|mail_file|mk|mysql(?:b|_dump)|php_eval|ps\\s.*|search_text|safe_dir|sym[1-2]|test[1-8]|zend)$','Shell/backdoor (cmd)',2,1),(363,'generic','GET:p','^(?:chmod|cmd|edit|eval|delete|headers|md5|mysql|phpinfo|rename)$','Shell/backdoor (p)',3,1),(364,'generic','QUERY_STRING','^act=(?:bind|cmd|encoder|eval|feedback|ftpquickbrute|gofile|ls|mkdir|mkfile|processes|ps_aux|search|security|sql|tools|update|upload)&d=%2F','Shell/backdoor (act)',3,1),(500,'option','GET|POST|HTTP_COOKIE|HTTP_USER_AGENT|HTTP_REFERER','[\\x01-\\x08\\x0e-\\x1f]','Disallowed ASCII characters',2,1),(520,'option','GET|POST|HTTP_COOKIE|HTTP_USER_AGENT|HTTP_REFERER','\\b(?i:php://[a-z].+?|\\bdata:/?/?(?:[a-z]+/[-.+a-z]+)?;base64,)','PHP wrappers',3,1),(1000,'cscart','SCRIPT_NAME','/(?:config(?:\\.local)?|init)\\.php','CS-Cart: unauthorised access to a PHP script',3,1),(1001,'cscart','SCRIPT_NAME','/(?:addons|cache|controllers|core|images|install|js|lib|shippings|skins|var)/','CS-Cart: unauthorised access to a PHP script',2,1),(1002,'cscart','GET:product_id|POST:product_id','\\D','CS-Cart: SQL injection (product_id)',3,1),(1050,'drupal','SCRIPT_NAME','/modules/simpletest/tests/upgrade/','Drupal: path disclosure attempt',2,1),(1051,'drupal','SCRIPT_NAME','/(?:includes|misc|modules|profiles|scripts|themes)/','Drupal: unauthorised access to a PHP script',2,1),(1100,'joomla','SCRIPT_NAME','/(?:index\\d|version|configuration|INSTALL|phpmailer\\.lang-joomla|system/error)\\.php','Joomla: unauthorised access to a PHP script',2,1),(1101,'joomla','SCRIPT_NAME','/(?:cache|images|logs|media|te?mp|backups)/','Joomla: unauthorised access to a PHP script',2,1),(1102,'joomla','GET:Itemid|POST:Itemid','\\D','Joomla: SQL injection (Itemid)',3,1),(1103,'joomla','GET|POST|HTTP_USER_AGENT','\\bjos_users\\b','Joomla: SQL injection (jos_users)',2,1),(1104,'joomla','GET:user_id|POST:user_id','\\D','Joomla: SQL injection (user_id)',3,1),(1105,'joomla','GET:cat_id|POST:cat_id','\\D','Joomla: SQL injection (cat_id)',3,1),(1150,'virtuemart','GET:category_id|POST:category_id','\\D','VirtueMart: SQL injection (category_id)',2,1),(1151,'virtuemart','GET:product_id|POST:product_id','\\D','VirtueMart: SQL injection (product_id)',2,1),(1152,'virtuemart','GET:page|POST:page','[^\\w.]','VirtueMart: SQL injection (page)',1,1),(1200,'magento','SCRIPT_NAME','/(?:[Cc]onfig|install)\\.php','Magento: unauthorised access to a PHP script',2,1),(1201,'magento','SCRIPT_NAME','/(?:app|cache|includes|js(?!/index\\.php)|lib|media|pkginfo|var)/','Magento: unauthorised access to a PHP script',2,1),(1202,'magento','GET|POST','\\badmin_user\\b','Magento: SQL injection (admin_user)',2,1),(1250,'oscommerce','PATH_INFO','\\.php','osCommerce: admin authentication bypass',3,1),(1251,'oscommerce','SCRIPT_NAME','/(?:cache|download|images|includes|pub|te?mp(?:lates)?|backups)/','osCommerce: unauthorised access to a PHP script',2,1),(1252,'oscommerce','SCRIPT_NAME','(?:configure|application_top)\\.php','osCommerce: unauthorised access to a PHP script',3,1),(1253,'oscommerce','GET:products_id|POST:products_id','[^-.\\w:]','osCommerce: SQL injection (products_id)',3,1),(1254,'oscommerce','GET:option_order_by|POST:option_order_by','[^-.\\w:]','osCommerce: SQL injection (option_order_by)',3,1),(1255,'oscommerce','GET:typefilter|POST:typefilter','[^-.\\w:]','osCommerce: Local file inclusion',3,1),(1256,'oscommerce','GET:loader_file|POST:loader_file','[\\\\/]','osCommerce: Local file inclusion',2,1),(1257,'oscommerce','GET:file|POST:file','^db_comm-\\d+\\.sql','osCommerce: Download backup vulnerability',2,1),(1258,'oscommerce','GET:autoLoadConfig|POST:autoLoadConfig','.','osCommerce: autoLoadConfig override attempt',3,1),(1259,'oscommerce','GET:url','file://','ZenCart: curltest.php file include',2,1),(1300,'prestashop','SCRIPT_NAME','/(?:cache|config|css|docs|download|img|install|js|localization|log|mails|modules|override|themes|tools|translations|upload)/','Prestashop: unauthorised access to a PHP script',2,1),(1301,'prestashop','SCRIPT_NAME','/(?:product-sort|pagination)\\.php','Prestashop: path disclosure attempt',3,1),(1302,'prestashop','POST:id_product|GET:id_product','\\D','Prestashop: SQL injection (id_product)',3,1),(1303,'prestashop','POST:id_category|GET:id_category','\\D','Prestashop: SQL injection (id_category)',3,1),(1304,'prestashop','GET:rewrited_url','//','Prestashop: Remote file inclusion (rewrited_url)',3,1),(1305,'prestashop','GET|POST','\\bps_(?:customer|employee)\\b','Prestashop: SQL injection (ps_customer/ps_employee)',2,1),(1350,'wordpress','SCRIPT_NAME','/wp-admin/(?:css|images|includes|js)/|/wp-includes/(?:(?:css|images|js|theme-compat)/|[^/]+\\.php)|/wp-content/uploads/|/cache/','WordPress: unauthorised access to a PHP script #1',2,1),(1351,'wordpress','SCRIPT_NAME','/(?:wp-admin/(?:install|update|upgrade)|(?:setup|wp)-config)\\.php','WordPress: unauthorised access to a PHP script #2',2,1),(1352,'wordpress','GET:ABSPATH|POST:ABSPATH','//','WordPress: Remote file inclusion (ABSPATH)',3,1),(1353,'wordpress','POST:cs1','\\D','WordPress: SQL injection (e-Commerce:cs1)',3,1),(1354,'wordpress','GET','\\b(?:wp_(?:users|options)|ninjawp_options|nfw_rules)\\b','WordPress: SQL injection (WP tables)',2,1),(1355,'wordpress','SCRIPT_NAME','/wp-content/plugins/buddypress/bp-(?:blogs|xprofile/bp-xprofile-admin|themes/bp-default/members/index)\\.php','WordPress: path disclosure (buddypress)',2,1),(1356,'wordpress','SCRIPT_NAME','ToolsPack\\.php','WordPress: ToolsPack backdoor',3,1),(1357,'wordpress','SCRIPT_NAME','preview-shortcode-external\\.php','WordPress: WooThemes WooFramework exploit',3,1),(1358,'wordpress','GET','wp-config\\.php','WordPress: Access to wp-config.php',2,1),(2000,'tpp-silex','Upload Files','file','Remote File Upload',3,0);
/*!40000 ALTER TABLE `ajh_nf_rules` ENABLE KEYS */;
UNLOCK TABLES;

--
-- Table structure for table `ajh_template`
--

DROP TABLE IF EXISTS `ajh_template`;
/*!40101 SET @saved_cs_client     = @@character_set_client */;
/*!40101 SET character_set_client = utf8 */;
CREATE TABLE `ajh_template` (
  `id` int(11) NOT NULL AUTO_INCREMENT,
  `name` varchar(150) COLLATE utf8_spanish2_ci NOT NULL,
  `title` varchar(150) COLLATE utf8_spanish2_ci NOT NULL,
  `register_date` datetime NOT NULL,
  `state` tinyint(4) NOT NULL DEFAULT '0' COMMENT '0=inactive,1=active',
  PRIMARY KEY (`id`),
  UNIQUE KEY `name` (`name`)
) ENGINE=MyISAM AUTO_INCREMENT=2 DEFAULT CHARSET=utf8 COLLATE=utf8_spanish2_ci;
/*!40101 SET character_set_client = @saved_cs_client */;

--
-- Dumping data for table `ajh_template`
--

LOCK TABLES `ajh_template` WRITE;
/*!40000 ALTER TABLE `ajh_template` DISABLE KEYS */;
INSERT INTO `ajh_template` VALUES (1,'template_home','template_home','2013-12-20 00:00:00',1);
/*!40000 ALTER TABLE `ajh_template` ENABLE KEYS */;
UNLOCK TABLES;

--
-- Table structure for table `boleto`
--

DROP TABLE IF EXISTS `boleto`;
/*!40101 SET @saved_cs_client     = @@character_set_client */;
/*!40101 SET character_set_client = utf8 */;
CREATE TABLE `boleto` (
  `boleto_id` int(11) NOT NULL AUTO_INCREMENT,
  `numero` int(11) DEFAULT NULL,
  `posicion` varchar(45) DEFAULT NULL,
  `numeroMesa` int(11) DEFAULT NULL,
  `qr` text,
  `estado` int(11) DEFAULT NULL,
  `cliente_cliente_id` int(11) DEFAULT NULL,
  `mesa_mesa_id` int(11) DEFAULT NULL,
  `localidad_localidad_id` int(11) NOT NULL,
  PRIMARY KEY (`boleto_id`),
  KEY `fk_boleto_mesa1_idx` (`mesa_mesa_id`),
  KEY `fk_boleto_localidad1_idx` (`localidad_localidad_id`),
  KEY `cliente_cliente_id` (`cliente_cliente_id`),
  CONSTRAINT `fk_boleto_cliente1` FOREIGN KEY (`cliente_cliente_id`) REFERENCES `cliente` (`cliente_id`) ON DELETE NO ACTION ON UPDATE NO ACTION,
  CONSTRAINT `fk_boleto_localidad1` FOREIGN KEY (`localidad_localidad_id`) REFERENCES `localidad` (`localidad_id`) ON DELETE NO ACTION ON UPDATE NO ACTION,
  CONSTRAINT `fk_boleto_mesa1` FOREIGN KEY (`mesa_mesa_id`) REFERENCES `mesa` (`mesa_id`) ON DELETE NO ACTION ON UPDATE NO ACTION
) ENGINE=InnoDB DEFAULT CHARSET=utf8;
/*!40101 SET character_set_client = @saved_cs_client */;

--
-- Dumping data for table `boleto`
--

LOCK TABLES `boleto` WRITE;
/*!40000 ALTER TABLE `boleto` DISABLE KEYS */;
/*!40000 ALTER TABLE `boleto` ENABLE KEYS */;
UNLOCK TABLES;

--
-- Table structure for table `cliente`
--

DROP TABLE IF EXISTS `cliente`;
/*!40101 SET @saved_cs_client     = @@character_set_client */;
/*!40101 SET character_set_client = utf8 */;
CREATE TABLE `cliente` (
  `cliente_id` int(11) NOT NULL AUTO_INCREMENT,
  `nombres` varchar(75) DEFAULT NULL,
  `apellidos` varchar(75) DEFAULT NULL,
  `direccion` varchar(175) DEFAULT NULL,
  `telefono` varchar(45) DEFAULT NULL,
  `departamento_id` int(11) NOT NULL,
  `nit` varchar(45) DEFAULT NULL,
  `usuario` varchar(45) DEFAULT NULL,
  `correo` varchar(75) DEFAULT NULL,
  `clave` varchar(45) DEFAULT NULL,
  `cash` int(11) DEFAULT NULL,
  `qr` varchar(100) NOT NULL,
  `genero` int(11) DEFAULT NULL,
  `identificacion` varchar(75) DEFAULT NULL,
  `nacimiento` date DEFAULT NULL,
  `foto` varchar(50) NOT NULL,
  `estado` int(11) DEFAULT NULL,
  `token` varchar(100) DEFAULT NULL,
  `token_reestablecer` varchar(100) NOT NULL,
  `ultima_sesion` datetime NOT NULL,
  `noticias` int(11) NOT NULL,
  PRIMARY KEY (`cliente_id`)
) ENGINE=InnoDB AUTO_INCREMENT=467 DEFAULT CHARSET=utf8;
/*!40101 SET character_set_client = @saved_cs_client */;

--
-- Dumping data for table `cliente`
--

LOCK TABLES `cliente` WRITE;
/*!40000 ALTER TABLE `cliente` DISABLE KEYS */;
INSERT INTO `cliente` VALUES (1,'Carlos Anibal','Rafael Loarca','5ta. Av. 6-66 zona 6','12345662',23,'3216547','carlosrafael','cloarca.ios@gmail.com','e99a18c428cb38d5f260853678922e03',0,'YTQVgilY2jNmQYmmGZjYBQjY44WQhO5hMDY2m4NQgzYmYZzNRQNlRY5MNNMm=N=m1hGm4IxTFjQzZymZy2hA2ZM2',1,'321654987','1980-03-06','',1,'GOYTM1DYzZEjWMjUQZTDUzYMNjZZj2=lwjD0hYM0mj0j=UE4kNcNNNZUNYTNYkYzM2xTTcG4dARj15jTmITYzlyB','','2015-06-05 11:38:09',0),(2,'Carlos Enrique','Rafael Loarca','6 calle 6-66 zona 6','12346578',34,'123465','0','caraloscuro@gmail.com','1234',0,'YjUwOWM3NjAzYzljYWI3MDEwYjc0YjMzYmNiN2I2ZTAwZTU1MzNhZWZmOTg1NjZlYTdiOWZlZmExMmRlMDU1Yw==',1,'321as654','1992-03-19','/images/fotos/ODdkOTFiNTExMWZlNDk22.jpg',1,'YjUwOWM3NjAzYzljYWI3MDEwYjc0YjMzYmNiN2I2ZTAwZTU1MzNhZWZmOTg1NjZlYTdiOWZlZmExMmRlMDU1Yw==','','2015-03-19 16:19:52',0),(6,'Diego','Valle','Ciudad','12345678',1,'12345678','0','diebevares@hotmail.es','1ccfcf9a98a3c0d341c04ad6d0a52c91',0,'',1,'tegua','2015-04-15','/images/fotos/clientes/MhyzGmw5W3llYmRIzTDEi.jpg',1,'ThAzMEVjh2WQZT=DMwVIjRZWMNENhmGElyRNWyT5ZzDNN2mAY4h=WZTZzJlNMWQMNlDMQMxYwExNiZTmJTEwMJNh','','2015-05-02 21:19:44',1),(9,'Hector','Diaz','Zona 8 Mixco','54456751',1,'14176820','0','hectordiaz.rev@gmail.com','1052fc3b39cc25936a9927f5b1c1140c',0,'',1,'5190146856','2015-05-27','/images/fotos/clientes/jRINMMY3hAjWDAF001TO0.jpg',1,'mEzGDDmYj=ZjhjNTEwTGQNjYWMZyY35Y1MVY2jWzNjO3OljIm5U=iVhMNM3FNZ2OdYNjZNdwgmjDZTNl4NMGAxNN','','2015-05-11 17:05:59',0),(21,'Carlos','Ruiz','2da Calle 3-14 zona 10','54245341',1,'512423541','pescadoruiz','cloarca@innerorbitstudios.com','8e479a7ceccdbe459ac5c7fe081a5010',0,'',1,'3215','1984-01-01','/images/fotos/ODdkOTFiNTExMWZlNDk22.jpg',3,'YTI1MjdlMDFmNDU2OGIzMWQ3YTY1NjkzNzkyNGM0Njc2ZWY2NTIwMmU0MDVmMTkxMDhlN2I5YmIzZWRmOGRlMw==','','2015-06-05 11:15:51',1),(26,'Humberto Antonio','Herrador Reyes','7 avenidad 4-53 zona 4 linda vista Villa Nueva','66305629',1,'87805022','0','wherrador.ios@gmail.com','4297f44b13955235245b2497399d7a93',0,'OgMTQYmF2k2TZOF3WgVYGNiA0ZN3ZkDMDMD11kjYMmOljTTzZZO=TmEmNYMkgz5lAzz3ZTzRYImOg=iODjMWGQjR',1,'2214940300101','1988-01-20','/images/fotos/clientes/lYNMTDIkV2ZjYM2DQAWFc.jpg',1,'zWTNYOW4DwxZhdMTNZzMy2M=5TxkYDOiMYThTmglVllTOMxNUN3W1NWMGYg12yWMRiQNBWZjQk4MTkJkYmNAkz=M','','2015-05-31 07:48:44',1),(40,'Enrique','Descamps','18 calle 24-69 zona 10 oficina 1011','+50253144545',1,'319046-3','0','enriquedescamps@gmail.com','d9aea5d673cf3ed916723d837649e012',0,'DEOYmIhNAGNx=0MjMU1jzgZ31O=YTQY15NYlMANI4VjZQjOZlj5yM5M2YWTVTZDTcjwTN5INmWMl1ghji4mTMNZz',1,'1703778730101','1990-03-08','/images/fotos/clientes/MMlNm2AYVNlzZwMWN=Odo.jpg',1,'1xNDYTxRMjW=0OZZTDF4UzYNZIjiY4UYT4DOZGJINlTk4jjdw2kj0ZTZ=AIjYZkIDz4kMT2lZZ2VNYONkykYzUcz','','2015-06-05 11:35:54',1),(41,'Jose','Flores','9 calle 11- 57 zona 14','50230213697',1,'5791388-9','0','jflores@kliktickets.com','f890eba47df230897d916eeb1c36d0c6',0,'lNMmVTkyMzGmjNmANjDmYhw5jZjZ=OjiWOYyNlY0ENNFVTDG1i5ZDMJlhDzgOjDjNWZNjlNRBxkMkkD=kYRZMJky',1,'a1 1124016','1983-10-28','/images/fotos/clientes/zDyNBWz2jDM0YMDDxMT=d.jpg',1,'zy2YF3YNNYj0Y2lMTEwmGmjNUNBORTYT5YlyYmYkTkYzEMMOZjhzW=NJG1DTz4NORFmlTIMNmjFkgWD=JNGZjZmY','','2015-06-04 19:21:26',0),(42,'Alejandro','Recinos Abularach','1 av 7-85 zona 14','53644548',1,'C/F','0','alerecinosabu@gmail.com','787344f6a093ca8dce5ff941602ebc5f',0,'khTYcjjMYdNYQNYxIlNGxZZOylDiGNZjM=ElzcFDZYWjkwTkYzYT0=5hmM02Zi4DDEAOTYVMT5MhNMAxFDzGNIkz',1,'2515 79824 0101','1989-06-14','/images/fotos/clientes/QlNlhZyEgTkh=kj5JNDFn.jpg',1,'3zNMc0Yg3MMQQMNjkY4F=4MxDIN=ZIDM4Tj5AVZUmDh2NjDMyNyMcmZOTw4TmcWMMO01jhMmDycNNkmIkOZO3jYG','','2015-06-02 16:16:29',1),(43,'Cristina','Rodriguez Allen','6 ave 9-45 zona 10 ','59182744',1,'7848003-5 ','0','crodriguezallen@gmail.com','c3b7fba3c096451511af9b1f7c991e22',0,'V5yNMizhIkYYTYgMzWzYhNUxYM2TxYkA2YkNGcW15OQDWFZjzkOMZlZMzNxj2zMMgwY0xNM4M=ZYYmGmUTV=I2wh',0,'2515795570101','1988-07-16','/images/fotos/clientes/Zj4lZy2WDDMDEZJxkMYze.jpg',1,'','','2015-06-02 15:18:02',1),(44,'Prueba','Prueba','9 calle A 12-70','12345678',1,'6356961-2','0','lquinteros@luisafquinteros.com','8bed4b416cc7f7f39e9995e8734316b1',0,'RGOhMh2jcWjYlzhMNYmZ1yR4MzO2ZT3MjFIYmIQZYYMWTYDDYMMyOMTTjlYThUk3UZjc=MRNkhMI20wNW3=kh0Ty',0,'DPI 2186 11994 0101','1992-11-20','0',1,'','','2015-05-30 12:25:26',0),(45,'La Real Academia','Del Ripio','9 calle A 12-70 Z.14','12345678',1,'12345678','0','larealacademiadelripio@gmail.com','8bed4b416cc7f7f39e9995e8734316b1',0,'MjNRlcAkTO2jEMYYY3TiVjMVOW5gZliNNM5zEIjYMk2yiAmcY=ZME3DlNg=2Dw2m2jUzm2FV4N1MYzMYNwRDjjjM',1,'Pon tu numero de DPI','2013-03-09','/images/fotos/clientes/OTjTmz0MmY0mYVBMJQzZ.png',1,'','','2015-05-31 18:25:48',0),(46,'Andrs','Recinos','1 ave 7-85 zona 15','53644550',1,'4589037-4','0','Uto.abu@gmail.com','f50c72985c5179d88009910f83a50447',0,'WZMDM2NTA0Z2kgYYcO1Zg2YQDTMM2ZUlWhWDEiymTDwWzDVjUhMm2wzOkZOzVZZ=Nz4MRj=jZYx1NWYcTZMQzYED',1,'2515 79131 0101','1986-02-13','/images/fotos/clientes/GNZRATTzMQU=gxTIM4MJe.jpg',1,'','','2015-06-03 18:57:14',0),(47,'Carolina ','Herrador','villas de san mateo sector 2','47473311',1,'35286555','0','rodriguezcarolina086@gmail.com','8d19352e6a490fea446cf8ae710f0880',0,'QGNRNIiNZ=GFz=QZmgMjDYmIhMYhkNURy5Tj4yzwZxW5jTz2N5NTIMVZiMmEOTMmjMT4YNYTzDMkMY0cJVYmGEyE',0,'1678929263628','1986-04-05','0',1,'OkMMzFjDM2kYONjdYcM5w4Ul2kTAZImYNMOJMjylzzzMT3TyjDMwRDjZDxilNFz4TFNR1lM=Yw5gNcQZDQiIk1=Q','','2015-05-30 19:25:37',1),(48,'Aizpea','Flores','11 calle 0-44 z 14','50007108',1,'782480-7','0','aizflo@yahoo.com','e3c670e43e1c81621d6d5cb4cb7720e4',0,'WmlDY5Ahk3QJTjZzAwZOMdjZFNi3EQm4Z=MYMN2NZdm0NTDzkNz0zNjRi=Mi22mZMEzGW0jMMUQMMgTN4ZYMkhhG',0,'2443587020101','1980-11-21','0',1,'','','2015-05-31 10:12:56',1),(49,'Nerea','Flores','Km.13 carretera a el salvador. Condominio portal de la fuente casa 34','40152514',1,'5791372-2','0','nfpresa@gmail.com','4169dc470b7c7be33580ef7f11fca211',0,'hENdM3D23llmWYEZOjW=zZDTR1jDYlZQGNNwMGNm1WMYJkI4gIhNQNFmzNkxM22Zzx=gRDYWFYBWjZRM0NDMmYM4',0,'A1-1239630','1987-12-03','/images/fotos/clientes/YZY3jMkQcTJjzZzUDJ5Ne.jpg',1,'hENdM3D23llmWYEZOjW=zZDTR1jDYlZQGNNwMGNm1WMYJkI4gIhNQNFmzNkxM22Zzx=gRDYWFYBWjZRM0NDMmYM4','','2015-05-31 09:58:16',1),(50,'Jose ','Moran','8 Avenida 16-15 zona 1','50500815',1,'4499590-3','0','joseluis.moran.r@gmail.com','22db15ac9a8744d18947efd501c137bb',0,'yMwNj04OAmyI=3NYZl=yMmiZNk5D2gYzjjjMNQcjMjMYIyxcDljd12Y5NYZWkQYMj5hYZNMDTVDAYWTlz45kRzYO',1,'Intertalent ','1987-05-21','0',1,'NTmEOjGTk0TNNBgJZZTmYTYkT1ZyOM3TykNjOdWT0EOlkjOAhZ=zNjzYNZAlNYNYMMlMZM2YjF=WZ4jTN2hkTOzV','','2015-05-31 10:04:50',1),(51,'Maria Eugenia','Aballi Escribano','5 Avenida 16-35 Zona 14','55167053',1,'CF','0','maru.aballi@gmail.com','a7e74486c6b1ea8ac525053993a30c92',0,'gjYI2DMzjZ13WEmYEDzyMOYZmN1zEGyMNYi4mZVRzWO3lM2I5gIQzjG1YUgjUmEYNTxZGYWMWz=zhOIw=YQZYQ55',0,'2087347080101','1991-12-10','/images/fotos/clientes/TGzNmDTNQyYlhOEMNyj=e.jpg',1,'YMTycTDTj=O2QYNNYDDYOzMcmNMUUWNZMZwwFgZjY0AA5VyOjjW2IwEz04Imk5ODzNMYx0MA0jMUW0NzDyDW=ZGM','','2015-06-01 19:39:45',1),(52,'Carlos','Flores Olvera','9 calle 11-57 zona 14','54602764',1,'187240-0','0','chfo@gua.net','c21124792365297bbc6e822735d8b9ec',0,'DBENgQjRkMD2kMwINzzA=ZDYTNhiZd0UTNT2gO=WGJTZmR0j1MzYYN1EMjMNYNwIGj4MUj2Gdx0y3DMOYzUNE0NT',1,'2504 52928 0101','1954-09-13','0',1,'FMZYM1WNzzGThD4mYmNDzJ3hEA2mYhR=YNlmljzFQFDNjM=MjZZYcOWiUZzMUzDMTUFOmOMWjNV2EIJ3Nk2Iwi0F','','2015-05-31 13:15:49',1),(53,'Julio Armando','Herrera Roca','Calzada Mateo Flores 11-89 Zona 3 De Mixco','50161629',1,'7471496-1','0','jahr3011@gmail.com','28d63ee6aa6ab06b933b9bd6c38921b1',0,'WN4jw=NkjAY1MTT40kTQBTkEMTTdYGNNzZIhNBiZMNFUNT32MmZUTYlz5WDJcjRO4lWzwjNNjhZ=zyMZkhBNQZYG',1,'1789304070101','1988-10-30','/images/fotos/clientes/kZQTNZhNGNMV=lDNYMzMn.jpg',1,'','','2015-05-31 12:57:49',1),(54,'Abigail','Garay','33 av. 14-55 apto 31 Col. Justo Rufino Barrios','59391055',1,'1234311-0','0','leslyrobles@hotmail.es','a566bacdc326bf8d096a3e9ba1568d96',0,'NYYUz2OjZxjmwWlxOY=mmmm4TETOzYgkzY2NMkY5jNNjI0yh0ZmIjVGEjFMYgDIM=zhWlNWOEiW2ZlMDYBwU21Vc',0,'AbigailGaray','1999-10-19','0',1,'0M33M=zUjkMT5cc4EhJj3ZlZQZ2zMTYTQOyRxNwQNk2Z2YZjNOZDz0MIhDmNMTATh0TjDwjgwiOMGUTYM=2NQZZw','','2015-05-31 12:46:08',1),(55,'Maria Andrea','DElia','11 Ave. 20-47 Zona 14 La Ca&ntilde;ada casa 3','52041645',1,'cf','0','mariandread@gmail.com','0c280976e51ac2e08c6f3b7ae2572a9c',0,'YYYYYNmYZFD2DM2BzMMZwcZDWWMD4mMTl3DMhMxzDMNDyTG20hxYOQ3ljTjcMN1z5=IQZzNiNVZQYgck=yEU1hZz',0,'A1-1168096','1984-09-11','0',1,'YYYYYNmYZFD2DM2BzMMZwcZDWWMD4mMTl3DMhMxzDMNDyTG20hxYOQ3ljTjcMN1z5=IQZzNiNVZQYgck=yEU1hZz','','2015-05-31 12:58:28',0),(56,'Jose Antonio','Herrera Roca','Calzada Mateo Flores 11-89 Zona 3 De Mixco','59678880',1,'12345678','0','jahr3011@outlook.es','28d63ee6aa6ab06b933b9bd6c38921b1',0,'Ug=ZD5IYmYkU55TAD2DMZAYlZNNADNmIwWmy=N0EMUVVW1l22NTNMx40MjWYMjOUxNOz3z2hUNm3gIZWcZDYjzTM',1,'2154364580101','1990-09-14','/images/fotos/clientes/MWOm4l=NiNTGY4MQx2OGn.jpg',1,'VYNzZGNOWDMNNhMmjMDBFTIjEDlhJMhYZwD2Yx2jMUZjGmhmmJ1jUDNRxyxMMgNi4=IZV5=1FYZTMiYhTImYmUmi','','2015-05-31 13:19:42',1),(57,'waleska','ramirez','20 avenida 13-80, zona 18','59532472',1,'8445320-6','0','waleskaramirez13@gmail.com','ea26ed95ab9e1834c8f446e2c9b7dafb',0,'=TkmcDmEUYjWW3zYcwjQTk52Q2iZMTYN1YZziEOYWz5hVxYZT5gNZ=T4cIBw0lMAw4BYjZNGjNYMjZTNV4ZY4kzE',0,'waleska','1993-09-13','/images/fotos/clientes/2MjY=TmzM0GxMVE3mYmY5.jpg',1,'NmTcMh=GMN=YZTRjjJIAJ1NmY2NMzxjzFzxDMxNDYZYMY5g10jm2NycmkjZQNRNjmYDiZzDZZygQMITjYIZzzxDM','','2015-06-01 16:22:24',1),(58,'Sharon Mariana','Obregon Cruz ','Avenida Elena A 15-14 zona 1','42028130',1,'12345678','0','sharon.mariana001@gmail.com','7bd70bb72ac5f2c66726816c273537fe',0,'h204j5OjZAjTMTOJIQlD5DYhEZN1mTYWhYZVmMTVZwNNW=YVYgOgYNOEN=zJ2kyEjmMZiGGD4Nz5jExFjMIMT0UD',0,'12345678','2000-03-24','0',1,'JD1YihQjD0R4kzNMNGZjWYFG0cZZNmIOZJN3lTZGlmNjiOZkmkmTwh=lGWIV3YNQQm1MMZcNZ=zNT22hOY5OBIzD','','2015-05-31 18:11:56',1),(59,'Gabriel Enrique','Garcia Agustin','2da Av. 5-57 zona 8 de mixco Colonia Panorama Ciudad San Cristobal','42792659',1,'                                             ','0','kikeagustin7@gmail.com','6f29e226e4745b8d710b763abac93d10',0,'YTDV2chNygkDYYGydNk4mTNlRcDZ=jIZIYNNzIJjZTjQZiZFTW2j0=M34DT1wNMMOEIyAN5MOizAmZcDEy5jMZzG',1,'2530431310101','2000-03-24','/images/fotos/clientes/Azl=DTNmNQmNTZzNxTm3.jpeg',1,'N=NN12NQ3jThNIBdGNGWmZMy4ZGzMj2Mz1IYDmUJm2Q=zjEzYiMlw3YNlAWzmEJNhDQZcjzMZ0jNyYOMjTViZyZI','','2015-05-31 18:27:42',1),(60,'Alberto Antonio','Ugarte Amaya','Zona 4 de Mixco, Colonia Bosques de San Nicolas, 9A Calle 28-89','47060420',1,'12345678','0','albertougarte23@gmail.com','68d5af187c543f10511d6c4648f4f4f5',0,'W0NMQhMG5N0QMZD=VlQTlih=QEOciEyxY4TYmMYZJiMFWDjGI2VZ4xdONIMxTVjNMT50YQ2hgjyMNZGk2Z1TDODz',1,'12345678','1998-04-23','/images/fotos/clientes/U53NV5ZD5IG0zgY=2mZcn.jpg',1,'N42GwOhDMW0U1NIMEjVYyMWm3NMRjighOmGjjMY=DZEjmMQmZiFEYWNjGNJMjzZzZ1Mzkz0B2iYjT=FTYNOJxNFO','','2015-05-31 18:40:30',0),(61,'Jorge Ezau','Solares Castillo','29av 18-07 zona 5','47706690',1,'5393341-9','0','jorge11_21@hotmail.com','d36b70b5eda609be169171328ac8f5d3',0,'NMO=WZjTizN2gjymU5ZTQ5mcQj1YYOMj1M4=gjjwJTNZQjdYWgk5jF2WVMy4OBWMkDNlM0k2YThhY0YZOYZZjYWY',1,'1992758580101','1988-06-21','0',1,'ZM1MZZjzz5N0m=YwZjIIWkMzV3mU5WxiZ=NMYZD5hMiWQ2QO2TN53ZUDZORdQkjDIkymNjT2FgNmTWFzkDMZMAGZ','','2015-05-31 19:33:20',1),(62,'natalie yolanda','medina vergara','13 avenida 2-40  C. Rivera del rio San Miguel Petapa ','47031254',1,'87805022','0','nataliemedina1243@gmail.com','4297f44b13955235245b2497399d7a93',0,'UMA2NYTZm2UOk=4NMWZMliM3jRkN1TOjTgE0jDRZimmYYNDjMlyzdTMFmNNM21mTm=hNhQFjA2BRT1Mmj2McZZUD',0,'2214940300101','1999-08-04','/images/fotos/clientes/NM2BmZTDRWz3MNOm00YQw.jpg',1,'MYDh50QkWY51FAMTMNjDMxMONDQj0czOiO1ZEQMYN=12YZz1MYjYhwkNW2MFIzh2NDV3jJN2=BjjilmYkDYBZjmx','','2015-05-31 19:56:28',1),(63,'edwin fernando','samayoa quiononez','lote 21 sector h jacarandas 2','53406711',7,'2726182-4','0','samayoa1999@hotmail.com','e8c522a4c9bdc5ea1f7a0483d965e196',0,'TGTNmzmj3WNNhBmmghNwZZiNYNlRAOY3kzNUOhIM1j3DZIT=4jNY5VMYN5DOZ=4ZIY5NJIDxDYmNZljDGYzjWjDV',1,'edwfer','1997-12-26','/images/fotos/clientes/GNzB5h5MNlDhwDxYOYWYs.jpg',1,'3TJwM=jYh0jmQkZZW2DMjD5EkNMhBYMzMW24jYhiNzZzYZUhy3TGYQY1YYGOmY2MmMMUMhNR1RZY3lGx=xjAhM2N','','2015-05-31 20:22:43',1),(64,'alexander','munoz','33 avenida A 52-62 granizo 3 zona 7','54771090',1,'8414110-7','0','alexpubli2012@gmail.com','5691aba8f9c958582e6f3c9ede24fb17',0,'ZMYxNNNMJx2TgWMjxMmNZkUcZN5NjmzjYIkMYM4MYQIGEwxTW4zTmAN3BO5Dmh0QGMzmOOmDNMjZjjGZZ=5BM=Q4',1,'1931 16464 0101','1990-12-07','C:\\Users\\Administrador\\Downloads\\11253994_16379040',1,'NYMN5=NE5EZYgTAJzQ4M3dkj2wWGMG4kOWm3OBTjzQYYBZj=kZjiyUNWNxThD3TUimZTNEjOkNWOwON2M0Fm3QUM','','2015-05-31 21:27:36',1),(65,'Mynor Rene','Castanon Padilla','21 calle A 15-72 zona 11 Granaii 3','41283459',1,'12345678','0','mrcp_1902@hotmail.com','38fe8865ed15e6c73bec9cdc3713f6cc',0,'McYTGOWw52W0zUAWmMMWz3mJiYYzlZZw2lhTTZNjYGMEYZRUNz5DVgYOdhYWN=RIcNiUzN=4hZljyzMFAiyNjIzZ',1,'2197743151005','1993-02-19','0',1,'NDliYTFDZZl=m2yzmYMkMMYjT34jwANiZUU2cYgOMIMA0Nyzxg=jylTmjNUZYgjYzzMQzFjZ5AYMUjRwTTjZVjZk','','2015-05-31 21:27:03',1),(66,'Melissa Anabell','Guzman Leon','9na calle 3-28 zona 2, condominio signe, casa 6','41547299',1,'12345678','0','000m3g@gmail.com','529ed30d9abedc0ce1cda6344b2fdfbb',0,'gzAmgBJMDz=Y1mO3kE2Z3kxIYZz=QWVxWRD3NUYIDEWxYjkzGWyYZJYMjTMcOOgBgi20TOzj12MMNWj2QNTZZZMG',1,'2102715581902','1991-12-16','0',1,'0TTzkWkzMDJiODmcZ=yMGTTQjYD34GEOjY5Md=JyMY42GUNNjOyxO2YTWY1M4iI5w2ziEZQOMNFjjYAlMMZWMMTQ','','2015-05-31 21:49:41',1),(67,'Julio roberto','Franco. Tobar','48 ave 18-40 zona 5','56165321',1,'4542435-7','0','Roberto434510@gmail.com','ff4e6aca8f4adf52b9c6a05fe4e257dc',0,'JhWYZORMmOzRllD=yQTh=O1G1zhwFMTBji2JENjYGZdNTNw3NYhZjjNTIIVmDEMZZcjjVWFiZMkjAZOlNiyEzlMj',1,'2346774490101','0000-00-00','0',1,'JhWYZORMmOzRllD=yQTh=O1G1zhwFMTBji2JENjYGZdNTNw3NYhZjjNTIIVmDEMZZcjjVWFiZMkjAZOlNiyEzlMj','','2015-05-31 22:18:58',1),(68,'Antonio Alexander ','Elias Laynez ','12 Calle 32-48 zona 7 Colonia Tikal III ','54829605',1,'3405974-1','0','aalexbassel@gmail.com','112b849ef16a480b3e06e40b8d494057',0,'5ghEghjFimzMYZZY4i4xNZONYcwDjDMxZOzmNzMZzZmGzQwmz=MNNxxMNQxINkQMjGMUDjMT=mYQWw4xNmZUNWml',1,'2717193111401','1995-05-29','/images/fotos/clientes/2YW5TZFEFzDmZYTj1MMN.png',1,'QzWNcMYEjJ1N4jMZ2WDN2IZdMjwYZGyDhNj4z=EMWMNEQkWIYjzwYT3D5MWMmZiIAMVM5YhGjj=Zh5TNQMy5YiEY','','2015-06-01 01:37:39',1),(69,'julio roberto','franco tovar','44 avenida 14-85 zona 5','56165321',1,'4542435-7','0','julio_4345@hotmail.com','6b535611cc58953c20f5d3d2986a6be2',0,'GTENQjZWlZxzxT=JjMzWMEN2MZ5x0YzO2gTYwNxyNMyT2ZQ4YWOxYljiTxMYQcZwMYNAyMiYR=YZ4BFDDmWDUYgY',1,'2346774490101','1988-12-22','0',1,'QkY=12TNNNkGjYzMh3MNOjTdTiJjxNZTYTMGZITTEmI1=kMwlkNOZ5ZiDjhzJWNJMhhZ3NkmNYGYMTdAjZY11VQT','','2015-06-01 22:58:25',1),(70,'JUAN CARLOS ','SALVADOR BATEN','1ERA CALLE 12-27 ZONA 4 DE MXCO','41251510',1,'12345678','0','JUUANK_LINKIN_15@HOTMAIL.COM','1fd028150f50d89b4458d1af2b42d419',0,'T52jjgYDNDOwlGz1yYdMlZYWjhIZMMmTjjEMZJYEMFIVOz=zYDWNz5TIZM0zQ1EQDZg1ZjUjOTyFyN=MlAYZTZ5D',1,'2293 50933 0101','1993-06-24','/images/fotos/clientes/VTmhVMTYYWZmNhghY23G.png',1,'T52jjgYDNDOwlGz1yYdMlZYWjhIZMMmTjjEMZJYEMFIVOz=zYDWNz5TIZM0zQ1EQDZg1ZjUjOTyFyN=MlAYZTZ5D','','2015-06-01 13:07:18',0),(71,'JUAN CARLOS','SALVADOR BATEN','1ERA CALLE 12-27 ZONA 4 DE MIXCO','41251510',1,'12345678','0','SALVA_PRRRUM1@HOTMAIL.COM','539dd6d4a0ca099f597412e2541f8ffe',0,'ZMwN3kTlNQZY1jlTYUyMWzN5NMJTIQOY2MMMIOQN4OhGjYDxj5GzyNmYZxTZE=DDTN=NUGyh2BNmVmRIZiD2jYmi',1,'2293 50933 0101','1993-06-24','/images/fotos/clientes/JjlNWMTZJmW5MxjFTlOD.png',1,'ZMwN3kTlNQZY1jlTYUyMWzN5NMJTIQOY2MMMIOQN4OhGjYDxj5GzyNmYZxTZE=DDTN=NUGyh2BNmVmRIZiD2jYmi','','2015-06-01 13:13:09',0),(72,'Luis','Gutierrez','20 av. 1-60 Zona 6','30224199',1,'49509241','0','luisgut87@gmail.com','c6d212b8438819663de984f3f328c1c4',0,'jiNYYMwMzzkwTUNxgRNNY2MjxYjImZ54YZ1YYMVQY2RYMGwmZNUTzRczBFMTT=TF2DzMUi=ZQRWmx4TzT4kmZmhh',1,'1681350780101','1987-07-30','0',1,'jQMNhdMYDhZMwUN1GQ5YTUjmYD=liMymjzTZZD0ZD2FYWGY4UmYOWzMjlNzIIZ=5mDmFANV1NTZyZjZVDM0RUTzO','','2015-06-01 15:43:03',0),(73,'Francisco Jos&eacute;','Alvarez P&eacute;rez','10 avenida 1-53 zona 1 ','58595644',1,'7193714-5','0','fjap401@gmail.com','f80e17a54b121f658ff7e6a0ba00d956',0,'MY2ONYiyxkIDwZ=J2M4iEMTDxQkzYGOmNTQFY2Dz4wkT3NMMNIzlDmz2yFT0ExTNdd2OGOEzNMDhMOMkZ=ADQYjj',1,'2122 59520 0901','1991-10-23','0',1,'','','2015-06-01 15:38:34',1),(74,'Paola','Perez Cajas','Guatemala','42965114',1,'12345678','0','lagutierrez@pcomercial.com.gt','fb2790d83e3dad77784e043cc1727e0b',0,'mYz4NWMTZjm0yINlYMwUMDxyOTZI=YYk1N=MzM2YOOJ3l5E5YMjZ4jFYD0mwT2YU3yWWGNOWNhg2QDlGAOQZYVNI',0,'1837367960901','1981-08-05','0',1,'hYxjJMZDzGxYTI1GNZwDZjgjNNzMUO2GNmMjUZzxTANjQMzmwDWjwEEmZT=cM=YgYhE2Yz5ZU3jYTmZ2FkjhMBZZ','','2015-06-01 15:45:20',0),(75,'Melisa','Guerrero','20 avenida 13-80, zona 18','32641519',1,'12345678','0','melisamontiel19@gmail.com','12aa9f22064c7b4520dbac5d8e1a9295',0,'mzNhUGYJNdyjWZVZgwYMF3EEIDTNTmOYmiDRYMOcBmlYWBjzjzGO3YmMWZYEVzMilMyzDMOMYiWiB3Gjl=T4Y=NT',0,'melisamontiel19@gamil.com','2015-06-28','/images/fotos/clientes/z0wxMQDMETQ=TcGIzjUza.jpg',1,'GjwzITyyE3jkRFjTMliMkY4ZN4YUT52GV0MVkMTYlBUjMEY3ZMzNZTZUDmITMjMmGZjOMURYg=lThmm=YDDTdAMN','','2015-06-02 02:25:43',1),(76,'Melissa','Solares Hidalgo','3ra calle, 15-88 colonia Pinares de San Cristobal, zona 8 de Mixco','52778744',1,'12345678','0','melissa@solares.com','fd2058685573a6c40e14478a752a1094',0,'EWmDkYN4j=MjNZZWQQJIWil01jxm2NZIDMM4YFjQyQZZmjhGG2TjWxYYM2YGj=j2MYIWMZOYwYjjNZY2z0xOYhIi',0,'3137173030901','1997-01-24','0',1,'Z=lYl4YMWM5MyWWmj2TGg2dhkmjzEzVQ2YNmlNYEMYTwhZTYOMWAkMMYYh2J342TNATY=M45DYQGMZxgNmNZYyYY','','2015-06-01 16:22:34',0),(77,'Julio','Bautista','6a. calle C 2-90 Zona 8 de Villa Nueva','45581086',1,'1853304950101','0','jcb-25@outlook.es','5d75eaff8d44c5da26a6e494b28277c6',0,'zwjWMOEOzBi=ldNQTjEUMVGgNWZIjzjZ22MDMMZwxw4WN0hIkQ3MZkzUD12YMAjQNW0lOO0I5EwN1IWQR=NMTDlF',1,'JC Bautista','1988-02-26','/images/fotos/clientes/OmzwYMlZMIYMYjlhTMRhe.jpg',1,'','','2015-06-01 16:52:57',1),(78,'Luis','Saban','6a. calle C 2.90 zona 8 de villa nueva','45581086',1,'12345678','0','zeldamajoras2@gmail.com','5d75eaff8d44c5da26a6e494b28277c6',0,'YJlZMN5Y3xDGNzUNGl3MTORJ3xNmDFMjZAYN=NjgjkNWVYjlBkY5TUFzWRlMZjmzYhNNEYGimMENWk=kGdYmkjTm',1,'NjcZMhJ2ZgV2TYM','2002-02-16','/images/fotos/clientes/QZGNcYWNN=ZMMGTDhDMN5.jpg',1,'','','2015-06-01 16:39:19',1),(79,'Andrea','Rivera Linares','Arco 5-7 casa 43 z5','52029585',1,'6096552-5','0','Andrea28288@hotmail.com','55b63e588764e8e9e5403a3ec6ba613b',0,'YijGmkMVc1DTcDiNJ1MON1MEWDw2ZEMjTiDMI441ZcDY3ZMATGN=ZN2ZTDj1QEOFMMM=TBkZZQG4Uj2wMMzJ4EjW',0,'1798555650101','1988-02-28','0',1,'I=lTzydWYEjYmWUOzNM1N2iNjEEJ3ZZwO1OAUm=DGM3V2jD4NGM1ZzkEODZNgjllMQTNzYMcIjyNTMDYT2x1MhZT','','2015-06-01 16:57:16',1),(80,'Juan Pablo','Velazquez Letona','41 av 13-10 zona 5 jardines de la asuncion','50198269',1,'4251251-4','0','jpablovelazquezl@gmail.com','873ea17b94cf22199c4db7f073e14f82',0,'YMThkZ3ZTRlkzNThYUVFMdTYMNImU3NBTgOy=INjT2ZzGN3ZlhY1zNTylkMyYJDlNiiFMzAOhwgjzQWY=Y4YxWGM',1,'1584 21159 1901','1988-01-05','0',1,'MMDMMGNM4NwUiG=QzmMZmUU0MN5YTjjW5TxwN2WkMzWQ=N0z2Z2QJZNmMUcNMlwhTEDgJ0kyNmjYMk2NNYiMjdFD','','2015-06-05 09:44:28',1),(81,'Sebastian','Estrada Molina','10 calle B 21-42 zona 14, Residenciales Darue','30688210',1,'12345678','0','sebasestrada98@hotmail.com','f9590d06e323af53636706e423c7dde8',0,'=zD00ZITA3Ezih4MNk2mYTgMzczMxwOUGIZ4DZmQUETk1JQj3FIZDYTWNZYM5NT=UYzj1224ZMMZGm1ZMMjUMNiW',1,'12345678','1998-03-16','/images/fotos/clientes/AgdNz=2OQIVZc4DQZTzTn.jpg',1,'mDQNM0mNVUZMG3ZNMDM1NYOx3Z=NwmmzUIQMZkjiNWm=YzhwTjOxMjUlYNZMYTymjWZ3DQg4yTNNDc2lMQ5DROhl','','2015-06-03 19:33:08',1),(82,'Javier','Mendoza','lote 33 manzana 28 sector 3 colonia hacienda real zona16','30231587',1,'12345678','0','mendoza.xavi@gmail.com','2c713d7117558698b321166b4d641c08',0,'WiN0zYN4EYjY3jN=TWZFOO5JQTgGY=jkTZYOR4T3zlZ3M1zMETZE5zBNdYENhzjgZMTM1m3wGQizDGgzYiOONk2c',1,'12345678','1997-11-03','0',1,'','','2015-06-01 17:59:32',0),(83,'LUIS ARTURO','MORALES LOAIZA','22 CALLE A 45-22 ZONA 5','42907506',1,'8989363-8','0','softwarednb@gmail.com','85d9428091489a0d7d07b4ddb95e491e',0,'1jY0ZgNRjMEDAINOM=RTDGY3xh2mYOg1OzjFDMG3jZF24E1ccNONEDNgW=3N2ODjExjMhZG1IlMgzZwGWhMyYNYz',1,'3436632010206','1996-04-18','0',1,'','','2015-06-01 18:05:00',1),(84,'Oseas Carlos Enrique','Lopez Cruz','8 calle B 01-59 zona 21','30113130',1,'73477109','0','charliegt77@gmail.com','d76327242883dde5d7145f1268682f0a',0,'zNkkW=mTZdW2WUTNMZkYlmATQQ0m5=2mEhTMMO5mDM2QZRDFEjGxGWmZYZBZzTN3ZMgOgmZzMT2NjwNmwZxOAQOE',1,'2187880450101','1992-11-18','0',1,'','','2015-06-01 18:13:04',1),(85,'kewin arnoldo','luna lopez','10av. A 2-52 zona 2','42178190',1,'12345678','0','kluna5210@hotmail.com','9a2c9f13d920ab22297f999c0307207d',0,'zigYmIk4DDDGO2ZjTZYWlOBZNMMIDEWmiJwUl2D5NcxTYJTYQwZWMyMlUh2jwhM0=EmNUDzNMTZOIwDw4OlT=OZY',1,'kewin','1991-02-13','0',1,'','','2015-06-01 18:28:08',0),(86,'Maria del Pilar','Escribano Mejia','5 avenida 16-35 zona 14','42127964',1,'CF','0','Piliescribano_15@hotmail.com','397642f5ea6a724ce5c51a2f65a0b8a2',0,'hRiQNUYMWWc51=jhlYZF2OlQwJ3MjyzdZjYzWjDDNGZz5TZFMNNkMlDDYMFTMDOANGNYMcEkNJT0mO2k35EjBhN=',0,'A1814989','1971-04-02','0',1,'hRiQNUYMWWc51=jhlYZF2OlQwJ3MjyzdZjYzWjDDNGZz5TZFMNNkMlDDYMFTMDOANGNYMcEkNJT0mO2k35EjBhN=','','2015-06-01 18:17:54',0),(87,'MARTHA MARIA','MORALES LOAIZA','22 CALLE A 45-22 ZONA 5','42236495',1,'8242545-0','0','marthamariamoralesl@gmail.com','e3e8f244f3caee5cdad63e00f78e03c3',0,'TTlMj=TcWQTOElG5hZ=AZjENYm0ZYNG0kNd1ZwOmI2dNNGRZikJDkckWDNMM15TAEYi5TFky4M4ZjzRiZNNN2OET',0,'2215014520206','1993-02-27','0',1,'','','2015-06-01 18:34:51',1),(88,'enma alonzo','alonzo guerra','10av &quot;A&quot; 2-52 zona 2','42539084',1,'12345678','0','ebeatrizalonzog@gmail.com','ecb1c1f717cb1532770accdb34857cbf',0,'N=kkYYMYzOmmTZDT1mYIYEGYT=44Rz5xYWON2TczZQY2l3jYZUY4ZNQkIDV2DzINgMZl4NNwzjyOMjjVVjmyTYOh',0,'ebeatrizalonzog','1988-01-18','0',1,'','','2015-06-01 18:58:40',0),(89,'Bryan Ronaldo','Rodriguez Ramirez','36 calle 32-69 sakerty 2 zona 7','58415894',1,'12345678','0','bryan20240@gmail.com','2aff46d81c33377400cf60437a9839c9',0,'ZjTTGNIMOYN2RxMB2TJwMMGM=W0ZiWZYQmJZY4WjGihDY2WwUwzZjIQYZEEYxjmRRZN3lNAcTmDYYzZm4zU=OjjM',1,'12345678','1998-11-10','/images/fotos/clientes/DYWTlMjZZYz2Zkm2iWiMo.jpg',1,'25hjOZhkYFk4Y2jFYy2GkDjF0UNjjl2WQYzTBDmYQAhDmNjJNNYYTVjiiT=TMNOm2GhlUwMNjiZRVx2ONIY=OZOi','','2015-06-01 22:54:56',1),(90,'Jose Orlando Jr','Marroquin Reyes','7 av. 0-62 col. La Brigada z.7 de Mixco, Guatemala, Guatemala','41928298',1,'3681134-3','0','jose.642008@hotmail.com','f629588bf4e266777b8ffba85429ead8',0,'mZTTNNYYWlYQ0ODNkZQZkNAzDzZZA5BDhwTOy4B0jzONMI2ZZ=cmQTmzzFO=5wTwTZ1UMMTQOWTcwjyYkE5ZQGZE',1,'3098602450613','1996-05-31','0',1,'OwFgyWOETgZMzjZGhdmOYW0TmYZNzjzMOZEZM1l4YxNJ1hEhkTDD=ZY2kWdlMz5D5zj2IEmTQNjY2ZxBM3Y1MY=E','','2015-06-01 19:20:13',0),(91,'Sebastian','Olivardia aceituno','Arco 3 acceso B casa 26 zona 5 jardines de la asuncion ','34018358',1,'549026-k','0','Sebastianolivardia@hotmail.com','834803e837ea0525d3af9c330560b986',0,'YOYRW0lNWMTMTyzUyBzTYTEjM0NZGOjDE4mTNkU2wZWDhjOm0jM=F=lImk45GWMNNQNWjlN5YZEZINlAjlJYcM1T',1,'sebastianolivardia','2015-07-09','/images/fotos/clientes/24zYDWzVizDMMTIlOMVNe.jpg',1,'1ZBQNDZEhOjWjDDQN4=zZ4gYTZJw0EN2MzTNZNWZjmQZZMYN4TUkwNhNUmOT05FW0iEMZQEZG=zmWWOk5IWc2IlZ','','2015-06-04 16:34:00',1),(92,'Emanuel','Escobar Garc&iacute;a','2da Calle &quot;B&quot; 1-18 &quot;Residenciales Lomas del Sur&quot; San Jo','30059746',1,'12345678','0','emanuel.escobarg@hotmail.com','ffcb78530ed3459f3de93b7a113eb726',0,'y2NYM1wGj2zlNkZJYRT=zUOMZmyYYVjlgIjNN2=ZQhgN14wTMZk2Nm2TjYYTQWNZgMNMhzE2DZWVlwiTQME25yTh',1,'12345678','1997-07-04','/images/fotos/clientes/=DzzQVTYOJ0yMjNmwMIk5.jpg',1,'','','2015-06-02 12:57:23',0),(93,'Edwin Daniel','Yoon Vasquez','Zona 4 de mixco','30198406',1,'cf','0','edwin_vasquez@hotmail.es','fa9f868b4a21587b9cbd97bc3ffd2b1d',0,'=EOcTZGOM5YQUNOWiZzNlYD12TY2zzDWkY3zyMj2TM5zjxDwYwMIlNM2QMjw2RzNy=MgNYEJ2BMYGImxO1ZhUgYT',1,'YoonSungHwa','1996-02-02','0',1,'3wMWZZzN2Y2x2METY0AZWETMDZTZQY4NMyY3lYjUUNETyZZAUM2O21O=NT2MjxIlzWGEU2D1MdYNiGMG3mYD2=zc','','2015-06-01 19:25:21',0),(94,'An&iacute;bal Jos&eacute;','Urquiz&uacute; Az&aacute;lea','Ca&ntilde;adas del r&iacute;o, ca&ntilde;on ca&ntilde;averal Sol&eacute;r','32165487',1,'123123','0','cloarca.ios1@gmail.com','4297f44b13955235245b2497399d7a93',0,'glNDU5kQNYWj=NMmDTDMZz2YNzAjMh=GEGZ0UOZMZN1Z3YQwEDTjDZZjxZ0Zmki4GcZTzzGlxWFRzVMNZlMMWRIY',1,'32165487','1996-06-07','0',1,'glNDU5kQNYWj=NMmDTDMZz2YNzAjMh=GEGZ0UOZMZN1Z3YQwEDTjDZZjxZ0Zmki4GcZTzzGlxWFRzVMNZlMMWRIY','','2015-06-01 19:36:23',1),(95,'Denilson Danilo','Sanchinelli Paniagua','1 calle 0-98 &quot;Residenciales Campo Bello&quot; zona 2 de Villa nueva','53456982',1,'12345678','0','danilosanchis@hotmail.com','e7a4293b64e0b9c82d97be1d4d25c34c',0,'=yTgzzlUZcYVIAMEE453iWYDOAY2=5cMTzcYjhhYU3yj4OMkRZTUWzyYj4RkmTmZAWYTNmjZMZQIxhZRY1NjjZjj',1,'12345678','1998-07-24','/images/fotos/clientes/0ZINRNMZZAY2O2YmmkgZ4.jpg',1,'','','2015-06-02 12:54:29',0),(96,'Elena ','Yec','9 calle 20-76 zona 14 ','59225323',1,'12345678','0','elenayecp@hotmail.com','2ab3ec8aa554050d216a9de1cb3a6a23',0,'YTZMWZDYYkZ0MG0RQmMM=YmWINjIihTkO0GNT4lNNijziYMNlNmQy5jUMhmzMjmJYZ4TZNBTDFNFTNMGxRGgg=Gg',0,'12345678','1998-02-06','/images/fotos/clientes/EZjNglzNONzUNjjYzzgN0.jpg',1,'T2zMYZZDDmZMMd5WMMQDZZD5YVOi2IhNNA5UlhzRMZzjwkFThmZhm=MMWhVZjzYZYzlNWDF4=cZhOZmRDMJGT1Yi','','2015-06-01 20:19:12',0),(97,'Eduardo Enrique','Batz Serrano','27 calle, final lote 63, manzana K, Zona 5','+50242109438',1,'8441433-2','0','ebatzful@gmail.com','af6e08535c2a1fa856d8d678818124e0',0,'5MDYOEOiAzkjNmTMjNMzyADZR3YYDNGlNY=Z2hjMY=VVxMDZDTwNMyzlzlGRZN30MMmWkTiMRV31EImWZmITMDlU',1,'2566076130101','1994-10-29','/images/fotos/clientes/jMMTixZOhhZDc2V4jjNNn.jpg',1,'W1MFDMYmWJZIY3BRx=OI0jD5ZjEOl42llNZDWRF2Y2GMG4c=Nc1jM2M1cYkMYNWAATQWNjTmcmNMmOT2YjNNYzMz','','2015-06-01 20:27:51',1),(98,'Jose Roberto','Alvarez Escobar','8va avenida 11-47 zona 8 de mixco sector c-1 panoramas de san crist&oacute;','50164472',1,'12345678','0','jralvarez31ra@gmail.com','ff357a5e5b824bd3c41344f443cfd3b4',0,'MYZZ=4IUZYYYYhDZmWzMGgjZxyjiNOZ0EmZjgjMGZVzFzxhWETFyZQMx1yEYj2TMdYm=jJEyDN4izZWQ3QOmMmjj',1,'2800 99355 0101','1995-08-31','0',1,'ODQIRMWg=ZNj31FDzTiNOkMI=5Zzw2WZQkkMNTTj3hJ1Z0Gmy4gkMZjiE2EWOg5zUNMTGDcNjmlOMNDD1mYNZFYZ','','2015-06-01 20:43:56',0),(99,'Leonardo ','Noriega ','Ciudad capital ','41382838',1,'123e_4','0','Leonoriegagt11@gmail.com','df788c8dd71fb1e9ad29df70f3299b7d',0,'dgcjDjYDm1h5NMNWgRGhFUYQlw=GYDjOTT2zNEZT=AMm1zRMhk3RWTW34Y0RlYkYyYMDwYxYZzwE5mNjYNZNNNgO',1,'2579988100101','0000-00-00','/images/fotos/clientes/MUEmMMZYVy32MZYMjhWz7.jpg',1,'ZDNhwk4mTwZ5ZzTwEYMM2ZODmYlM1hOWhENlhd=OZNTYRT2FT3NMlD4Z=NgQUAmhkMMNmZmz3OjGZkTcjM1mRMTT','','2015-06-01 23:12:55',1),(100,'Cristian Alejandro','Sicay Cumes','11 calle &quot;D&quot; 8-90 zona 7 ','42911165',1,'12345678','0','cristiansicay.2c2012@gmail.com','fa63a4ab8a1c06f9333bb2d5ce1822a1',0,'hYmwNYkYYNYkMNjjxMQihWDxUm0YNMjYzVhRJzQjYNWNNDxT5N=Y=GQTNVZBmO2mmYDDlYTcNUNkGz2cj0W5ZwO3',1,'12345678','1998-02-19','0',1,'MYyYMBZjlNVzNAmmIEzGZjG22MYyJxGJlxGNiEJY=jQxUilO2TJ2MAQTjWYZZYNMV=Nz5NGTZDDjhjkcjWMjMMZz','','2015-06-04 23:15:18',1),(101,'Jos&eacute; Samuel','Mart&iacute;nez Mej&iacute;a','51 Av. 7-60 sector 2 Alamedas de Villa Flores, Zona 7 San Miguel Petapa','47694419',1,'12345678','0','martinez.samy@hotmail.com','05117b98b9636420c2451d5f39b8a48f',0,'RkNVGY3NNA5A5DYGkOUZ2xwMwTUT=0ZwlGW22OkZQY5DGZMjNNWkUM33UmGjM2N=xMURTIYNOzzUMONmihA2EYzY',1,'2070 22895 0101','1996-09-12','/images/fotos/clientes/NQMRgy4cxUijMMZZzmDjy.jpg',1,'OhOVVczZUG5M3GMyiMOGixIjEGNWhgNWxgYdjTMT3EWANED2N=M=2DOYz22ZZ2AIOYzxMZ0ME0jOWT4NOjDjMjYY','','2015-06-01 21:13:45',0),(102,'Javier ','Luna','Casa D44 Condominio Montecristo San Jose Pinula Carretera a Palencia ','56904370',1,'12345678','0','Chico-listo98@hotmail.com','fc1b7c962f804b375ddc2e6c7a9bd73b',0,'Y2DNYIYiDW=NM=jwMN2mhYhMT5ZiwNWTDZzjNZRNZlmM2imhjIUMh2T2OUOZjMT2iiRgZWmO5VlRFOJ2NNIlWwMk',1,'17 ','1998-02-15','0',1,'zNwIm4jTMOTYDM0UYZEcgYQz0zzNE5YITjGMywYNjAYj=NNz44mkyWM4zdYkM2J51ZTYgMMN0kymMNUlmYMm2=mz','','2015-06-01 21:26:59',1),(103,'Dennis Kevin','Barrios Bonilla','11 calle &quot;E&quot; 08-82 zona 7','55838629',1,'78954582','0','dennisbarrios11@hotmail.com','618e4573b5f537c79a399876fe4319bc',0,'zjzmiEMYNU0YQY3TAlkUwYlwwmNYDzW=DZVWONNMDYN2xMh=GzOk1TMOTOEicTlkDMYTwmmIM3l3IMRM3lNJlMTz',1,'50785814','1997-02-11','0',1,'YxGIi4T5M2mNG2ZE25yxIAQEzOM2Q0BIM3z0YImZZYTOjZYQlzO2NMYYDwYUzjm5Ty=Zj2=Z3cTVTMjkNEA2wUYU','','2015-06-01 21:11:43',1),(104,'Nelson Felipe','Lopez Chavez','Entrada agua de las minas 2do Callejon lote #5A Guatemala, Amatitlan','51352223',1,'564798j2','0','felipechavezdj@gmail.com','4edbc6aa71f7d6f6dea1e025c831d021',0,'DzDZmmZZJkjY=w1zDjNTYR1YMzxEYdNEAjNwNmOMzlMI11AhMY=1kYNzB5GlI0Tj3ETTWQZYMUjAE1zNUW2BhYTT',1,'8e455678','1998-02-21','C:\\fakepath\\perfil1.jpg',1,'gjzTzmwVYmMOcV5idmElOGDMdYOwUTNEQNN=my1MyGjMwm5DmOUyMjQTY5TYYUYi=jzNBMcWDy3MYNkQNGmkAYmZ','','2015-06-01 21:43:02',1),(105,'Pablo Alberto','Fernandez Barrientos','4 calle 2-68 zona 1 Villa Nueva','57643656',1,'12345678','0','fpabloalberto@yahoo.com','08d73df56eabed0bb5dec9346fd8570b',0,'NMDjM2=U5EYZ2YW4zIM1YQ2O4jM2Z22mwDzGNQNjcWT=zZ3cV5RzYjclFQjkjchYTNUMldMOMMYM21mk0MTyNN5W',1,'3046637780115','1996-11-06','/images/fotos/clientes/jjN0MMmUVZNW22NmmYZYo.jpg',1,'OEZZZ4ljmWiMNEM=YMmjJJjDWhdkN4=2TxMM3MNhxTwNG2ZYzYk2WVdZwGjZ3DTM2N2MI0WYQJEMDZT2TZDYIQh4','','2015-06-02 21:57:23',0),(106,'Edwin Emilio','Mayen Guerra',' 8va calle 6-82 Guatemala, amatitlan','56216167',1,'45786912','0','edwinguerra.dj@gmail.com','ab49b84e2209674806f8f3a555f3edb9',0,'=NyQFZkODGEcMzY=YNUTEIjmOYMUDZNY1MNWOzO5OmMWzwjGmZN2TVWmxYTy5GAGiWQzZkYdRM5NhEwTk4hjOihw',1,'2850767280114','1995-09-01','0',1,'','','2015-06-01 21:39:44',1),(107,'Andy Steven','Perez Gonzalez','2da avenida 7-62 zona 3 colonia trinidad barrio el gallito','58323740',1,'1217157-0','0','pandysteven@gmail.com','4ef0709851739e4190940e25f03b0c77',0,'DMYQZDjNZi1jMUQlDJOO3NjEjNFMEYjEzMRAwhMU3kY5TiziFjMNjhYG42Mm2z3TZQJNA2m5T2ZxjyM=NMM=NkzW',1,'Menor de edad','1998-04-13','/images/fotos/clientes/Yljh2ME1jTEzM2OjNjY=o.jpg',1,'YD44jZlxYzwTO4NNRTxZxDYDZzgZTVNYYjRMzTgkZGAcj1Y1MlFzkzNNDTZxZ3mQDThmQ=hZNUFcg=DZYmwjhNYY','','2015-06-02 15:10:16',0),(108,'Jose Andres','Cruz Aguilar','6ta ave. 17 calle lote 132 colonia reina barrios zona 13','55852779',1,'12345678','0','Flash_96_@hotmail.com','b959ff39eeeed134dd86b1a4cc6b905a',0,'MNV22UgUYgNMYQTJY3TGkj2ZZzN=zNlwjEJQ=jAYROTUDOMDiWTD0G3wRlkj2Ow3OjxjjNjGclZjYNYM2g3NWMlT',1,'Flash_96_@hotmail.com','1996-07-26','0',1,'IlGENTTjxlZiZjxEDYzQhOJzY3=MNZxjmx2TymlEEI2UWmNWMyl5QYFTgYMNTZcMj=TzMkjzkZwdw0ViNEYxMYQN','','2015-06-01 21:54:37',1),(109,'Andre','Reyes','14 calle 3-23 zona 12','55969833',1,'2354712-K','0','elrolo5596@gmail.com','b596ffbfb72c7af69353d0ed0de1e3ce',0,'xNETQAMNZyYmG2jMODmQmTjYNDM5mDMWh2NIzyNNkOOcTzDWYyTgIM3TQNWzYI3wM2ZWMGMBYwyxUEMRz=Z=Yjwg',1,'30274630','0000-00-00','0',1,'B2A=OTdhkzOgRWTGUYMEYZYNDwZ5hzmQzxNjOjTMhllN1UzDWM4yh5dDZDDTjIZZN1MDZY23EONOO=0FYFycImET','','2015-06-01 22:30:06',1),(110,'Jose Manuel','Teque Alfaro','1ra. Av. &quot;A&quot; 14-73 zona 1 Guatemala, Guatemala.','54586338',1,'8254497-2','0','jteque95@gmail.com','34aad4f31235e971063e93e3c387e797',0,'gOYAU2jxGDO25TMMMNIJN1DDTNjjViN2yYVQ=YzMjYkOZYz=NAU54kOTYM1WDEJDkQmYiA2y2MEI0OB5NjG0NTjm',1,'2691 75180 0101','1995-03-13','0',1,'','','2015-06-01 22:32:05',0),(111,'Ervin Esteban','Andrade Urbina','16 Avenida, 24-24, Zona 5','56332415',1,'8760718-2','0','Aesteban_1996@hotmail.com','42f310052a295ddd5d81bee30d7d5b1e',0,'OYNVNNwiZzGgYTGYYZzhFNQ0l133wOj=4MZAmMAW5TQZBTE=WNhiZ5ADj4gNNTOMw3jmNF4NYYj1EzkjjkGYJD2M',1,'3450 32969 0101','1996-05-04','/images/fotos/clientes/FjmjAxDZDYkmNQxTZhYz6.jpg',1,'IMmjMjMdWOgY2mzwZNAZNmGTNjhTUM=FYRiGWTOmZDj0TM=QYjzMIUmiN1NGTYZ4Y3RYNG2GZQlY4NJxmT4YM55M','','2015-06-01 22:34:07',0),(112,'elvia susana','mejia hernandez',' 1 calle 18-57 zona 14','42158776',1,'7278794','0','sumejia2707@hotmail.com','3729b597cdad202c5ed24bf2e878eece',0,'2DAN2kIYOylxNRmmMOzmkTZYRzEZWNcNlNTmmjZDGDTTMVOgm4MQR=O3=EmOkjzUTZFZ32EMhj1zwF3MQh4MUN5B',0,'2073100840101','1991-07-27','/images/fotos/clientes/mTNMYNzkVEzGgINZITNZn.jpg',1,'','','2015-06-02 11:27:05',1),(113,'Tiffany ','Lima','10 calle 12-63 zona 1','54963938',1,'12345678','0','tiffanyc10@gmail.com','5e632beca9ea230b15615e3d8af34760',0,'UT2YYRhZF1MTWjx3NjTMVMYMN1x=mNDmVxjO5zzY=5AUNQk2Y35MGMkDjNEykNhmZNc2MYjwTy3QZ2jzEgyYMYTy',0,'3010570010101','1997-03-02','/images/fotos/clientes/jNhjZ2U=2zNjDGTT=YGM4.jpg',1,'','','2015-06-01 23:09:19',0),(114,'Elbert Yarssinio','Rivera Arriaza','33av. 52-27 Col. Granizo 3 Z. 7','31607632',1,'7001740-9','0','yarssinio@hotmail.com','69bb0577a1b7d1b896ca1d040e98243c',0,'U2DjEZM4Y3Z5ZQYyDxZTmDEN=UwzYMYz24TWy4MzAjimU5EmMZ0DlQYDZTE4NZY2gMzJyATmBYM=RWZMZTNMkkjD',1,'1935-58564-0101','1991-01-19','/images/fotos/clientes/DZzgIN4mGVzz5GOQ4El0S.jpg',1,'','NNQZxT0EQmNNjTMhEllTlVMGMT5UDmzWDYzEj32YzNhMYRTxYNzZ1NMZylmONhNQ5TxYYG=2E=djMTY1ZZIzQOkw','2015-06-01 23:06:53',1),(115,'julio enrique','carrera sarazua','3era calle 3-85 zona 7 colinas de monte maria sur villa nueva guatemala ','30147183',1,'74698842','0','carrerajulio1790@gmail.com','f24a42160b71e4eaab767669eba69e8d',0,'GTi3GmZMRz=zE3NYZYOjMjVi=I0zZMMMNjOY3l1j2MhMQIjNEGgZhR1EYzAdmmNVcOOWWjDw5MzmUTVDjUYZ5GzQ',1,'2267714740101','1990-07-17','0',1,'2YzJNQyjTTNG5MGNMZyMYjEhmcQZZkNj=jiTNEyElxND3TYR=yYE5Yg212WYNRZMNmTjMYi0GYNTMMmjJYEjmTJN','','2015-06-01 23:02:39',1),(116,'allan','urizar','lot. 30 man. c z18 carretera al atlantico km. 16.5 res. planos de llano largo','41845908',1,'8843431-1','0','urizarallan@gmail.com','0c6d81ea9835ec25fe4de7919a0047cd',0,'VJNYYNYEmNzjFjyNEj2zh0yOWYMWzM3iUjzMlNjmNNUGENWFGjYZ5ZY2MwO5AWTW0kEG3ZIN=jxiRNQI2wzUNMZ=',1,'3166665110101','1996-09-28','/images/fotos/clientes/NmZ=dQTgIWQOIMYhNjNB7.jpg',1,'','','2015-06-01 23:05:11',1),(117,'Jose Alejandro ','Calderon','30av. B 11-28 zona 7 tikal 1','47454686',1,'87654321','0','96.alejo@gmail.com','d1448d121a94ed28ecef84265583fec8',0,'TwlQE4Y5yNZGgZ525TNNODTYDMDY=TDNgN3WAN=MZl2E2RmjYlOMw0BV3JkY4TQjhigY1MQWUlNzzDM0jZMmNTmN',1,'12345678','1996-12-24','0',1,'','','2015-06-01 23:30:16',1),(118,'Maria Jose','Ramirez','Colonia Asunci&oacute;n zona 5','51126396',1,'12345678','0','pollo_2529@hotmail.com','e10adc3949ba59abbe56e057f20f883e',0,'jMMgZNW4yEWQmOmzNGQk1jYTQYUTTTGmMMRZYD1lMZ3VjMMBZNz2NVzDhITYZ5xZNRwmmYlA3h=mZx2U1M=DYjzM',0,'2979088550101','1996-04-14','0',1,'','','2015-06-01 23:07:10',0),(119,'stuardo ','urizar','lot. 30 ma. c res. planos de llano largo z18 carretera al atlantico z18','56121051',1,'7140987-4','0','stuardo.u@gmail.com','e4356796709641d77dbf3a74ab0636b6',0,'zDIGYIlUz4zxg2NZ21OOQJDDNkZZ13TIwOz=iwGD4O1YGNdGMjGMZlMzYMhOY=GMYRImY45UQNNVMYGjWM0zDkEJ',1,'2089132700101','1991-11-06','/images/fotos/clientes/NNGThjINYAmJOyljOGTU7.jpg',1,'','','2015-06-01 23:31:06',1),(120,'jimmy','velazquez','llano largo z25 carretera al atlantico casa b ','31558256',1,'8823411-1','0','aless316_@hotmail.com','7a719218b2be55945df426d5cc151170',0,'GjlF3WlmimYhMhJ5MNTTkiMc24ZMkZTh43NkD2ONmT4WYJYjY4kZYUNd=IMYYzVlZGYkY0kYTODNJ=z2NT2IzQDZ',1,'24610185700101','1990-06-08','/images/fotos/clientes/T2YQMzxZWk5YEZxME42T7.jpg',1,'UZzlM3T=25E23khJDNROzjlZTWmMTZD=5jNYMNZykZWy1ZcVjhUYmNEI1WBmYVTYGjgIhENNzjIhQNNZ3OzYZyTG','','2015-06-01 23:51:45',1),(121,'Sandra','Barquero','43 av 4-11 colonia lomas del rodeo zona 3 mixco ','40125517',1,'67863132','0','punkigirlsankotessoul@hotmail.com','ae42f52a97e16c29c8e810ce74849287',0,'QNi0=QZjTMWMYIM3YYOdRY33WFgNjZOYQI22OG5mNN112MxY5ZDONJ=2WMDkiRY2DZY2MkjMYNgiD42Zmw1yYWGz',0,'2059307000101','0000-00-00','0',1,'','','2015-06-02 18:29:35',0),(122,'Pablo Jose','Cabrera Camposeco','32 Avenida 22-91 Zona 5 Colonia Labor','23357240',1,'88435911','0','pjcampoo@hotmail.com','a31a02dcbf10e7696c8de228b7a23a4f',0,'kIYDZ4kyzljzmNdhD3EYExkMOmOjTOYZ=GmDAWMUd0j2IjkdYNDTRZ2M0ZZQROx4WzYwMYwjNJmD=ljI2MZOTWD5',1,'3012939450101','1996-10-14','/images/fotos/clientes/WZ1YOMyGVDQJFYUzRh0Mn.jpg',1,'','','2015-06-02 00:21:30',0),(123,'edgar giovanny','cuellar','12avA 0-10 COLONIA MONTEREAL','41516930',1,'12345612','0','giovanni_orrego@hotmail.com','69b7a4de06a2d1a8d37647d3bf90591f',0,'DAYllYYMjWVZNjOIEEx4mO=M4UWZ2kjTNNh=WTWJEGkNN24DYYh0kOYZgjYGOE1Njjjdh12FZMz0BW0TI1MjNGkZ',1,'2293 50925 0101','1993-04-19','/images/fotos/clientes/wkmwlYNJMQjNZ0=WdTJzo.jpg',1,'','','2015-06-02 00:32:27',1),(124,'Jos&eacute; Carlos ','Qui&ntilde;onez Arriola ','37 calle 1-49 zona 12 colonia Javier ','44499833',1,'84344172','0','Joseca012@hotmail.es','7d6be8f7aa5b18ebda45c488f1453e8a',0,'NjEQxOMOjM3dUjMNyZZDIMBUlMMYTijGZMmwz0ziENmzGzN2cZMgZjDIxx35jTQD4TcTMDN2Ol3Y=EVM=jm2MYM2',1,'Cometin012 ','1992-03-26','0',1,'NjEQxOMOjM3dUjMNyZZDIMBUlMMYTijGZMmwz0ziENmzGzN2cZMgZjDIxx35jTQD4TcTMDN2Ol3Y=EVM=jm2MYM2','','2015-06-02 00:21:03',1),(125,'Susely','Hern&aacute;ndez','9 calle 8-34 ','55542411',1,'70468745','0','lesshernan@hotmail.com','1564dea2344b93c758f688c7596c9ce9',0,'TkTMOZFTDONGZFOgOzEOW3mmi25=jBG4T1kV1=jGZNFNMmOwjUTZGTZZUDB0lw2iYyNFDYiM2hMGMOYIONGQiWAO',0,'1838353790101','1987-08-02','0',1,'','','2015-06-02 00:23:53',1),(126,'Harry','Lara','carretera al morlon, lote 0-602 interior &quot;D&quot; Amatitl&aacute;n, Guatemala ','52583992',1,'--','0','halj96@gmail.com','2be1cba0b038aca7b2421c59030eaddd',0,'5IOUyzhYhcYNWOx4NVxNZhiYjMlDQljIcMJ0=5NZYT2FNM5MNZTmjljYEMDwN3=EmYkYJc5zQNTTWTkm5kMlN2jw',1,'2983 31780 0114','0000-00-00','0',1,'AOmDYVOhYYMmYYwFkz34kWDzQDNNMMNGzYEDg3M4mmY=zMIjNyVTzzD1NQYYIWhMlE=O2FkyzN5QYzT2ZZDzNTGN','','2015-06-02 00:47:11',1),(127,'Susely','Hernandez','zona 7','55542411',1,'70468745','0','lesshernan@gmail.com','1564dea2344b93c758f688c7596c9ce9',0,'YhwwWE3jxjj5IWhm2F2jMzlZjWYZTJxMNjMZgWNZOhERUjNTT21YWNljNZiE==JNAZjDzMDVkJZUDNYzGjYYxYkY',0,'1838353790101','1987-08-02','0',1,'=YkTMDQWZM10UhiTNxRjEyMkYWON3J24yU1ZMzcZQ2M0=m3Z3G2YNN1ITZWl2zMwTGmNMDFThWEzNYE3ENMVZNUA','','2015-06-02 00:35:35',1),(128,'Jos&eacute; Carlos ','Qui&ntilde;onez Arriola ','37 calle 1-49 zona 12 colonia Javier ','44499833',1,'12345678','0','Joseca012@hotmail.com','7d6be8f7aa5b18ebda45c488f1453e8a',0,'TZZ3MMQ4N32d4IMkOYjRmFYjYDQWzxQmxgTNMMZYZ=ymYNQG1DYRD3VTxYZm5wM=GcjROQYUOTWmA0TZYmYThjTW',1,'2115042700101','1992-03-26','0',1,'ETNIlBQ3zjYj2M1FTkONGMOZZzAm2WGAUmZTlW3ZNNZZZFig=kWkQEZDMjZWmN1TWcY=DN12WNTG5ZZZxYDiyFN5','','2015-06-02 00:36:40',1),(129,'Roberto Carlos','Ramirez Gil','5ta calle lote #7 manzana E col. el morlon Amatitlan, Guatemala','33413510',1,'12345678','0','robertothebig@hotmail.com','48f9e1439f9cc6691bfcaf06bc692237',0,'4MINGNYyBmNN0xjWzMg4l=ANMMjYG0iMzZNzTQgYzMiM43JTVETz0wAMYjM2GwNhTYYWZzjT=YZzGTgYxNMMN2lM',1,'2754039980114','0000-00-00','0',1,'','','2015-06-02 00:41:01',0),(130,'Melannie Stephania','Hernandez Ortiz','18 Avenida &quot;E&quot; 9-79 Apto 4 Zona 21 Colonia Venezuala','41839171',1,'88456521','0','melannieengel@outlook.com','a31a02dcbf10e7696c8de228b7a23a4f',0,'Q2RNYD2N2TME20324NlwZNmI4zkxDND2jNTmcIND=Y20YQGYNTNM1NOjDM2MDMWNTMgMV3hD=MEkMTjzIhlAUYGV',0,'2995699850101','1996-12-09','/images/fotos/clientes/zNxiTZYMzlZm=2dD33FIn.jpg',1,'UJYQZNj=1ziMDO30xz=4NY1WMjwZEUjIImWYWlxjDDNhlNQOGZFYyOGMc2NIiF24zTGhNDOVNMDjUFZJAM5QWI2i','','2015-06-02 00:34:59',0),(131,'Salvador Emanuel','Baten','1 CALLE 12-27 ZONA 4 MIXCO MONTE REAL','42663665',1,'83220666','0','giovanni.orrego2015@gmail.com','783b913c20b6380b9afe888706001069',0,'IBDzYZDFjmNhOZMjMjjTzM3NM=QYMwNMEDwwUkGZ5hyOZyOTMgigDWGOwzjUIM4TmG1VQjlI2yDz4Ag=UZ2MN4ZN',1,'2333 56355 0101','2015-06-12','/images/fotos/clientes/TNNjMYxYOkIE10jAmkYUn.jpg',1,'','','2015-06-02 00:48:44',0),(132,'juan carlos','salvador baten','1era 12-27 zona 4 de mixco ','41251510',1,'45251687','0','gio_zx_12@hotmail.com','82a00b4e38c23f0a22f25ba20c5effdf',0,'I21QMgYOQwOZQmmm=wEZBNZhmT=zDNjADgDYDYVNTiTDJZlZjMFczDmhMmk5ZO3wDYQYDMm25yWNZzjYzdFDAOwM',1,'2293 50933 0101','1993-06-24','/images/fotos/clientes/ZBZNWEjRJlMlmZYYZldMn.jpg',1,'TMDYBM3OgN2l=RjA1OYZcWjNjZNQmM0N3wYUZY35OONM=QG4DkTZWZzmZQmMGIMW1Q5U4UMj1GIDNYDOMkmjzjiG','','2015-06-03 17:10:16',1),(133,'Diego Estuardo','Rivera Velazco','5ta avenida A 22-50 Col. Primero de Julio','54623322',1,'86633066','0','die-g-ini@hotmail.com','b0ac23d94dcef21e36e457b4abf6e0cb',0,'Y35ZYmMyZAgNOicG2W3yTZZhjjMWwMZ4JjTTY0FDZV=YkZlMNMANjxWDwDjTYNjzNcwGVkMTZN2mNQjMkOWMOYx=',1,'2916 21023 0101','2015-06-05','/images/fotos/clientes/QWNzjRy4ZDiMIEFOTYzmn.jpg',1,'','','2015-06-02 01:07:14',0),(134,'jairo emanuel ','monzon','2da calle 12-51 zona4 de mixco col. monte real','55867808',1,'45852135','0','Desco_wasewe@hotmail.com','ea92df0c29ce6976d3a16d559fb39e16',0,'JAMW=4QQDzZ50YziWJyNcjZDcZMGN2OZY=kZMmWxTQYhl2Z5JGIk3zYZMYlWxzNTjdgmjQZTN1IwMIwIAkxYTMcG',1,'2986 98102 0101','1996-06-21','/images/fotos/clientes/kjOlN=OjYWjmIYxNEiD2n.jpg',1,'','','2015-06-02 01:29:54',1),(135,'marvin estuardo','culajay','vista hermosa km21.8 carretera a san juan sac lote. 40','42372259',1,'45875822','0','marvin18-@hotmail.com','da59eadd01b3702fded150a9a34a514f',0,'NJBhNk51ZOTF=1OjDNDgT2jOMk3ITNYOdQW32MFMmMDBBJ5kmTMNYDW2OlOzOjZhkyFj1jQImm5NY1YN=jNyAQ2A',1,'2599 90302 0101','1994-07-12','/images/fotos/clientes/MMFxTZG3=zTQAMmDGWMYn.jpg',1,'=lUW0zTMMzZTG1gZ3MYOMMFWN=2wMOIOJNGZWMZ5lEYymmWzZITN2hgNDTxTMT0TQNWQ24MQUgmUwWNy4JzOdN52','T4TZMZVmOTxJwkEM0MDGNjMOMDzN23Ikzj=EQjMDyMcz1AwZ1MEmQEzUNTGghzm4Aj1ZMINNMWEzNGUNZ5TxTxd=','2015-06-03 18:41:07',1),(136,'H&eacute;ctor Eliu','Morales Ortega','Prados De Villa Hermosa Sector 9, Manzana C, Lote 56, Z. 7 San Miguel Petapa','47333832',1,'12345678','0','eliu7hm@gmail.com','90f5fce01e2ab2d72559c048ac06e9e2',0,'cYi4WZRMhIMm=hEOjkhYWNT2Zxk0xZTdYW4lmMFkmJDTjYkzh12=NlOTjkTmMDzDYZNYhQQNMMmZYONNjMwzMU4z',1,'2147 17089 0506','1992-08-03','/images/fotos/clientes/EUwM3jjmTNYNYFVZhTjY1.jpg',1,'jJR=MiNMTDmOUTFx4GZMNOYj2Zl2ORlE2cJMMgQIO3hRZN=TizhTmymhNwIW0TZT2TjhZIjMJYiOWN3kGMYzYjWD','','2015-06-02 01:46:34',0),(137,'Jose Angel ','Lopez Perez','Lote 1 Manzana 9 Colonia Maya Zona 18','30199396',1,'8164542-2','0','jose.angell.pe@gmail.com','2b17777d153f02022b7892ca40fe07af',0,'wgMz=UOMlGQTYGAYjlhZMWMzO20G2MNhR2ZGMTj2TRZYDGTxIYzmNlMY5ETNzMjGQjdZj1Y2lZOZNTmG=xY5MYYG',1,'1715 11670 0101','1991-01-26','/images/fotos/clientes/2kmmlONmjZUWRTz=WW2Y9.jpg',1,'yYZUB2DT22MNj2kk2MhzdcMMY4ZM40zN2NM1UUVjYNTmOQDU4WE4TjM=MmYmjmNNT0UJ4V=Yj2wMTgZwYNWGIEIi','','2015-06-02 09:05:26',0),(138,'Julio Cesar','Chali Mijangos','Ciudad','50109981',1,'4610744-4','0','jc.chali@gmail.com','2d3bb08ab6f98b8465cb139cc51a6ddc',0,'OYOwThiMYJ1iJNZMzMyN5jWWE2NOFm4E2Im55MDjzJNkl02miNhYZO5MMR5jMMTZTNNk=2gMlGYIYJ2jjjYj=NY2',1,'2240913280404','2015-06-01','0',1,'','','2015-06-02 10:51:54',0),(139,'Arturo','Ramirez Gil','5ta calle lote 5 manzana E col. el morlon Amatitlan, Guatemala','45443247',1,'12345668','0','arturorami502@gmail.com','48f9e1439f9cc6691bfcaf06bc692237',0,'zZZg1wDYYNMGiiwMAjGUNTZQZzMcIOjDM2khjzcYzD2Z3ONTzGjYdYDMJM=Ngm15=A2FY0jDYWy4YlYO2I2G5TQM',1,'2977022540114','0000-00-00','0',1,'MkMwyjgZmY2NdV5TMUM2MDUj2jwYE312AjYUTDWNTgD3Z1iZQylUzDRzjQT=ROY=ORMjONW5z3mNZYiwDNNMUZGN','','2015-06-02 09:40:32',0),(140,'javier ','gonzalez','8av 9 calle esquina','20523659',1,'59045-d','0','javi@gmail.com','e10adc3949ba59abbe56e057f20f883e',0,'MMAxMhNzhZk2MTmMYZw3ODgI2DDUJU3TYDMjjyyj2McNFxYOxQxOIYMzWOBERmZTmR==TYJmDk4ghMW2M2WZF3MG',1,'123456','1997-06-03','/images/fotos/clientes/N0gZMQz1wVjMOJWEY0zxa.jpg',1,'','','2015-06-02 09:47:53',0),(141,'luis daniel','pu','35 avenida 15-35 zona 8 mixco','49815435',1,'4542435-7','0','luisdaniel5616@gmail.com','670b1fa120f0f905c2545715e0d401dd',0,'mDDZGOjmJOTlNjzkkZYMJDhmQmjNldm4kw5zWjT=Oj1ZZQNjVNYTIOYl4Yw=TFcYYMjNZkxjMANZ3Zj0gAMNDTiy',1,'1945641420101','0000-00-00','0',1,'','','2015-06-02 09:49:19',1),(142,'Augusto Abraham','Ramos Rosales','15 Avenida &quot;A&quot; 18-68 Jardines de Minerva I Zona 11 de Mixco','47409222',1,'8865760-4','0','a.abraham.ramos.r@gmail.com','85b8a0455686a4180d06e8e3fe6542f3',0,'jzNYxhhMDDMOZGMGOJ34m4Yw4MjkE5jAOF=j2YxyMYZDRjQZmVMD2Y4kZOjEZMiGdA0QYzMNYz=mhzjNGkzMYNiW',1,'2659617260101','1994-11-09','/images/fotos/clientes/jhYjjgj1OkEZ3ZiyDQNNo.jpg',1,'','','2015-06-02 12:38:02',0),(143,'Abner Andres','Marroquin Galvez','6ta. ave A 18-59 zona 5 mixco colonia 1ero de Julio','55176594',1,'7716771-6','0','andreesmarroquin28@gmail.com','915171e14572ea0260c4d277be6894f0',0,'JDMAMijUYZTZEMWAGMNM31Z2Mw4ZzzNT2xGEyMBMhiMQMYMmjjZ0MMNQj2DYQzNDkYzmjO=WVQ0mYExZTm3xI=l2',1,'2271071440101','1993-02-28','/images/fotos/clientes/O40wVT=TN1YEdNjDhYTA5.jpg',1,'','','2015-06-02 15:08:08',1),(144,'Francisco','Chete','Ciudad','41080082',1,'82203768','0','frankchete@gmail.com','4e5ea1e358680116eb94ad05fe83e33d',0,'jNYz=izME2N5YIYYljAQTDMNiIWTihzYNdTZ30mVN3VUZjzNmjZMZjZYYZZJm=YA2JOhjjZkD2O2mxIYmyG2l2O1',1,'1625059530116','1990-05-13','0',1,'YmMlZckjQz2OIT5l=ZYjiDTYkG2z54zOODYyMT2NTMMwOlWNQkMjJT4MAUGZAN0zW2ZYkcjMBFMGZ=WZ42lYjEZZ','','2015-06-02 12:55:50',0),(145,'bessy','chan','bessy.chan@gmail.com','43816881',1,'70480761','0','bessy.chan@gmail.com','3d45bbe38a9fc5d4153fca9de0c02c27',0,'ZZMMYMiNNFNG34YGhEFzIEYDMY2yWzM2ODNi=TyEZlFT3OlDNWEOOj3ylDGkDJENYTETUlU=V0W2wMiJMOQGm1gm',0,'2362915720117','0000-00-00','0',1,'zNMNMyTMQNMdVYNTQAF15NW4lW=NZjZUMhGAUZxTTNNNkYTz5NIFzzNcMwlxEMYz=2zlDkkhEiMmiy0N2T0TImYz','','2015-06-02 13:03:52',1),(146,'Laurie','Padilla','Km 9 carretera a El Salvador San Rafael 1 0-67','30106430',1,'12345678','0','Isabelcastap@gmail.com','bf657ca9b64a6264e9f3116753d6263f',0,'IYcww=UjNNIDNMzTDOhJTNFZDT3jAZlzNNQ4Qj332DZZjZmZMjjlzZ=kNmDG2mEOymJOYDmEYkghT4Vd1MTAhZT2',0,'1234-56789-0101','1997-07-08','0',1,'NMIMy=jDhYMNmmm5YMOy4jEjF2cQTMMGkEIDxwGcM1OzNOVYA5ZDjIYhTT33MmTNOkQA2xTVzZDFT4ZZxOjM=hiT','','2015-06-02 13:10:04',0),(147,'Kevin Rene ','Yoc Diaz ','1 av 7-19 villas del amanecer 2 zona 8 de villa nueva ','58952537',1,'12345678','0','kevinyoc.ky@gmail.com','743368798bf8798f2de8178869a8bfaf',0,'AIzyjYMkDkWDJMNgU3ZdImmi0M2jW3kmOMNmNTMNzMUjDNjGN2ZTF1TgZZ=OUlNwyNYMT=ZMw4MwI4N2Tg5M1y2Q',1,'3319 60869 1219','1996-10-10','/images/fotos/clientes/ZZNU1jNjhjZgOJYT=zzBn.jpg',1,'','','2015-06-02 13:56:53',0),(148,'Diego Alejandro ','Prado Mayorga','11 av 7-00 zona 19 la florida','41281713',1,'8590471-6','0','diegomeadow96@icloud.com','6936df39e8504d7c7a14ac8c2579e051',0,'4ATklxDjOwmQMmEV=NYDjEIVmlzzZj=z2iRENkNMMRMDjZQM0MmjO2WIwJ2dJDxzMYByYmOMVzjNYxMmjmmNZYzD',1,'2929235460101','1996-01-13','/images/fotos/clientes/0ZhTzmOZzE1DQjWzhNVzo.jpg',1,'','','2015-06-02 20:06:42',1),(149,'Iris Maria','Santos Yanes','31 calle 10-00 zona 12 apartamento las ilusiones','54145262',1,'8590471-6','0','pfirissantos@gmail.com','b7cb94770c74e670b6dd055691e84514',0,'MYmYy=GFY5MmIzjNh0G0TDUOcYZ35lNdzOZQOQZm32MTYMjUYM0mgYM=DOAGzT43WzGEN31wZTDUTONjZZYQTjmZ',0,'2223391520612','1993-04-30','/images/fotos/clientes/MQD43WFZmlZMVl2M2AY2).jpg',1,'','','2015-06-02 23:09:28',1),(150,'Lesly','Barrera','Casa 2 manzana 7 zona 2 san Jos&eacute; villa nueva','42117847',1,'7851197','0','Leslybarrera.lb@Gmail.com','1e3e448a19022c19621698ec33ad39d0',0,'W2jiMhgMjc2QNFd=jZM3MTzNTz22yTMZmEjY=YMUkMhjh4kZmlUzhD5JT1w2BMEdGZTZWhEMkYO3BNYwD4ZQNZ0D',0,'2511544880101','0000-00-00','0',1,'W2jiMhgMjc2QNFd=jZM3MTzNTz22yTMZmEjY=YMUkMhjh4kZmlUzhD5JT1w2BMEdGZTZWhEMkYO3BNYwD4ZQNZ0D','','2015-06-02 14:25:33',1),(151,'Daniela Maria','Santos Yanes','31 calle 10-00 apartamentos las ilusiones zona 12 ap.5','41284454',1,'37042-7','0','santosdaniela335@gmail.com','74e09e332c53f6917dc09591cf30034b',0,'0m2YOTMGGOJk2YkzY40ZjQZz4NYNc2DYYw2T2OjdZNh1hl2ZkjDzOAMElAQ=w1ZGjMMzWkNwTNNzMYZYcwME=AGy',0,'2977490800612','1996-03-21','/images/fotos/clientes/TGYzGzETVTDOYhhj=YTio.jpg',1,'','','2015-06-02 23:14:44',1),(152,'Cesar Daniel ','Lima Morataya','11 Avenida 43-04 Prados De Monte Maria Z.12','24773835',1,'24773835','0','Moratayaskate182@Gmail.com','d538fd06d5c9f890c67d948d9a2cdc94',0,'D1MDjcMkWZzyINZNYFG4MUNZQMMxYTEY1MADDRjNZk=1YMWDGmiY0=UMVwI222GlZjzYhgZjIjUNgDMWywixRwMw',1,'59266993','2000-07-21','/images/fotos/clientes/zw22zQGmxTl55MZU4YMmo.jpg',1,'GIRQMYNAMQhOWMxQBTzOTZWgD5lZ1YRNYZ3MjW2jlNZNYM=Dkmy=MTEZimjcgmM1GwmTNxNzQThzxMT1iNNchNyz','','2015-06-03 15:36:21',1),(153,'Edgar Francisco','De La Cruz Archila','10av 16-05 Cond. Real Minerva Zona 11 Mixco Colinas de Mineva ','59571638',1,'7039143-2','0','pancho.sand72@gmail.com','969256b3e6c1e0a6554794c3af52fc53',0,'MDRGj=WGhll2jZzzB0ZNMiORMNJDBMDThMA2xzmiOiTDcN1MOilmWY=OUl2FNZzWmhFZWZlTGZ1ckQgONM0MYT3j',1,'2217714090101','1990-06-03','0',1,'iU=NZg3iZzYYzJmzWzMMMOY2=WDMjwZN5VEDNZ2EjYYwQxZ5OO2NWDjJjlmmD2ZMUQzl25MJOTZYDZZDE320OjkW','','2015-06-02 16:46:11',1),(154,'Jose Pablo','Marroquin Galvez','6ta. ave A 18-59 zona 5 mixco Colonia 1ero de Julio','54554647',1,'C/F','0','josepablomarroquingalvez@gmail.com','49f00c4c23cc9fc635d76d88c4ed1cf4',0,'=MZ=NOjQRYZDIGjG0NTMM5zBDTxmwWNhUM5ZUjJT44YjyEgTiNGAMQ2jO0NZUYNh5JMTNzhRNThD0zMUNjlNlNmQ',1,'2271071440101','2001-04-11','/images/fotos/clientes/B40DDN40NjMMDlAZzGMZ2.jpg',1,'','','2015-06-02 16:11:43',1),(155,'Erick Omar','Letona Figueroa','San Jos&eacute; Pinula, kil&oacute;metro 1.5 carretera a Palencia, Condominio Montecristo, manzana B, lote 12','40010336',1,'12345678','0','omarletonaf@gmail.com','1395b0ad5e11be504209de26937ad7d3',0,'1ZU=UMZTNGQOzjzzlyYY3M1MANZijZm5DNOBjwGhiyUETlDEEZkTGDZATOz5Ej1UFYNYND=ZZW2NTlVmjA0ZRxZU',1,'DPI','1998-03-14','0',1,'ZZBAYzhlzU0mN2NyJzhgADZTmNDZyWD=NYOmDFMDGwM3NmdzxkYNQMMMMYMZQyDjODAOzZ0=WRNYWkjmkkjNQjlD','','2015-06-02 20:57:50',0),(156,'Kendall ','Melgar','30 Av. 8-86 Z. 7 jardines serial 1','30309424',1,'6277416-6','0','Abigail33m@outlook.com','1fd474c1b40b01f73728b9cd7bb27d15',0,'YMGkY3iZQNZDMMd1NUx=xkNjmOMGDDZ4MWNGhkZiiYQgODk3VTI2jZMiIywIMzWAZDZT=5gORRZymDzdFhhGODGk',1,'2TWiBOhMGjYWZOQ','1997-06-28','/images/fotos/clientes/NMNUI2N45dYW2MDDNTOje.jpg',1,'','','2015-06-02 19:35:37',0),(157,'Renata Paulina ','L&oacute;pez Alvarez ','47 ave 11-36 sector 3 Alamedas de Villa Flores z.7 San Miguel Petapa ','59367709',1,'12345678','0','renata011008@hotmail.com','ef56e4afffd16612e299275007555f35',0,'AJxNNN4MYzhTMjMZGz5cTgklDmlll2DhQN=DEMOEjmjjxzcwhIjxYyZRxBMN=jMcjAYmYNYwMMZTIZjYWkzU1DMw',0,'3011712890101','0000-00-00','0',1,'','','2015-06-02 21:32:24',0),(158,'David','Zuleta Rodriguez','47 calle A 10-20','57042885',1,'569288-1','0','davidrodmusic@outlook.com','1cc257fbce33b85fe230724dc05a0de4',0,'YgWlMmmjZjJN2hMlZMMEENGmN4zyl5I2Yd==mEhkEOMUTYNyZUVTDM55mMGEZDFZZFGZ4EZGMi30MDMAz1i5z1zN',1,'1621693450101','1999-07-19','0',1,'NMDOlAiljUGmNNOgxYNj50GhMmNNNYgYDDz=kJmMxxYyN0MDM=WzQNjMWx5QzEOYFhZT5gMO2DMMljRzDOQxwAwG','','2015-06-02 16:57:21',1),(159,'Joselyn','Argueta','8 Avenida A 0-66 zona 2 de mixco colonia tesoro banvi','40111663',1,'12345678','0','jmsn_98@hotmail.com','391b0faa493ef8c22764116926185295',0,'TOmFjlNYMAIwTw=j0c5ZZZMNDO2DDT4NEZkwJMmxxDzxgN5hMi4mMTMMlDAMNMyTO2WOOUGY4lRMMDTOGGTNYE=M',0,'2451493840101','1993-09-13','/images/fotos/clientes/MMNQQQZzQyQ3j1xy5TDG9.jpg',1,'ZGjmFZ2MjFZOJYQZwYm2Qi3EThT1FMZZAy2MM5WTEZZ2YlMAYZ=2hRFlN5M0mOJGDZzUWjYWkUNIl0mjzE=VGjYG','','2015-06-02 17:27:52',1),(160,'Maria Feranda ','Corado Salazar','QQ 297 colonia el milagro zona 6 de mixco','49842783',1,'12345677','0','mafess.1997@gmail.com','02fe58b421b6231b5350c6fce178c7bd',0,'YMQ2lNWWIYYw5MY2GkYIY5jlNNIRzjZNAIDgIZQRY=Jxmlj2MZ1zjjzkY20ZMjQMR0Tz3mYmEYy22OGzjWMcO=1N',0,'12345677','2015-06-21','/images/fotos/clientes/kZQjGYQjcJ0zTAzzMNjMA.jpg',1,'zE42UZ3GZZT32yiDhAlAZGFWZYzm=NEMWYZkYD2NOmYc2xjYDjmFNx=jENOONjNjmUUl2yyjMZdkYl1DTZDOMNJj','','2015-06-02 17:37:39',1),(161,'Oscar Emilio','Anleu Hernandez','6ta calle A 26-35 zona 4 Prados de Castilla, Villa Nueva','58215990',1,'12345678','0','anleuoscar@gmail.com','0be3c79610a6c0ae9e75995acf2f036e',0,'NwGN2NDzz3YjDOVME=mZQ2xNyNYVxY2UFZzl1IxzmMA4hWMZWM=3NzMWQWMZDRiZTmMcOgEWOTyzZEzjl2MZlYTQ',1,'3469365860901','1996-04-18','0',1,'','','2015-06-02 17:26:56',0),(162,'Daniela',' Pinto','Vista Real San Gaspar z16','40063974',1,'7977233-1','0','pintodc90@gmail.com','100ad50336716b9a6ec9ec18ea4939fd',0,'YMDQYzN=YiYjTx3ZzT24UTVZ3MNzi2lZNQzyW2xIzT0YUIEDMj4ZiZm13TzMhAQVAgMMkT=EwW2jNT2ZJNUN2ETw',0,'2059693130101','1990-11-23','/images/fotos/clientes/2M2TN2UMxZWZImgFcUAMd.jpg',1,'3WjDG1YOGIYZAMjNOkIlY4NlQcY4yyIYzM1jNTY1Z=zZm=l3TdwNNZyViAYhziZjMzTY3TO1OITMcDGM3RlxjMMY','','2015-06-02 17:29:04',0),(163,'pablo','fuentes','2 av a 3-28 zona 1 ','22537254',1,'3612002-2','0','pabloF.973@gimal.com','633aa5a1c66b9a539b06641f3b0e4498',0,'YMzMYMm0=wTMzNQM53jW22=FDi2MOlMZyYG2mNZOTmOG3M2mYTETUNTjJFWDg4Bj2NkMDwAM5TjEMENgMYxk3YZN',1,'pablo973_','1999-06-08','0',1,'YMzMYMm0=wTMzNQM53jW22=FDi2MOlMZyYG2mNZOTmOG3M2mYTETUNTjJFWDg4Bj2NkMDwAM5TjEMENgMYxk3YZN','','2015-06-02 18:07:59',0),(164,'pablo','fuentes','1a calle 4-16 zona 1 san pedro sac san marcos','22537254',1,'3612002-2','0','PabloF.973@gmail.com','633aa5a1c66b9a539b06641f3b0e4498',0,'DjQM=zmzYYk5mDzg5VhDETTFWNNYUWiV2ZVQYzl=M1N3WkMiYYYyNZhNDyITNQZYYk2MzEA1UN3N5MzMzhTYZT2h',1,'pablo9731_','1999-10-08','0',1,'','','2015-06-02 20:02:20',0),(165,'Julio David ','Santos Santos','daviid.santoos@hotmail.com','59492383',1,'12345878','0','santoos1469@gmail.com','496b2b50dc2080600a34555cf1b56994',0,'3TV1MlA4ZmyYGI2gNTyUMlcmGWTNYFDFTRMO2MkkINjjjOTJz2MYDiDNZN02Ocji=3=NjNJFOGZTYj2NDNiGMNRQ',1,'David Santos','1998-09-04','/images/fotos/clientes/xmy=wJIMZTYYiAUUNzgY1.jpg',1,'YdEMmMi2=QNEMTNwMZZMm0DjOUMIlm=Zw1DWFITZijYDMOTEmEjYJJNw4YIFO22AiTg2W3MZD4W2jxjyZTlhxhQY','','2015-06-02 18:48:08',1),(166,'Gerardo','Aceituno','38 ave. 12-39 zona 7 edificio ELE apto. 202, la Floresta','56166813',1,'12345678','0','gaceitunoig@gmail.com','7f70a1f88ecf8fd07f8bbe93df154b9b',0,'xJZZW4DNYN0zMNN=UMZWZDzhIYNZQNN2E222Tzjj2MxOjZOyMwxlZI0Y3jMIJj2DM=GMmNETlQTzZ12AWOj3TkUA',1,'12345678','1999-05-16','0',1,'gN0TmYcN1DUQMOkxmwWOWNRxWWFxZGjcOEzMjj2ZOMOjNYND2NW4UZ=UzZOwAYYxDZUk0ATjIxNI=zZIjhTmQyGm','','2015-06-02 18:35:01',0),(167,'Luis','Lopez','43 AVENIDA 4-11 COLONIA LOMAS DEL RODEO ZONA 3 DE MIXCO ','53862393',1,'81258909','0','luiscarlolopez29@gmail.com','15887889e2e832f79fbc47e2adc1ff3f',0,'IjhwkFgMNQGhwIT0OZzYhDTYjhDDzYWNMRiDNhYThZgYUDzMW5E=AMYlglTNROY5jTNMlmM1=2IN2yD5JJNN2zhN',1,'1999435750101','2015-06-02','0',1,'NYDZYMjlyZNNxW2MNDWzYwzhzYNMM5RN2Tj1TcimQjM051UUEQ3YYMgWMYIZzGkYAg=hxTw2O2NjURY1zMz=mUMT','','2015-06-02 18:42:27',0),(168,'Ana Stefani ','Losley Ruiz ','18 av 12-21 zona 11 col. Miraflores ','56455253 ',1,'8392668-2','0','ana.losley@gmail.com','9a4843f502f480e59bd4723eb0babe62',0,'mOZ=gOQYZjDDzJTlIDJAwM5lNhx2YW2zOjMF0jkj=AQ1Oj3QNNQyDBVjZlGDMlZGMNjkNhZZIM5GwMVOTNmJwOij',0,'2699477440101','0000-00-00','/images/fotos/clientes/Dz4ZGZlx=kTYUlZkzm3Q5.jpg',1,'','','2015-06-02 22:05:36',1),(169,'Marta ','Roque','2ave 2-18 a canton san antonio amatitlan ','31404802',1,'182','0','titaroque@hotmail.es','0af07ef01d432ce5f04830199d029b51',0,'NMUMD=yTzNZzNNYGYTYWyNVM5WMEl0mYYhDU0zTUY5gYNAUN=1z2gWZ5zyUMcMUwTOz3EjMEN303GMQMMZG5G2W2',0,'pendiente','1997-03-14','/images/fotos/clientes/lgRNTWYZUTzOzc2zAOQDd.jpg',1,'jwzVMwGUTZxTGmjk=xVmNON0jkO1EOQTDhjT1AmlMGONUD1NwOO2MlGMZzxBUYYjjJN=YYGYMMEENmZDMQ0jNz0A','','2015-06-03 11:49:25',1),(170,' Kevin Alberto','Hernandez Calvillo','15 calle &quot;a&quot; 10-06 z1','42699831',1,'426151-2','0','kevincalvillo@gmail.com','2cc5e8d42700b3aef25639c7c4972fa1',0,'m0TiDDWzNNYjk=lZhw2hMMEmiWO21DT4JZWj=ZZlZm2NGjZ0TMUOONcNdGYjcJxwZNQZTFhZgRYG5j0jTZRGNOIg',1,'Menor de edad','1997-12-24','/images/fotos/clientes/JiTmyRRNmjMjMY2YiUiR9.jpg',1,'F=AYgYNYMMT=gGQyTTMVkZDMI2T5jjR13ZIYUMIZINkNg1TYzTjWmODkz1NZiklDmh3DAOYNQZ02yGNQkNW5MVWw','','2015-06-02 19:16:25',1),(171,'Fernando','Orozco','34 calle B 13-09 zona 7','46876279',1,'511958-8','0','fer.ultrasur@hotmail.com','67138cded617d75dab95438a05893801',0,'yNj0NNIzDEY2MDMMmYjjYEAwimOYTTDI5wgTThgNgTYhwNOGgNZEADOM4O4TNN10=lDTMw=NWzZwMGz1Z3WI5hOd',1,'soy menor de edad','1999-10-20','C:\\fakepath\\IMG_20150326_164110.jpg',1,'yNj0NNIzDEY2MDMMmYjjYEAwimOYTTDI5wgTThgNgTYhwNOGgNZEADOM4O4TNN10=lDTMw=NWzZwMGz1Z3WI5hOd','','2015-06-02 19:08:48',0),(172,'Fernando','Orozco','34 calle B 13-09 zona 7','46876279',1,'511958-8','0','fer.ultrasurt@gmail.com','67138cded617d75dab95438a05893801',0,'N41DDwjRYWMMYTMzZjYZOZ4GWZ=NVGxO1hEGM3IywNTZDMVDNYMjMzTOMOUmlG=clUQEEA5j4Z5TmMGNYGDykxZI',1,'soy menor de edad','1999-10-20','/images/fotos/clientes/zQDDlNMc42O5TYO3WzMV0.jpg',1,'xT2DOIxYOZZN2imNJZUOQUlROzOxDDYDYNyMZ1mkG32YkkQMMWQWBM2TONZQ=TQMlGYjmj40ZdN2WIhTG=jFWxc3','','2015-06-02 19:45:56',0),(173,'Miguel Andres','Mendez Ruiz','decima ave A 0-41 zona 2 recidencial maria inez apartamento 405','42960735',1,'12345678','0','andresmendezruiz28@gmail.com','e32d0d2944351f470d2ba17e4f85e698',0,'ycYT2IkzmYOZjz2hDmD0EiTjJUE1N=MImlxNMNYNNJzZzMW5MhkmJ4D3MOMgNYT2lAOmG04TJjFT=UWDOIYNMYjy',1,'1690418590101','2015-05-10','/images/fotos/clientes/DxzjjzzY=VMYRg12TcDg.png',1,'ZkwY=GIZOOkOOTZGwZxTDMYDkTJM0WVBOMhTmzZZgzYgE4MlikgWFMMMx4MMjj4AUj52T4TiOwMz=lYRGzTjFjMZ','','2015-06-02 19:24:40',1),(174,'Luis Jose','Bravo Ramazzini','lote 2 manzana 42 sector 4 zona 16 hacienda real','42153437',1,'12345678','0','jbravor@hotmail.es','7158cbb99eae78bb17f502cd720c5cb7',0,'m5cTizMNTYYMIZOjYkjzdBzhRQYMRlzjYzTOMlwE2jEUMh2jzTlBYgdmUkT4NRDTz2MYYgkMTNkTzxMY2Z2MGy',1,'3019624050101','1996-09-01','/images/fotos/clientes/W2xAD22MVIgzNgWDjWYy3.jpg',1,'','','2015-06-02 19:44:00',1),(175,'Kevin Estuardo','Gil Vicente','1ra av 2-47 residencial los almendros Amatitlan','46411649',1,'8940706-7','0','kevin_2605_@hotmail.es','3ec77802a8b24355a98368044e7cc5f1',0,'YYMzkgG2GEJTNzMNjzGzlMThDWyFzcBQj4NYUZTTY1YN33mwImQTjkZzTJMmj1ZNYQZJxYhzYZYjNMYzQNB2kz',1,'3010077210101','1996-05-26','0',1,'','','2015-06-02 20:15:54',1),(176,'Kendall Abigail','Melgar','30 Av. 8-86 Z.7 Jardines de Tikal 1','30308424',1,'6277416-6','0','Kendall.mn@hotmail.com','1fd474c1b40b01f73728b9cd7bb27d15',0,'2DmYjBDWyOOMIwhYxYZMmMYQN2Y2iMmFT32jM1jMYNxZU1YkWzIgY3OZwTYITym2ZM2kMMZ2xwIjhMljMzDdNN',1,'#','1997-07-28','/images/fotos/clientes/mRYzGANWgM5YwMjJ0ZQ1e.jpg',1,'ZYN3hNlU1TkyVNhOyjZTG1ZYZzTmYOlYMDMDJV2kZODDzjiZkNEYjQUOBOjZzD0YhMGY5lBMMIcTm1jR=2y=kODN','','2015-06-03 07:48:18',0),(177,'Albert ','Garcia ','6ta calle 0-80 villas del amanecer 2 zona 8 de villa nueva','57678087',1,'12345678','0','alberteliberto@gmail.com','f6dd244d32e16539dc66cb5f0e6e4b4c',0,'YUT4YzT0mzZmMEUMmGGjNjl2xhYzNF12ZGY5WMjzYUmMYzIkm5V1mNmZDzIBAjZQEYxZEyw3zcJZNMZUOWONYJ',1,'4578963211597','1998-08-30','/images/fotos/clientes/TTO10kl3jZw=2Y0WIl0jt.jpg',1,'jN5TUNIEMYUxm0jj0IhVWcG2jTDNjOZVmZNANkMTmYB=j4ZDMTyNMQ20NjF=DFVyGNNwmYM2ZT2lOOmQEDMh5iFk','','2015-06-02 19:56:20',0),(178,'luswin  randolfo','carcamo moran ','8va avenida 7-01 santa isabel 2 z3 villa nueva','47001653',1,'8940706-7','0','ludwin_009_1234@live.com','3ec77802a8b24355a98368044e7cc5f1',0,'YJMO5NiMzYyYYzMYAYzxTZ52FNU4TMTRIGlcwZE1UhM1ZmjQOmjVY2I2U0mZcNMVDQDMyZkTG5x30jz0WZlMZG',1,'2753047870103','1995-08-02','0',1,'','','2015-06-02 20:16:41',0),(179,'Raymundo Jose','Ortiz Argueta','4 av 6-67 Z8 Mixco Panorama San Cristobal','47001477',1,'4658594-7','0','rayjortiz@gmail.com','d737595b5c113fb20a79234ce296f5f8',0,'NTzhgZ2Z3WMxNzW1jJmTOmT5AZ23lYgGzR0ZYI3BMmMMMMZMIONTlIYOTNUzkIj2jlmUIQDYZmlWE4hMDwZhM3',1,'2215050830101','1982-03-10','0',1,'xTQhNI4jjMTDETWm=ZzzcMjY3hI4T3x0GYxAm5ZM=TG2kzENABZONRjMElQlNWJYlch5mFwYNZMM0ZzNYNIWQTOZ','','2015-06-02 20:53:58',1),(180,'Sergio Eduardo','Godoy Espada','Av. mariscal 8-81 zona 11','59614350 ',1,'5289511-4','0','segio.godoyespada@gmail.com','77a71f0e5b6e5b74e074645d0d955968',0,'Wi2TwEz5YzM42mw4NWjzkGzZNwU1EyZYZYjYizEgOMhNQBmYJZYxWW2xjmEY3Z2YwjMETjNkEMYN2NkFmOMODN',1,'2451633790101','1988-04-23','0',1,'Wi2TwEz5Yz=M42mw4NWjzkGzZNwU1EyZYZY=jYizEgOMhNQBmYJZYxWW2xjmEY3Z2YwjMETjNkEMYN2NkFmOMODN','','2015-06-02 21:24:09',1),(181,'C&eacute;sar Eduardo ','Davila Nu&ntilde;ez ','2da av 52-42 z11 colonia casta&ntilde;as ','58791271',1,'6051458-2','0','cedavila1@gmail.com','2656d96f095bf9d639c7a47dd19418c7',0,'GjNODYD0mjzZ2k0YIIzMWZV3GVEkNwlglkzzZZzNNYWUIyzTNO2mk0mEQYZ2NDY3kQDZVzY1NDEzYxkYTNNyFh',1,'2638567200101','1990-02-16','/images/fotos/clientes/l=1OjIMMxMYNDjE=IRwI4.jpg',1,'UjTN=MzNUMTzw2mNmyTY2kW1NkYMRAIYMcIMNMQEwDOgzjdU2M2zwGkYINm3mMZ5j4INzk2ZyFYm0NVcT2T=jwMw','','2015-06-02 21:48:18',1),(182,'Gabriela','Ruano','Zona 16 san Isidro ','31002368',1,'Cf','0','Gabriela-ruano@outlook.com','822b54ab7f5ccf2a4d1d4bc487e7b35a',0,'NFjMiIBkMM0MmmczVzDFNONI3M3Zlj2jNDgDQYjY2NhGAQlWjiD02DBiij0WNTxzQhjMWNNMNzg3ZZQjNNNNMT',0,'3001 46884 0101','1996-09-16','0',1,'gdjFU5Y0UkYiGcJjDZZYTD=MhMYcNjM4hNRhmO=GTZyiDOzOUJyWEYGW4Y1NQwBYlIMMZD5i3WziJQZ3DkjVO2JA','','2015-06-02 21:47:45',0),(183,'Beatriz Adriana','Cuyuche Cabrera','2da calle 7-22 colonia lourdes zona 17','45858074',1,'12345678','0','adri.cuyuche@gmail.com','a20e68a612791e96df5713af945558ba',0,'YZYwzMwQkDNNZjhjYD3jQMz4RNkmkYYQJZYOMMzhYizNTETWV4YWTTzNyNW2FIMmDx5kzZZEWNkNzmMjGjOgm2',0,'12345678','1998-06-09','/images/fotos/clientes/mIOzDNzMOVWOMYONRlwi0.jpg',1,'YkTNYN0NNyYRYN5kDNZjhmzZMAjTlAZ5WYmOjZhjmZMZYN3yljMMFyAmMjNmjyxjTYQ0y=D5cDYgQ3jzW=MchZJ5','','2015-06-02 21:50:32',1),(184,'William Andres','Prado Garcia','manzana 43 casa 10 la loma de minerva zona 11 de mixco','58258900',1,'12345678','0','wapgm@live.com','9878e964ea6ef5f1df9f134622726e14',0,'2igNDZVFYYMD3MjQiZ524jEhOYWTAzTIWlITM2Qj3Y2ETTOGjZF0FVWRhTYDNZYGMYZ1TkNR5cmYzxNjZYYZDM',1,'Andres Prado ','1993-12-15','0',1,'2igNDZVFYY=MD3MjQiZ524jEhOYWTAzTIWlITM2Qj3Y2ETTOGjZF0FVWRhTYDNZYG=MYZ1TkNR5cmYzxNjZYYZDM','','2015-06-02 22:04:20',1),(185,'Adolfo Josue','Monterroso Elias ','14 Avenida 2-28 &quot;la parroquia&quot; Zona 6','59464239',1,'12345678','0','josuelims@hotmail.com','03aa0c1c25991efded241e6dfcf12489',0,'kNNQz2Y4EEMxEZhhMF02NMx1lWMzZNMWNOZN22zTOWIhYQ4TMA5TN4ijYTOIiWhNTQ3YjFRxYkWmMMmkwNjTQW',1,'Adolfo_0720','2000-03-07','/images/fotos/clientes/QMZTGm1ZUmWG5gMNz4=Vo.jpg',1,'Mm2E5MjckN3OjZU2wWTI04kYDVOTYjNNO2MyMWUzExNZhjEh2WjTQIYxjzMMZ14Z5jAGZMzDNmD=jllZN=QAMx5N','','2015-06-02 22:50:13',1),(186,'Andrea Maria Del Sol ','Castillo Trujillo ','10a Avenida 1-16 zona 2 Barrio Moderno, Guatemala Ciudad ','34851504',1,'1999573-3 ','0','Trujilloandrea38@yahoo.es','ed742d58206f3f5b627342ce78d26bd1',0,'52NEQNhTEWJ1OZNZVkMTDZikZ1lZBhmEYwZ3MTYYkT1OZT1MNGDmTDhW0Th5TjMzZMjwBlAMORUW2mwNYMEFwT',0,'A-1 72,675','1999-08-23','0',1,'52NEQNhT=EWJ1OZNZVkMTDZikZ1lZBhmEYwZ3MTYYkT1OZT1MNGDmTDhW0Th5TjM=zZMjwBlAMORUW2mwNYMEFwT','','2015-06-02 22:09:50',1),(187,'pedro xavier','zuletarodriguez','47 calle a 10 - 20 ','49658030',1,'12334489','0','xavierzuleta14@hotmail.com','506e23e5581057e19d70344a8816a1e8',0,'Ni2TITjjRxJk05zT2kYc1OWMROYD2khTO1ONOTZwGMDDNzWyMYYNMVQAJNIORcMYMWNjzD2NDzNT3MzmiVMkFM',1,'2871055390101','1995-11-14','0',1,'j1IGYMYDR=ZgEMMNQzWNJjmmWTNxWh5mYylzmm2=kFZMkNYN2VzQGZY0UYzNGMYmNmzZEjziRQMWZNNm3AOw2zVD','','2015-06-02 22:43:46',1),(188,'Pablo Sebastian ','Mendoza Lopez ','4ta. avenida 8-36 zona 18 Residenciales Atl&aacute;ntida','43916708',1,'12345678','0','pablo.mendoza95@yahoo.com','e81aec9349c91b8cf08fe3fae0f9aec4',0,'N5ENWNiYVdT3GRTMQDE0D2ZZDZFlG2YzEVTMMMjEB1m2YUMxQYD2yz4MzzjgMZghYljZ2cTjzAMTMZMzMdDYwj',1,'3001538480101','1997-05-29','/images/fotos/clientes/yENYmj5MNDlMz0jmYM5Fn.jpg',1,'','','2015-06-04 22:49:20',1),(189,'Ximena','Hurtarte','4 avenida 41-25 zona 12 colonia Monte Maria III','56301352',1,'6997903-0','0','ximenahurtarte1@gmail.com','5152aa18e8d0fce151a8d5fb68bd8581',0,'OWjkjmWwMYUY3YYUhwwYTTdmNWjWNYNw3NTiR5jjgMYzMYDw2jOZIYFWAzTzzMNTT2YQON5NYWOV2M3hNwz5ZY',0,'2523779900101','1988-07-19','0',1,'','','2015-06-02 22:27:42',0),(190,'Sergio','Zuleta','47  calle A 10-20','57042885',1,'569288-1','0','sergiozuleta18@hotmail.com','1cc257fbce33b85fe230724dc05a0de4',0,'RWBZ3yNWMNJ2EmkEYTDDN2TGMj2ZMOywMTZUNGM5D40DY4UM3NzNxMTYmjjO4mMNM0NYIUTYgy5MmgEmMkjgQm',1,'1621693450101','1961-09-11','0',1,'','','2015-06-02 22:40:06',1),(191,'Michelle Amarilis','Monterroso Elias','14 avenida 2-28 &quot;la parroquia&quot; zona 6','58655966',1,'2717-36771-1001','0','michy_me6@hotmail.com','7243e76c761229662b7de73eb5cde726',0,'OiYZ5wTj1ZYZzzkNGZMcONmZlD5ZYzI2MZT3jkmNhkNDFmNEUGVJj1NYhZMkQVAW4GZI3NM2jNMmAmm4BlTTkT',0,'Mmochu','1995-04-10','/images/fotos/clientes/NMZh4MMQzg3NTBMzZ5N0h.jpg',1,'','','2015-06-02 22:32:40',1),(192,'Magdeleine del Carmen ','Arce Marin','Casa 40 B Cond Las Azaleas, Resd San Jose, San Jose Pinula','59451667',1,'7821416-5','0','maggie151193@gmail.com','3a20a0a28af3c792d492d714829b2522',0,'kTNwZMYMjjUDyx5lwdZZMZNck4ZYWTTDmUYxyOgDxkMmjMwIMJgNQyUMWjTZZYwTJ22YQQymZmNNZmklmjDY3Y',0,'2342 62362 0101','1993-05-11','0',1,'gj0mVN1TxAWMhmjjMTjliZNmjODRJFY1OMNWBkTj1BYmABNTz=TzY2mWYEkkMhN2hhM4OjMOIzZgxcMI=VjZdjiI','','2015-06-04 22:10:06',1),(193,'William Andres','Prado Garcia','Mz. 43 Casa 10, La Loma de Minerva Zona 11 de Mixco','58258900',1,'12345678','0','wapgm93@gmail.com','9878e964ea6ef5f1df9f134622726e14',0,'1G20ZYjhYYAzw2z2MYM2RVNYzYjYwQYzZmkzFxjNgVFj2zVW0D3MAlNlkAz3jBMWEYUQzGUZQNDNlZM2DBNMR4',1,'2388 52709 0101','1993-12-15','0',1,'','','2015-06-04 22:06:03',1),(194,'Karla ','Najera','3 avenida 36-48 zona 12 Colonia El Carmen','55251744',1,'2970251-8','0','greenuchi_doc@hotmail.com','5152aa18e8d0fce151a8d5fb68bd8581',0,'mNNhWNTYdgMciT3AD2NzDGgZmATgZ2M23ZTNljZyA2Y5NVOzW5T3IITFZMWNYEATNjlOD3WyNxYAzgcNZ3FET5',1,'1578438900101','1984-07-16','0',1,'','','2015-06-02 22:41:46',0),(195,'Jos&eacute; Pablo ','Rodriguez Garc&iacute;a ','29av 19-34 zona5','44933293',1,'12345678','0','rodrguezjosepablo@gmail.com','ca6e3dc62cb105ee5c0fcae7eb78f47f',0,'zJNNGzMEMmDWTwYIGAjljNZzNMR44UTTNjNjZJjkkNGZMj2ZNR5U3mjkNIJMYiMzTk2NjjzwAi3zVBdWYhTMMZ',1,'Josepablo_7','1997-02-26','0',1,'I1MTEYDgOMWDzBjNM0iJMlNNMlYjdhAON3kWczjdJ2YMYjTWWzYYjyzmjZiWhTkl1=N4ZJIZyzzzjNzM=BMYBiAA','','2015-06-02 22:57:27',1),(196,'Alejandro Rene','Ojea Figueroa','31 Av. 3-96 Zona 4 de Mixco Colonia San Nicolas','42223449',1,'12345678','0','al71994@hotmail.com','233bed2c7a8b48c48d9c494935fd4e19',0,'ZTTAADNkUMMETmYMDIyMWmyTmOlNYxNTZMYiOZUzDlE0ZODmiDl3TTMZj2D4lNMmVRZQTxExNjO0OZ22jmFkZ2',1,'2504 64837 0101','1994-07-17','0',1,'','','2015-06-02 22:45:17',1),(197,'Iris Virginia','Quinonez Gaitan','1ra. calle 7-31 zona 11 Res, Valles de San Miguel 1, San Miguel Petapa, Guatemala','54469828',1,'8572751-2','0','irisvirginia.job@gmail.com','c57063151f8020fd0098aa418cb9ed3a',0,'2mMWZjTWTGZNMmUiZYMOIxZYMDFAijiM4YYDgZQglhZWkMFkVD01wOYOVU5Tjc2D1OD5j0i4YZzNDDwOzY2jOZ',0,'2598338940501','1994-07-22','/images/fotos/clientes/Zlkd2=DmNUVi3kOIDklW0.jpg',1,'MY3mDTlyUDOQWD1MTOYUyZDhYMATNm1ZD5IQFYZFhhZOzlW=4MDZOzOlj4mJlkOgJOzNk=UANNkjijdV0zT1NNTl','','2015-06-03 00:18:27',1),(198,'lesly','barrera','casa 8 manzana 7 zona 2 san jose villa nueva','42117848',1,'7851197','0','leslybarrera@hotmail.com','1e3e448a19022c19621698ec33ad39d0',0,'5TZZwAMmmjMkNT3ZMwmk1DNkYYjEWNjNYBGG1mUZmOk1YGZT2MYy2i24MzAMIMEZzAEDD13Z0RZU201ZIMZEYi',0,'2512544880101','1977-02-16','0',1,'T0mjJYzJZlQJTzMz13OY2=jjNMNYMjmAhZJETmVNN25hJEixMgGjNZUZITgxZZRMjj2WjdyhmNMkNGDN2hwj=Ocz','','2015-06-02 22:50:22',1),(199,'Camila','De Leon','10 calle 18-67 zona 1','47111172',1,'12345678','0','mariacamilaleon@hotmail.com','a688a47ac73fb58ce3828bcb184cb157',0,'TlMNGzNjk2BVMDFZkGTNAYNBMdjDTmcDThZlY4JyWjNVkTmOddWYW1ImmmZTMEzUG11jYGROUN5MEGNBNMOzky',0,'213699338 0101','1992-07-29','/images/fotos/clientes/RNON2NzQOGZYGM=k5YUN1.jpg',1,'VmzNj0TwAmDWZIMID0NNJYN3zYwjWYyQOzTZRjyWYMTMhQYOyNAz5=hWOl3NDZwTlz=M4VYWQIMYDWEYONREljmg','','2015-06-02 23:21:35',0),(200,'juan luis','ruiz trejo','17 avenida 11-50 zona 6 Ciudad de Guatemala, Guatemala.','58506328',1,'8546443-0','0','luiz_ruis123@hotmail.com','d8a9b5cb050beeb4bede187a5e19df2f',0,'3zEwYMzND0WMM0MjM2NYMR0IkWOGNYYgEMWyz2ZUi4ZUOmcIYMgDmgNZNm1WTDzyVzDQN2T0IQN3JNZwmyGTzF',1,'2249223430101','1990-09-29','/images/fotos/clientes/Qy3E5dDQ=Zz1MGmYNjYhn.jpg',1,'NNGj5MzdQTiTOYF5E2YjjU=DMm=2IjIDZMjNZYAMZyN4j1mcGMVEW0zZ4NJWh3M4mQID3GY12NOYUEMRzj5NWyYY','','2015-06-02 23:16:09',1),(201,'Adderly','Trujillo','Zona 7','43436527',1,'12345678','0','adderlytrujillo17@gmail.com','a688a47ac73fb58ce3828bcb184cb157',0,'w2G1lOZNOOOMjONhDkTYMkkZOjIjmh0MVTjNZhWWOMJFI2FDmWZjmBQDjMRg5ZkNTMZ53RNjTTNU1DT5TZ0kJN',1,'206392648 0101','1991-09-02','0',1,'M5YNQ=wjMjMUDWITWhTiz3=lAZmVDyYWVDZYUWBM4lORYUyijYgMlNkNNjYhNBG2kkZZjjWMNZjZMj0Amz3Q3EMw','','2015-06-03 19:11:43',0),(202,'Guillermo Alexander','Sierra Gonzalez','5 calle 22-37, Colonia Kaminal Juyu Zona 7','45610896',1,'87654321','0','g---s@hotmail.com','d5412f3ffe8463ecc36d60a943442d21',0,'Y2jjUmc4hjNZBNEEMjY02lhNWZTmwD0jOjjZzMzDT1DYhG0gY1NjAMdYThhRzEGYZAZzMjhNQNimZjNTNN1MMM',1,'3010 09503 0101','1996-06-21','/images/fotos/clientes/YTxhYZjOGYNMEOzlNNMTp.jpg',1,'','','2015-06-02 23:15:29',1),(203,'Cristian Isai','Vasquez Alvarez ','5ta. AV 22-00 Colonia Primero de Julio ','30308243',1,'8637269-9','0','kriizthiian.22@hotmail.com','caddeb5a8386af443c03cb5eb44673d2',0,'kTWME3DNMzYmZjjgGNZZE2GADGFMZGhEW21kj15DzZMWjmkJgiwyTZNIUYYOOG2ZYZ5ZMjlMM1QYgNzMZNjW2x',1,'2947072390101','1996-01-22','0',1,'DMj=QQzNMRNjwEMQQygOZmTmzW3j2GEhAMdZQJOzYDM4GlTNY20=QwjDcMM0M0OEyO253DJjWlwlMOjzON5OcjY1','','2015-06-04 00:10:00',1),(204,'Luis Alejandro','Palma M&eacute;ndez','4ta calle &quot;A&quot; 15-35 Colonia Valle del Sol Zona 4 de Mixco','42713546',1,'34351871','0','luis.lpalma@hotmail.com','6ebe326c97fb01042c5184dd367b0cc5',0,'ID14ZND3kgjUTQ0jjyOMdN4l2QkNFxUDMT1yiOVNMZMilRNJZONwFZzUN2jYwZjDQTWWiZzT3QU2MYQlBNGZGT',1,'2697 84543 2104','0000-00-00','0',1,'','','2015-06-02 23:22:47',0),(205,'Carlos ','Piril','3ra Calle 0-89 Guatel 1 Zona 10 Villa Nueva ','49206661',23,'12345678','0','carlos_piril@hotmail.com','de5f8a8a24cf794f96dd71fc95932365',0,'wMVEOiYziDh2ZMzY2MIWZMU0MRUNzVNhwZNyN0DixNNTNmdD4ZWTNYkmENWjmNYWjxzJ5YZ2MMlmmMylOgT2kM',1,'1345678','1997-08-23','/images/fotos/clientes/k1WQMzlEZZMM4mO2YNJz0.jpg',1,'','','2015-06-02 23:58:52',1),(206,'Juana Beatriz','Perez Reynoso','4av  5-62 zona 9 de mixco','33169445',1,'3703243-7','0','perezreynoso.j@gmail.com','b7cb94770c74e670b6dd055691e84514',0,'MOZMQD5ONkz21jjWzOJOZj2mjyUkFMkjTQ1MhGNOlTEMmNGQNZj1hYzMmZ0cVRjNTIBMFxmlJgYYZDThijZmmN',0,'2332738590108','1994-06-24','/images/fotos/clientes/WNNyDw3OmF2WWGMNQzxhd.jpg',1,'','','2015-06-02 23:23:15',1),(207,'bayron','ramirez','10 calle colonia pablo sexto zona 7 de mixco','55581412',1,'7925813-7','0','byronnano3@hotmail.com','250586b2696e87a21427a99248a63a67',0,'NRYzB2iNTlYmkNMmYmIMBMzJmdhZjlUZjYjNmThxBOOwmzZxEYl0NZDTDhDUymWZjMQMNYmliM0FATNzNMhy1B',1,'2285273410101','1992-06-25','/images/fotos/clientes/Zh1QMIczZDzNT5YdNN=mn.jpg',1,'','','2015-06-05 08:25:46',1),(208,'Giancarlo','Robelo','Condominio Paisajes de San Cristobal, zona 8 de Mixco','40919797',1,'12345678','0','iskry.sveteal@gmail.com','71bbd5615b4adbe517925de4b18389ae',0,'YOQlzyYjWkZyY1DVDgUZmhj2NMZOGM244D1ZZwZZMhMyxYjEYITjIhmUWY2jMY4h0ZGMTZTmQjUxZEyYjYQE0T',1,'2349 62771 0101','1994-01-29','/images/fotos/clientes/=xYEZ1EMjMxNTIZJ25yW3.jpg',1,'DFMNZMETkzDJZDMRmZ0ghOTgNQDBZEz0jzwT0W1Q=gj0zZizlYIZ1ggMkgR=OM0NYzj1jYNDYhZjmNGBDWyNhBYM','','2015-06-02 23:42:53',0),(209,'carlos fernando','galvez ortega','36 calle 8-46 zona 8','50513821',1,'951240-3','0','c.carloscrema@hotmail.com','a45587a66c80714e32bf3ab3bb30f642',0,'UzMwJJ2R3yE5IIiW1MTwjjZklMEDNNMMZjDjGYim2NAdGjjYZY2MYzETxTYJmMQOwYjVVNlNWBT2kFRYmMNWZl',1,'1578447490101','2000-05-04','0',1,'N2mZTEZMZcjTDUUNYcMlmT1kZmDQmNYZj2ZMMNG4zzNlNhWhm=4j=YhQj4IjNMZzWwD4YjQZQUwZiOzlN3m0ZNxl','','2015-06-02 23:46:38',0),(210,'JOSUE ELIEZER','JIMON NAJERA','0 AV C24-21 COLONIA LA LIBERTAD ZONA 10 DE MIXNO','49136398',1,'12345678','0','ELIEZERNAJERA21@GMAIL.COM','c535983f2ff6f4d8c39f9d8fa7431be8',0,'0Oz2kFcg2ZNWc3T2iTjNZzBmOAjgU1UYTRNZDhVBDkZmcYjx3RYZ2GExQjM1TTY4WZYYQQWMMMD3QZM3TMNi25',1,'2688215180108','1995-01-11','/images/fotos/clientes/YZZ3ZwmNzNT0lGYgRMZY8.jpg',1,'','','2015-06-02 23:48:29',1),(211,'Edwin','Lopez','36 calle 8-13 z.8','44260187',1,'12345-1','0','edwinrlm13@gmail.com','81529b96f527cbf0d4433f896d5b01a2',0,'MzjlNMZGIwZFgDjYADNEyz54zNNz1T5D45mMQxZNNW0YZMTzzIgYMlk2wEIY3N0mMjcGMWcTcmYZMDYDxMYzZZ',1,'12345678','1999-02-23','0',1,'DzZNjzWZzYhiYj44FNJjMMjkj3hMmzmmNYTNMzEATidjTgkj2w0ZNZYYNhgVTizV3Z5IOzlRN=JYMY=ZzYYlMkW1','','2015-06-02 23:42:34',0),(212,'maria petronila','mendoza sosof ','18 calle B 22-59 zona 6 colonia San Juan de Dios','41936337',1,'c/f','0','mpms1988@hotmail.com','192371ab015aa6c3673fb7a073a7b4d4',0,'kT1zMj5YZm1UYMNRZNNNDgVjNOimjxzGMQMQizQ3Y4MxIjIjFmyW4NFDyMgGjNWzkMNgD0OkZ5zN3MUUWDTZYg',0,'ravenilita','1988-09-19','0',1,'NR2ZUYMmQMm2TQly3hEMcxgw=zZDMyJj5zzThNNDYNcW3N4gNjZNGlNUWMD2ZMYNZ4zzVOjMWUEMGxZWjF1lmm=M','','2015-06-02 23:49:43',1),(213,'Jurgen Alexander','Spiegeler Monterroso','Condominio Villa Nova, Villa Nueva, Guatemala','47227628',1,'47227628','0','jurgenbarca_9@hotmail.com','6531114ac4f695f0ba53540543d37055',0,'kBzT2MO0QkTzlNYjhmYIwYIZMYFTYAz5kTzMZQNZ2zMGM5yN3gz0GkG5NYNTDYYGcczZMTNTVmMGJQgV32Mj2i',1,'383630101','1997-04-09','/images/fotos/clientes/2WQZcNjgWN0M2YTcGN0N1.jpg',1,'kBzT2MO0QkTzlNYjhmYIwYIZMYFTYAz5kTzMZQNZ2zMGM5yN3gz0GkG5NYNTDY=YG=cczZMTNTVmMGJQgV32Mj2i','','2015-06-02 23:47:55',1),(214,'Luis Adolfo','Vasquez Tzul','Lote 48 c sector sur 6 Zona 10','51780329',1,'12345678','0','djluisvasquez96@gmail.com','6981ea1290733658893177dd1ed34255',0,'MDxY3MOOMYDk2MxMjYYZEjxZGOIGNyZEDhkMw1GlZTNDTAi04jQjIWITyzYTNZR3xWDkZY2MW3MjZMDVwEEIwV',1,'Blaxtork','1993-06-08','/images/fotos/clientes/1MNYgNNTi1DTzQghzMDI.png',1,'WAljNTZ1YER3OVDZTNUT3U4YM2TIjmMyITmzhNm2MxNZ4TDMzO2gEhllw3zGMYhjWOQIOYTh1k4=k=MIk2YZIjjY','','2015-06-03 00:08:56',1),(215,'Jurgen Alexander','Spiegeler Monterroso','Condominio Villa Nova, Villa Nueva, Guatemala','47227628',1,'47227628','0','irisvirgi_123@hotmail.com','ca6e7067708e1bdeff68704d75f07f1f',0,'J0mz2T4jJkY4zh2FjZYNZYM0kMY2MAYD2YDzyNhw2ElNJDM2k5YjgZ22MNZ4IZmTTGYME3QUxIUQDWW0MNNNZk',1,'383630101','1997-04-09','/images/fotos/clientes/OY=WImOgA23OOz14cMiM1.jpg',1,'','','2015-06-03 00:26:17',1),(216,'Osman Alexander','Chinchilla','13 Avenida 3-06 Linda Vista Villa Nueva','30591551',1,'12345678','0','Alexanderchinchilla80@gmail.com','158af8480a546020362c614f2112bb4f',0,'YjMQ02lZU3UjDjlZTjUjZGTyxOmNMOzZ2NOlVmzUyUNOmNAZYTEWiZOMY0mTg31jTdxlNjmhNYWMMMWRxUwDN0',1,'1345678','1989-10-27','/images/fotos/clientes/jWzTTMDAGNVYDU=IITEWn.jpg',1,'','','2015-06-03 00:29:40',0),(217,'henry','monterroso','10 calle colonia pablo sexto zona 7 de mixco','55581412',1,'728825-1','0','anibla101@hotmail.com','d14d35f345b7b73c62e7702327cb2470',0,'QmNgZIZk5jwWGD4MTzxVNJZMjEmWGZYWU4YihlMMO2NEZZjzI5lJZ1Y2QWNNETYjzFljZhRTzmzDZYZZl2mFZg',1,'2453252550101','1992-08-19','/images/fotos/clientes/TMNMMkGJOWZzlVjmNmTDn.jpg',1,'','TmwOFwQUMN=UGTN4wkUzjzMjYz5QN4ODDd1ZEZOh0k4D4kQNGchizF42mYmTFMZhOND2UODjQQzA1OZ=UNFMGOic','2015-06-05 08:20:00',0),(218,'Jose Emilio','Lopez Huertas','L. 58 M. 29 San Rafael Buena Vista Zona 18','55153368',1,'9028086-5','0','ledzmusic@outlook.com','383b6c3060a3e8fd030ab33ab19e8971',0,'k4UNjxYTMTZRjQ5Gj1GTO4BjMNmUIMkYVmNkDYDTM5y2QMMOO3TzBAjYYxxYIM3jQYzYNQ5OzYWhxYzYy5iYVk',1,'3001354590101','1996-11-03','/images/fotos/clientes/ENONNYYYIGE2G1=x0Q0g1.jpg',1,'wWk1WNwzNWOZNNAlDBhM5jjgkYZzDwYFwRDmlGM=VYEQkE2GO3ZlT1zMDxNY=ZjDWOY4MOjZ5gNZmQjNUkzZTjDm','','2015-06-03 01:04:02',0),(219,'emilio jose','lima alvizures','9na calle 9-18 residenciales atlantida zona 18','42313204',1,'700673k','0','emlimaig@gmail.com','5d39e5f963dc57466054902e839516a2',0,'ZjDmYjg2mOZRYjjcNDQmZyyZ2ZjThZi0NNGj5DmiMMDMNkMMJNij5YQNGGQNZYDihZRNYzxBlZTGm4Vc2jUORY',1,'3016311740101','1996-12-07','0',1,'','','2015-06-03 00:59:22',1),(220,'Madeleine','Argueta','8 avenida a 0-66 zona 2 de mixco colonia tesoro banvi','41231920',1,'12345678','0','mademi_tatu@hotmail.com','ebabc4aac2baa8863e3d3d4683c2b9ef',0,'N3YNGcm5ZjWYZ5I2MlzMZlEZ02NDRMMN1YGcQjkjxF20DEYzTIJARgMkTNYM01N2DUODjDmOmZ42NJAVQT2F3z',0,'2371103850101','1993-09-13','/images/fotos/clientes/wZ1c3FNhTYMWOjZYN=Mi3.jpg',1,'xIjY34UD0WNzjI13ZYZx0GDAzhD5ZENkgMAMOTNE0zhNj=YE22Mz14kyDOGM=cNdNxUMUNWhkOc4NMmMTU2MNTmD','','2015-06-03 01:21:43',0),(221,'Jeff Eduardo','Alvarado Flores','7av 7-69 zona 2 colonia modelo 2 ','57858494',5,'12345678','0','jeff.edu94@gmail.com','e5990f8797e5ac2c3b893caefcb42c8b',0,'izIOMMiAITmYUjTTDMkM1zZwDNT25YNYjjzBgDJ2Vm1mGQMIZDjIzOzmzhzEMYQzFOVlYODwWk1NZUYkkGWZiY',1,'2437829770501','1994-03-02','0',1,'NjYk5N52WI3JM5cYMmNYMhccjYMNyyQMNTE=mjgNhh=OY2MmYyYjNmFEFTZ2DZJzzNYjN2mTQN2mJjYjUzzh4zV0','','2015-06-03 01:30:35',1),(222,'madeline','reyes garzaro','17 calle 12-26 zona 11','41763501',1,'12345678','0','madygogojito@hotmail.com','5cbe5a608069f2b4d7016191a62b1de7',0,'IMNMwNTOzTJTTw5j1NUN2TGMmYyjMTNZMN4DTcEQIkOQMm3zZmM2YzMkNBjQmzh2jNYmzTNhYjgWWUMhZTzZcz',0,'12345678','0000-00-00','0',1,'','','2015-06-03 05:58:52',1),(223,'katherine','reyes','17 calle 12-26 zona 11','40585166',1,'12345678','0','kgarzaro524@gmail.com','a8c5663518d1d0556f8c5c0f06ed6f86',0,'TiY2lYJMWYGxhFOZVGZ4UZZjjMzN2N2jYzDYzRkDMlNzJjTUWcT31F2EYN2V2OROmQj2QjUFAYjjh3ZNYYyYkM',0,'2924457410301','1996-01-12','0',1,'','','2015-06-03 06:08:15',1),(224,'imgard dayanny','cifuentes morales','20 av 5-32 zona6','57106003',1,'8501857-0','0','igdc_18@hotmail.com','ee060bcf18267e509cb1ea6757822150',0,'MjBNDOOgjNmJQlZmYZDNh05mkYlMjj4AMDD2WNxN1ZAQZz2j43kYcZjM1mIUMyZNGzDiZMUyNTmjzNVWwBklyR',1,'2538141540101','0000-00-00','/images/fotos/clientes/MQ3NcmW4mg3WMZTVWTY01.jpg',1,'YZ4hMkI0ZjzWgZDNTkAj3jMJmjGclwQJ24NNJ2MYNGQNNNjWhkZMwJG5MW=0mMU24NNGMlENMNwDiTYYNjGjO=N4','','2015-06-03 06:26:56',1),(225,'Wilson David ','Corado Ramirez','lote 64 manz h, sector 5 prados villahemrosa','54453332',1,'53425209','0','wilcorado69@gmail.com','4a270cfdf7c7f5915b0ad68b3f77359d',0,'NMZljNWOMDkmjMQzYMWy11M0Zg2Ei2mODDRZZWQj0IGUjQTdIYRjND2EZZThQDBxTNk4TZYNGzmYhZAcN4j12Y',1,'234561599','0000-00-00','/images/fotos/clientes/3zMNOI2YOcA=ONkMDkk4o.jpg',1,'','','2015-06-03 09:32:00',0),(226,'gloria estefany ','callejas solares','1era av, 0-18 zona 3 boca del monte','57572995',1,'53425309','0','ecallejas26@hotmail.com','f45537e0d9457c585187c68c87691827',0,'jZMMzM1jwzNYMTYAYZO0YgzkNTjjOYkDN4YYQNW0TZmz1TZRQh23DThWTQ0BVM0JYMIkyDUZQYzAk5jJm5OTmm',0,'1683887820101','0000-00-00','/images/fotos/clientes/McNEkNNMlgjyVjOTxMEGn.jpg',1,'','','2015-06-03 09:29:57',0),(227,'jose manuel ','boj culajay','san juan sactepequez sacavilla sec. 4 lote 399','44794825',1,'12345678','0','kosmj92@gmail.com','09abf217014886f11d0dd4deae88b7ab',0,'EYzWlBUmT3EzONx0GNjZM2YQWBwMGmhjzkMY0hMlODxQMZyyVjTANzZMjBgR0TIkjUTxYGyZYMYzNMzjIMZQ4z',1,'2127115470110','1992-04-08','/images/fotos/clientes/DYEV5hNG4=zMVQOmzMjZQ.jpg',1,'m5GMYNUkwzzZThi2=EYN0DYWYTOQTQMchmzThjG=IcYRz0dYWZj32YNwWJZzMjgTYM5gzN0ZDM0mZA5OYlYhwY2Z','','2015-06-04 16:51:58',1),(228,'Jhonnatan Alexander','Amaya Cervantes','Lote 21 Manzana &quot;H&quot; Sector 3 Villa Hermosa 1, Zona 7 San Miguel','56907743',1,'12345678','0','amaya345@live.com','6c566fe1aae7e5990e7abe8771a26a5a',0,'1N4GNYMMZNzjIOzY2EZEN4DhZT22zjEZGUwYNUkZOYGNNzWB1TNlERZwDGM2jlZTEkJl5iWjThYANDYMMj1N1F',1,'3018410040101','1996-09-02','0',1,'G=mJGM22IjZTGMzmjFm5ggIFk=4GREWE2NjmgMOWVcZMZZMMZMTOzY0MGMOMmYWz4YiDN3VYjlTRMTwjRYN32Umh','','2015-06-03 10:42:16',1),(229,'Amanda Abigail','Piedrasanta Tolosa','19 Avenida A 30-45 Residenciales Altos de Fuentes, zona 7 de San Miguel Petapa','47405779',1,'66010101','0','abigailpiedrasanta@gmail.com','45b1a7cc5467b6a212f0b53ef984b0c1',0,'hZzIgOYYYWzMkWWZxVG4NZY1ciNQ5TjT2lWNMETZNEONMmM1xOlDUZ5yxMhTJlz4zjWkDAyk2MDgZOQONU4Njy',0,'2242907700920','1990-06-24','0',1,'','','2015-06-03 09:38:14',1),(230,'Jenson Estiv','Polanco Archila','Lote 54 manzana A sector 1 villa hermosa','42662690',1,'12345678','0','Archilajason@gmail.com','251c72e72caf828a7a0076690a42af8a',0,'zNZZ0ilMmN3WmFZNGlGgmjzmdEOymMzNUZwNIFYVMwD0MYhWzZDJGM4MTlMVGZkMOw0MZ0YYmkhMgmzNDIygQj',1,'3469 75662 0101','1996-04-23','/images/fotos/clientes/YlwVm2ZWM4NUZE=TQYjD1.jpg',1,'jNNMmYNAYVdMZUZNwmZDzVVmDNiWO=Y2dThNYDmRxWljM2jDTmZkZDTW2khhjzkE2YRkhkNNjNmzNkzYMBkTV=NN','','2015-06-03 14:55:29',1),(231,'Carlos Enrique','Rodas Galvez','31 av. 29-64 Paseo de las Fuentes 3, San Miguel Petapa.','42200448',1,'3032166-2','0','Carlos8.r@gmail.com','f55f6f1b4952edb8b4982821531ec0c8',0,'GVNGDOkjOBOJkzjMVTlZyihxxMkljNwjjNUGmjMIlzGYNwY41YVMUDhYTmMMTj5MM0d1zMjN2UFGEDD5GAMMIO',1,'2815722910301','1984-01-25','0',1,'kZNWMN0ZMWMyxjG5YzMMZU2ZlDGME22DjNjNDhYYWEzFMNRMMUTlYDzMRQwm50YkYNcgMmUYTT14y3GMQ==2TGWi','','2015-06-03 10:10:23',1),(232,'marvin alexander ','boj cualjay','san juan sacatepequez sajcavilla  sec. 4 lote 399','50214037',1,'12345678','0','boj443@gmail.com','7fa9001f86a84f2921485ed2033de089',0,'yOlyhMDiJZ0NcT2NNMNDFZDGOMdZZUTZQZiDhDjBMYGNjW0EkQThNhNxElgzYxmDzkD22QMNiWjRYTyMNh1OyD',1,'3035358060110','1996-08-23','/images/fotos/clientes/TMINAyQjExm0G3Nj0Gmgn.jpg',1,'','','2015-06-04 18:52:39',1),(233,'karla','rojas','52 av 1-48 residencial naciones unidas 2 zona 10 villa nueva','45449834',1,'54776739','0','danielyyo32@gmail.com','c807a9dfd2755a547ffc539c9e9d5d1b',0,'NcmgzGwY5YygDM3MZzjNMlm3NZjzzYYzkUlmNR0m1B1k1mWjZzQ4glzMl4jZmMYYzmjNhkzQYEFNNMhcMZMEGI',0,'236426972543','1997-12-25','0',1,'','','2015-06-03 10:22:14',0),(234,'Rocio Sandra Ofelia','Lima Pivaral','km. 16.5 Carretera a El Salvador, Los Diamantes, zona 8 Santa Catarina Pinula','30182714',1,'70890277','0','limapivaral@gmail.com','caaafdab620207576db78e77a815de39',0,'MmMTYN2UYMNGjyj2QlNOMj4hkwN5ljNNRQjRYEyNyTzBDMyjZDYQjVWEIgcT0kzNl5zDhwDYEMmMNYwcRYmhJz',0,'1815693530601','1988-06-23','0',1,'','','2015-06-03 10:28:37',0),(235,'Stefanie Johanna','De Leon Gonzalez ','29 calle 9-70 Primero de Julio zona 5 ','59572957',1,'12345678','0','Stefaniedeleon313@gmail.com','ddcb77d6abec34c886189e085e7a33cc',0,'5FlY55cYwYmUMMxzDjNFDMjVIh00NTjGjjYDNmjNNNlY2UOxZDO4jjMUNONylFWmVTjyZhTZZYUGMkRMlJzMZM',0,'26704055500101','1994-03-31','0',1,'','','2015-06-03 10:49:45',1),(236,'Mario Roberto ','Suchite Garcia','Sector Jacarandas Eje 5 casa #14, Residenciales Planes de Barcenas Villa nueva','47690187',1,'   75681943','0','sliferderious@hotmail.com','69d8a0ce7478100762f66ac7e44940a0',0,'TRlTYJjwmjT2NGwi2M0MMijl2MRBimmMNhgIy1YGYyTYFTNOMdjy2NQZiMWMZiljZZTNiEIEMDUY1WMDk4ZDJE',1,'2194-73227-0114','1992-12-08','/images/fotos/clientes/OGhUZwMj3z52hjOGNThzo.jpg',1,'YjM4N1QY=AY1MyTwjjwQkOZDRNhZQNZ55YclMmjzNYW1DYYkhNMWczlOMzwwZTxmz=jTZNcZyMG4YUWiWj5A2cFN','','2015-06-03 11:10:41',0),(237,'LUIS CARLOS','FUENTES TORO','48 CALLE 24-50 ZONA 12, COLONIA PRADOS DE MONTE MARIA','+50246261585',1,'8814868-8','0','luiscarlosfuentestoro@hotmail.com','87a447e446e6f2658678e866bd800ea9',0,'M3jzjmgDM1YYMYUljYlZYO0B5NMzVTQW2M2Q2EMzTMYYIZQTNQTMNZ24Vj2U4WTM52123jWTUAOMwWEzZV0TMN',1,'2701263170101','1995-04-16','/images/fotos/clientes/MGZGJIUzQOG5OmzU=5xk.png',1,'ZTzNmmMkIYMQQmkwQl30Z5MMVZmyF=MmTYzmjcD=lMTYVGY0ZwQNmNA0DZF5MDTNzzZjDYgI01JjzNFN2jMDJINN','','2015-06-03 11:38:08',1),(238,'Josue','Barillas','12 Avenida 40-36 z12','30232244',1,'66774063','0','joshis.island@gmail.com','46dd55a9121173e0b3d553a2ecbdd91b',0,'3lYYjjzlZTzljFjWjRNMNm2ZchMRWUOW5llYmNOMT3M12YYVDY2ZzkmMNzmhYEzkENGQYYxOZGNjzREkTZhyEj',1,'2776180880101','1985-03-01','0',1,'MZTkIMOZAhzEFmmiBDiNxOiZyFlRkzTEBzj2MYR=QmmmODTTMZjzMkmTMNxmOdkORyNzhOmjWGFD=IFNdlZkN0OG','','2015-06-03 12:20:30',0),(239,'Gerson Geovanny ','Solano Schwank','17 av 11 - 15 Z.6','42589719',1,'8445083-5','0','gersonschwank@outlook.es','8ab0b8a8fc2c2ce292fc72813abe6617',0,'llzMMEFEYxNMmDD5hhMlYY0jNZDUNmWDzIjVNRJlWVMNlYMZmm2zcTZEwMj0RMYOWGTTzjMWUzmkIMwMYWW0mZ',1,'2324 77191 0101','1993-09-08','0',1,'','','2015-06-03 12:55:01',1),(240,'Carlos ','Perez Rosales','4ta av. 3-68 zona 4 mixco col. monte verde','52644893',1,'74232053','0','fersolrac@gmail.com','1ba0e2e2b0663ce7ca67fdde09c23a17',0,'FMNmNWhTEUk2TMz0lNjZm2T0M5k01y4ZZwYkYEyZkTNJ0MOj2JwMNZl2MIjMDUMA3GTDGZTAY2GAkYWQMgVNMD',1,'2169507241801','1992-11-23','/images/fotos/clientes/DZMTDmMEMZ2TFW4zZMkwe.jpg',1,'lM0YMU3YWIgDMw3kMDMYzM4jEYENV1AN2ZY0zhhZ=YDj2mNYQWITTNGMJ4MRMzkQOQkl24W0WhQjkjVOmT=JzNFx','','2015-06-05 09:23:08',1),(241,'erick antonio ','reyes montenegro','6 ta calle B 4-79 zona 21 colonia vasquez','59187638',1,'C/F','0','ereyesumg@hotmail.com','369910fdd9858de8f89e710aaf2b6816',0,'mWkI5gNTWzT2WlFy1OZmcWYDlFNVyglhzOjmmDORTNTzNOZyz3NWwcjwIMONWRhdMVUVZDgDNNmZNNlI3YNhjZ',1,'2073101490101','1991-09-14','/images/fotos/clientes/ZjjjiMNTMDQ0h=AWMjYFn.jpg',1,'','','2015-06-03 13:47:53',1),(242,'lilian','aguilar','3ra calle 3-16 zona 2 barrio moderno','40792302',1,'soy menor','0','nomames_aguilar@hotmail.com','b203a57b14720669d3e28b3fea59a6f4',0,'kQ3ImNz0EMzlQYmYlWIEOlTAU3jmNNMYAAWzNy2wMJ2hFTj0MV2xTMywMwYYxzTINNGONDEQY0ZEOzOhzjxZGT',0,'soy menor','1997-09-28','0',1,'','','2015-06-03 18:33:35',1),(243,'Ronaldo Jos&eacute; Rigoberto ','Gonz&aacute;lez Dub&oacute;n ','32av 11-14 colonia Centroam&eacute;rica zona 7','54221649',1,'1160427','0','Rjgd1995@hotmail.com','8ee8fb94a4380f75906d67aee76b3c40',0,'4MMzMUmTkjJMx5MkzwhNwDMYNj02lYzGOlMUjgdNcWYJi1YZzRhIMdINjTYGcTYxJi4m0ZQ12AzjQYMWRUYTmw',1,'2692888990101','0000-00-00','/images/fotos/clientes/YI2MQV2=g05IZjlgNMiN3.jpg',1,'N1hDdjmY3VJZFzN=OIZlzzT3wjO2QM5NhmYMTMOjhWmdiTTgMNMkNZj5DZh1xMlxIhTMMMDYh2MWhEANjTJ2=MNj','','2015-06-03 19:48:37',0),(244,'Isabel ','Casanueva Bosch','4 ta calle A 6-18 zona 2 colonia quetzal escuitla ','57175660',5,'C/F','0','icb_23@hotmail.com','cdcc1ccbff52b20cb0770c340ea3ceac',0,'l2ZYhMYcAhFJW41Yc3z2Am0WYDNYNzDD2QJjMzwjTYOiMNImcEYDR1MmwzjJON5O5W2h2TjMMDN52YMTdQMNjY',0,'2243513540101','1993-04-23','/images/fotos/clientes/BikUOlMlDVOM=mhz0ihN1.jpg',1,'Y03AOlwN=YMINQkMjmNNNDWzNNyG42D5AhG4DVYNGkYxZDmkNQYGNiw0VOOG2Zcj1TNzDMzWIYmN=JZhY0jDMklN','','2015-06-03 14:36:11',1),(245,'Antonio Alejandro','Hernandez Cardona','5ta avenida A 7-38 zona 2 colonia modelo 2','30265319',5,'12345678','0','antonio_hernan15@hotmail.com','1782f626349b694a43abc4a3b811b76e',0,'EMjNZQOzZMNxT2GNOOYNTIDOgGmk3jVk2jUjNG3EjUZZJAxMj120i3UdZNmMEEI1DN1NDgm5zIDMZTjJmzM2TJ',1,'no poseo','1999-04-10','0',1,'','','2015-06-03 16:21:06',1),(246,'Kevin Alexsander ','Urzua Guerra','7ma av 6-10 zona 10 valles de maria','50030854',1,'12345678','0','kevinurzua1993@gmail.com','6f4e340cb0c77a8adc9b46d571794c83',0,'IjhM3m2wjMTMZZzzTjiNGGO1z15hZZNzZUO3QIQ0cDTw2WyYDxYzOY22ZDZUGjTMMEhYjNg0ZOmIVAMVgNDYYO',1,'2314998170101','0000-00-00','0',1,'NmWx1zI1FUMzzRjTjETYN=NTmjG2mNMyMEDM5lMjgE5YGZmFg0iYZxIIMMZ0IzNMwMMzhGOMdNMTiW2QE=UhY3mz','','2015-06-03 16:13:49',1),(247,'Ana Cristina ','Anleu Hernandez ','6ta callae A 26-35 zona 4 Prados de Castilla ','42620843',1,'12345678','0','ana.anleu.caliope@gmail.com','ecada60096ee062ab40e5083fe91ae88',0,'T0MgRUZlNRQhZzNlkExjhOUFiEjYmBzNENmNMzzDJmzWjZgz4ZNxMAkZkwj21zYxVkji2VNMZGWZ2kZDwDDGY0',0,'1234567891011','0000-00-00','0',1,'','','2015-06-03 16:46:34',1),(248,'M&oacute;nica ','Avila','km. 17,5 ruta al Atlan. zona 18','41777959',1,'6080067-4','0','monica.avilagt@gmail.com','39581f22c2ea84758bcd2dec46daadcf',0,'Nlz5OITzYzYjMYikB2i3VZDYMDMgNEmJZcZlDNwmxNjQZD3IQjgEEMDkiI2OzlG4mZYMQDYxz5YzWkj2w41ZMY',0,'2692807310101','1989-10-06','/images/fotos/clientes/mjdRWEMQjQZDl23iWZyY.png',1,'mEYI2MZyTzQ2hQRMOYkZ=NUGzADZOMW3Mi0T=i3MzNIFYID0IO0TNGDDZA3m05IkTmOTjMOMkJMGJN3xzzm02MGM','','2015-06-03 16:44:43',0),(249,'maria ','lancerio galindo ','zona 3 la ruedita 9na calle ','44784474',1,'1511111-3','0','marielos.lancerio@gmail.com','daf0536c3a39f39ed4158b64e14cce1d',0,'0jTjYDMZYzIVOZWhIjMiZGYRTNMlmlTzlyZ4YWjNJZTYZTVZVNMjDmGhTmYmRzMdkYNMGNdWzyYzwWc53gAZYl',0,'4648665','2015-08-01','0',1,'RmAxOWDWVZkBMYNUY4QziNRINWNGWDNEMMNyNYDQOT225=wZZk=BMNh3TjiOZT5YDOlmgTkzZT2QMw5EYOM5Vzlz','','2015-06-03 16:51:05',1),(250,'rodrigo ','grijalva ','zona 3 9na calle ','44784474',1,'1511111-3','0','rodigraf1999@hotmail.com','daf0536c3a39f39ed4158b64e14cce1d',0,'NlD5Nyz3lNNGVNgMlwzT0GlkzYWMMY5llMzE0jTVAjzME4QEQMUYO4TNZ4RmMEiWUAWiwDYNYwzNDDGwWZZNNY',1,'4678451','2015-08-19','0',1,'','','2015-06-03 16:44:33',1),(251,'Yacira Teresa','Reyes Galindo','7a Calle manzana D lote 5 Alamedas del Conacaste','30154184',5,'12345678','0','yacyragalindo@gmail.com','d7517beeb7e16aaab794314dbf7a186d',0,'AZjZm14UYzjdYlDZMZjUMQNNMDTmm0jDTGzzQAhWcY4ORYyg2DGMjMl24hM3Z5UNlM4c4ZQNzNz1YzjlIIJNjO',0,'No poseo','1998-12-29','0',1,'UTjMUWMjzExwVUTZxMjNzyWhYmjTGGwNMMJjYmMyNm2gDNUkMM22N=mhGNWQIZOhUNzmMxNyEzOZDwGkNM=ZZZYZ','','2015-06-03 16:42:43',1),(252,'Juan Carlos','Azurdia Mendoza','1ra av 6-65 zona 1 escuintla','42159199',1,'48946125','0','juancarlosazurdiasf@gmail.com','952d42e987411a09124f936d2cee344f',0,'kMM2wYAzY0YNGN5jFMMz1UNTMOETwQ4MY4z2DDcDNk32MiAkm1NGjiYkAjOlZkzDNzxRWEkYjJB1ZMO2ZDZ2Oh',1,'1610153520501','1987-10-08','0',1,'WIO=ZzjGYNNwmM2hNz2GjMEYMJNk4GO25GYYzZxMhMwDczhkkjINmD3g25MY=T1YTOMmNDZMEYhYlzizYNlN1zVZ','','2015-06-03 17:00:34',0),(253,'Alejandra ','Ju&aacute;rez ','Zona 11 de mixco','34506755',1,'12345678','0','alejandramontesdeoca@icloud.com','bfbd578a66d873ad85ea26c0c144fef8',0,'gZjNzyiINMYNlc3xkgxDIMD0dNwVzM3mjYTM2TZMMTjMTIM5OYAMRTEMZNNZlZjzk1T4MGWQy22YDhT0NmzOIk',0,'2227283290101','1992-08-08','0',1,'','','2015-06-03 20:45:54',1),(254,'Estrella ','Arreaga','16 calle 9-35 zona 7 de mixco','45271462',1,'12345678','0','ztrellaarreaga54@gmail.com','15aa6a8b059f9731e4a9998912165f3c',0,'m3YJYMzZwNVM2YYZklNTZMUImFRyFzm0zYQNzNhjTNTZz0GNOiG0zEj2YEmTZZ0zzzNjTgVITIlTVRNkYjlMRk',0,'2992693290101','1996-07-19','/images/fotos/clientes/2YT2Y0OmGIjkxVZ2giFYn.jpg',1,'','','2015-06-03 17:39:02',0),(255,'Ana Ilsis ','Estrada','boulevard sur 3-82 condominio madeira 1 casa 25 ','51541966',1,'27022382','0','anailsis@hotmail.com','da582a1d5b52f2d97f7e60b8a6708f79',0,'MZ1NMZZITxjIZmwZYNjZ5gNygRwTZlMkMTMcNTViZDjzhGNMzjZ0wFjzQWTTDhMYGTDDc4M5YlYZNiYmkzYZQD',0,'2288 68487 0101','1993-08-07','0',1,'4WmkhYwNWZkTY2j3xE2NDRZNDOMNYcVkgWA0WMNmZIwI2I=GMhxiDTjM42I4D=DihGJNZMkBZTNZZkWNNUTZETYM','','2015-06-03 19:47:25',1),(256,'brandon','sicay','11 calle D 8-90 zona 7','42911165',1,'12345678','0','sicayrony@gmail.com','0c3ebd14fc101bfaae5be7243176b3b6',0,'OJZQTTzT5llNxcjjkj1ZmlNMNjTZMz4TOZANywJOTxATM2Mgj3lNhNTOxDmTZzZMIyDQ4OEkIV3MhYEMTQNNOD',1,'12345678','1998-04-29','0',1,'YRYY0yMMQA3TmZUgYQmRzMT4YZhTzZzmj3YGmNNNlWjxkUOi=YRTYTzx2MZ3zNRkmT5YOzYZ2M1zNOD4G=AEgZNW','','2015-06-04 23:09:28',0),(257,'Javier Estuardo','Abdalla Dominguez','6 Av. 12-00 Zona 7 Col. la verbena ','30373192',1,'12345678','0','Javierabdalla.2c2012@gmail.com','b656dfc8c322c77a8c6aaa041f667d60',0,'5UjYzZQxYkY2FNMjk1GMMTYZ4YQ2YT50N4UTZTGJi2wiMxQQxUDMUNTz3MM3jTY2OGDihlZEjMjmUJMMQxYZWw',1,'12345678','0000-00-00','/images/fotos/clientes/TzNOTT5MkIiNh0=EmhIR8.jpg',1,'2YxZNB2D==YY3OMYY2TOMRWlWYM3YQiNYNUZYZzQ03zYljN1OTWjzMGYZYjjYmWkj52NUWzZVNN2ZyZhwTdQkjZh','','2015-06-03 18:29:05',1),(258,'Santiago ','Ramirez','16 calle 9-35 zona 7 de mixco ','40302834',1,'12345678','0','santiago.jr.111@gmail.com','7e6b1811d997c8aa284ca2dfe3c1d516',0,'zW4WkNM1xhNmQNwYGWWDRWzWVWZZ4lMmOTMYYkRgZOzMNkZY2Tm2c0MAgDUl4EyyYANZIDQcUjD3wYMylOOmyl',1,'2992693290101','2015-01-07','/images/fotos/clientes/NkNYYFmk2NDE0=RA5wYZo.jpg',1,'','','2015-06-03 18:35:09',0),(259,'Yire ','Pineda','Leslypineda28@hotmail.com','57494221',1,'WjVOdmcNZYBZ4lY','0','Leslypineda28@hotmail.cpm','9efbfd920abe457add478acd6fc6f83a',0,'WONMz10MN2NDFjWxTDMYkDZZIYhOEW22YOUjEVMGZW5QwmjN3lOTFIhyOwYGEO3DRjkkmNmDDITlFYjZZND3Ni',0,'menos de edad ','1999-12-28','0',1,'WONMz10MN2NDFjWxTDMYkDZZIYhOEW22YOUjEVMGZW5QwmjN=3lOTFIhyOwYGEO3DRjkk=mNmDDITlFYjZZND3Ni','','2015-06-03 18:33:46',1),(260,'Gustavo','Gonzalez','4-34 zona 16 colonia San Juan','54125902',1,'12345678','0','gagh1998@gmail.com','45bda76e9b230c2a12f5d32dd459daa4',0,'m3DDFMAZUTNZNTTOmmzGYYYY22ZZRTDmjNkMMZjTQThZBMmYGj2jkhJ0i2ZUTxJDhxFNkYZM2YNzENlwAVO5MI',1,'1325479845831','1998-09-16','0',1,'','','2015-06-03 22:30:57',1),(261,'Wernher Rolando','Rodriguez Quiquivix','17 calle interior refugio san rafael 2 29-72 apartamento b 72 zona 18 guatemala','48860421',1,'8369170-7','0','rolando-rodriguez16@hotmail.com','64837557a4e730cbd7b1433f2adabda8',0,'YWZzZMhZNYM0YWmy5jkZZGklYjxj14ZljMDgMOYljANjRT2z1YTQzkYEMUDYIEMDwUQgGhhkMMkWyzEBDYy50F',1,'2463449381213','1994-06-30','/images/fotos/clientes/zG=QZjMgZQx1GDOYz0MTn.jpg',1,'','','2015-06-03 19:08:39',1),(262,'Jose Francisco','Ruch Rodr&iacute;guez','8va. avenida 8-10 zona 1 ','50133024',1,'12345678','0','aaronsish@hotmail.com','0da959beb32675addfb4864c530360ba',0,'jZITZNUzhlmNNzNhTjWwW204zWOmFEdGIjYFU5OWY1FzGTAIiMM2lzNkNMNN32MNENMjEMDVxUyDNAjzN2YiMO',1,'30015380101','1998-06-19','',1,'mMYw3ZY2WTkzgYRI=Fi51MDMZDZMDDmzkUlZdmD5Tx=ykTTDZTjN0YNOZFNgzgMMDhZMwTNMzAjmlNYN3MykIYwT','','2015-06-03 21:40:39',1),(263,'Ana Maria ','Alvarado','casa 11 barrio san nicolas zona 4 de mixco ','47692878',1,'12345678','0','ana.alvaradog7@gmail.com','064bfbe4c69a3207bdb914414bd32dbc',0,'ONTMNlMwzmmkMZWlm3iWjYWM2DYQDZITNdgOZNMdmiNMYZ1jOMNjzxFVlD4kNm2j2ygT5cMjQjZTJiVNNZjB3D',0,'2301 19484 0101','1993-09-07','0',1,'','','2015-06-04 16:37:33',1),(264,'Diego Jose','Castaneda Roman','1ra. Calle &quot;C&quot; 0-17 Zona 1','59570297',1,'12345678','0','diegojchino@gmail.com','52e11596c82655204e47f4d19dd6094f',0,'j2ZJW3QMcM4NOwVjOyjMlNYWTzjhmYT2MNED1mOzBOiW3YNYQWhNMcmMZNj2Dj5jATDDNMkMZhjZkNBM2l2Q1Y',1,'12345678','1997-01-06','/images/fotos/clientes/jmYNI2lOMjwNzNTxGZUVo.jpg',1,'ZgMYVFD4=2lTTZk4YM1O2MOZ3ME=jMkZjNGjDhQjMONNDl2YNlTi51TGlMM2MGDFUMzTMi2ZNQyFMzNMGZZwRJ2G','','2015-06-03 19:50:44',1),(265,'Rosselyn Marivett','Coyoy Lopez','9 calle 1-53 Altos de Barcenas III zona 3, Villa Nueva','42556102',1,'12345678','0','rossy.coyoy@gmail.com','0e97b7d8164ac29b0b4e77b1d0b22d19',0,'MdOjjQRMNTMz1NNjUNOYcDNzO5QY2jm2MxQlNJ2RjkTOWhNDw3mTzMY3Nm5iYYcIYmNOzmYl2yGRNUYGl21zMj',0,'2171 19190 0101','1992-08-29','0',1,'','','2015-06-03 20:08:22',1),(266,'Iris Azucena ','Hernandez Cruz ','6ta calle A 26-35 zona 4 Prados de Castilla, Villa Nueva','59306116',1,'12345678','0','iris_deanleus@hotmail.com','fff9707cfe4036c1a6e8f2b33474adcb',0,'mUA4MNT1UMyZDzNN2OFmMW0Z0jMZJlOMNYzMNkjTNGFOjGYOWjGBOEWxO1Vh2YINIDTczD0TZjwGOAZTiimWMM',0,'2548889840501','1976-01-31','0',1,'3GDmxjkYMjUGZYcDMxYJQzM=jDj4lJGmDDATNYZzOZOmxz3ghxYcMEjYYZQzx1Z=MW0wNhDZ35BYMZVZihZVOTMZ','','2015-06-03 20:23:13',1),(267,'Marlon Mamfredo','Perez Paiz','9 calle 1-59 Altos de Barcenas III Zona 3 Villa Nueva','42578235',1,'12345678','0','estoydementeyque@gmail.com','7a43f695b8be654df98d95be6a3ff764',0,'JyMYRTzz2N3D5kmMIDMM4VlkTly2UZNwzDl54EmWwd0hUNMONYzQjYkG2mNRQMAEYgzmT5NijNYNZzAONwDZwF',1,'2617 95511 0101','1989-08-10','0',1,'','','2015-06-03 20:25:01',1),(268,'Ana','Dieguez','11 av. 7.28 zona 3','31867318',1,'12345678','0','analulu1948@hotmail.com','7d423aebc2586d9a9c246019ab019652',0,'3NMjZjQxz4MzEwUMkNY1DjjxDDYMcQ4QMyyDDjYUDWONjwOE5MmM2xcMkUW5YN0hGDMZhFgGMJWMOQZ2YjOMAy',0,'2895492480101','2000-02-28','/images/fotos/clientes/QNMMjNDzhD2YlZZTyYMD7.jpg',1,'ZTUQ0AdzTMGm5jZOmYjYNOBiWEZZhzYRBYGwZZJMzGNTj=YMmFdTOFQYNm=k4wYT4NMhO2hlTiYg124TViiITlWz','','2015-06-03 20:32:55',1),(269,' Marcelo','Najera','1 av 3-30 Santa Ines, Callejon La Floresta, San jos&eacute; Pinula','33487284',1,'12345678','0','marce64najera@gmail.com','f6537fec63dfa6c9d2be2053781f4621',0,'zkMNF3WWjQW3DNTMAm5YzGYAlMgjEy3k1zJMQQNQQ1MNN2QOOlFTNN2OTTiMTjNNMNW0NMlM4kJDi1mRRmNG3Z',1,'2616997680101','1998-06-04','/images/fotos/clientes/MkTURJ3gWM3DNYMGYMcZo.jpg',1,'gT=YMlJh1RMNMmmxNcN=WJzNj0FF3xZRFMEYDDEmGFTOwklNmRTFkjkIMDMMmBNYNzWVj2z1ZichGMT5jDNMDYQ2','','2015-06-03 20:33:07',1),(270,'jonathan ','diaz','5ta. calle a 6-07 san jose villa nueva','34040025',1,'0816-8','0','stu1224@hotmail.com','d890a6ce8dcc8460a024200d4b3d5ce4',0,'jJjT5zQR3ZTYZNZTNMZTDxzIEGyNAYNNJmDVONiQN1zjNmOAUGmNz4zDjOFZNAWIzyYmDkhWlMdM4cymUYNmjM',1,'2955541260101','2015-06-24','/images/fotos/clientes/NUBMMFN3zFjYZMY5kh=Fn.jpg',1,'YZDTDYgDWZZyM2Im2WzgmNiImwzZZDcWxMYTU3ZDNkDUYDmwWQNMh2OM3jUlAMO3z2m=Zkj=wMN5MwMVkNNx4ZOT','','2015-06-03 20:32:34',1),(271,'Claudia','Juarez','Zona 11 de Mixco','‪30328577‬',1,'12345678','0','dia.clau59@gmail.com','bfbd578a66d873ad85ea26c0c144fef8',0,'1MYZZ5mEMwQh0DYWmhwNz3WNYyD03NZMNzERNjVwQFNMjGV0TD1MTGMmjMN4jMwGhl2MOQWOUZcY2mZjZAOmEM',0,'2775039140101 ','1995-06-09','0',1,'hy2OZzIcZhYmZmGNEUUzRTWZ=2T2lTmmlOkhYNxZDxhUD4jZmYNjzYMYOONwE=NxZT2mFZgDZxAg5TYNWlzIjVNW','','2015-06-03 20:48:17',0),(272,'carlos ','manuel','5ta A 6 Calle 6-19 campos de san jose villa nueva','42593497',1,'no tramitado','0','manugonzalez0@hotmail.com','e93eb87dfae8bd05514c55bfdd9d8e68',0,'D1mENZxZUZEMmUOYmjcNGgZj224l25WDMQcQMN3zYMYklzMYRMGjhD2mzFmZwOMEmlODzIZ2l4Y3DwyMlRMmMm',1,'en tramite','2015-01-18','0',1,'z2Y0zMMUjjzwTMN2UZgZZ1ZlEMZNYW4NYW1MQUGjZIMmzm4AZjT4Vj2ljU3QZOjYZYZ=iRRxMmYM14W=TOkzGiYm','','2015-06-03 20:45:57',1),(273,'Vanesa ','Guzman','16 calle 9-35 zona 7 de mixco','52413564',1,'12345678','0','leidi29082012@gmail.com','bff7802f3e345937773b2e99d5bd7d62',0,'TMTMWwNJI1MZWWjQNQlIyAN23DOjZNUlTMjxDYAWcW2IIYYDwlOylM0ThhZYyGY3OxZMMNzNV2BN1iMlDYhjkF',0,'2992693290101','2015-06-01','/images/fotos/clientes/GOj4Y320=3llNNT4jG2On.jpg',1,'','','2015-06-04 21:37:40',0),(274,'Javier Andres','Pinzon Reyes','2avenida 20-32 zona 3','40046578',1,'719123-5','0','javier.apr29@gmail.com','920229d4ce3704a2ae7da7e2291cec44',0,'12z5TANDNMYm3YZmBzOmI4zzkZTIMM3j1NN4zjWjmYUIEMYYETNyYMTjBEOwwOwWTNkFlOlMWYMy5jDmYDMiQk',1,'3001804700101','1996-11-29','/images/fotos/clientes/YJIWY2AEYTVjTWldDOZ26.jpg',1,'Z=kYlMJ4TQm0TYMDTD2hhTwNzMNNhNdNlIhTxmWmO235TlMDkx=ZWdOQTYiTYOihNZJzTjFZiYQQjUMYMZjJlYDQ','','2015-06-03 21:28:24',1),(275,' carlos alberto','castaneda roman','1a calle c 0-17 zona 1','47004089',1,'13245678','0','carlos49cebollero@gmail.com','25f9e794323b453885f5181f1b624d0b',0,'mTYwMhN2wjmlM0jZOTwTZ2kJMEyZZNZ4GUTZNO5DWjzMDYRkZNEYjIGUVhiZDlGkMMwDMlDJNZEmNkGj15YNQN',1,'2813-48758-0101','1995-09-04','/images/fotos/clientes/TgIkD=MkzNdMRWZhMzOw7.jpg',1,'','','2015-06-03 21:31:50',1),(276,'joselin ','ACEITUNO','2AVE 2-18 A CANTON SAN ANTONIO','54870611',1,'444','0','titaroque221@gmail.com','97eda20721a6d913ad6f8a3e257b802b',0,'RJmRyzhWFgGRNM3WTRMMzikijzN3MVZ2NNRN4jMYRm5DZhElZADzRAYhMTkN4ziVMTZ2MhmUYlONMGiBDNjTN2',0,'no tengo ','1997-08-29','0',1,'','','2015-06-03 22:08:06',1),(277,'karen','hernandez','2ave 2-18 a canton san antonio','66338626',1,'123','0','anjanihrndz@gmail.com','33b025fbad4d9f7ed30d4e1cc43bed22',0,'DwNQOmMNOiBOkhMlZ2Q3NgI0TRTwUZWjmN30lD5DjYmijZGMIZJdAZGDTNTNMGOTNQhMMJMRTczzM2UWh1yDRg',0,'pendiente','1996-11-10','0',1,'AEZjMEkj0ODyhMWNVMYkZ0zZIMzjDYwZTMk3DU2QJ1MmkYYMUGZjMlGYTB=yMym2z2lZyNj0INV0gjNOZWx2=ZTz','','2015-06-03 22:12:40',1),(278,'renato','morales','2ave 2-18a canon san antonio','66338626',1,'123','0','marta221@hotmail.es','ec02d2d95c27675d87dca50018d89192',0,'DMhz2NMZmlMDcYDZIzDMZNJZDUmz2NUiwYM0zTZMNxYZM1lGJzyDMNmDkZZmDkWD5TORYEIxZzMUGT30J5ThN2',1,'pendiente','1994-03-20','0',1,'','','2015-06-03 22:02:29',1),(279,'lester','morataya','proyecto el carmen zona 6 lote 17','50401230',1,'12345678','0','lestermorataya1997@gmail.com','123b34fd9f842826986acb6cbccef1bd',0,'ByGjkjZyZM2Y2m3zEi11y2IMO2MJYIWYm3ZZWmMMlYUOGYhA4QNmYMzmjGNzWlE1D5wcgIUORZY2QOYE2JN2DT',1,'pon tu numero de DPI','1997-10-11','0',1,'','','2015-06-03 22:04:51',1),(280,'Gabriel','Sancho','4 avenida 14-68 Zona 1','44729457',1,'81842015','0','gsancho17@gmail.com','b7c17d51b21d7f263ad4e75ec854967c',0,'zZG3mY0jjxVDz2YThJZiGDMDmQcMWzZNEkkJZMWxZFhmkNNQYkONMNNMTmJmZwOTAmNU2m4NcUYAhBTMTM3JwN',1,'2324449780101','1993-07-10','0',1,'Z0WY3WTZm4RkwmNM=w2z3imGh2ZM3ZJk2FYjOQ=MMjJGVZOzm1NNUGMIMNiNZUGWMjEJZVhAETZWijjlhBxcZMYG','','2015-06-03 22:20:41',1),(281,'Douglas Alfredo','Toledo Andrade','manzana a casa 5 condominio villas de fatima boca del monte villa canales','53845883',1,'5018807-0','0','douglaskating@yahoo.com','da324478b45e7a81ecbf33cee1a3e0ed',0,'lMNVY2ExmMBDdkBNMD42YWQj1TWkUUkkJwNmEhOMMD2zjZVOiyNAMmkRwYMZlMlGzTMUiM3TihYNjBVDBNzWYY',1,'2201 15532 0101','2015-11-13','/images/fotos/clientes/MjiTjzikGwWM=lYYZNNDo.jpg',1,'24DZ5ZMjzZjkjy4lzMUmYTOhJGjxgYmGNMkFYk2jYZ=jgThNg4ETwNM3Dkyz4jlVMMQNY=h3FhYjNENYNYRiQ2Yz','','2015-06-03 22:13:04',0),(282,'Susana','Rosales','Ciudad','58239339',1,'5394022','0','susana_s06@hotmail.com','d26e4e633bb4068cf0a1a61dbc6e7fac',0,'GZzNwG3j2MMWZODYDDT0QlZT5TOkJjUZTzDZWjNOOZNTOQYONiRxANEzyZIkzNYkUGZxjUUMYgjFjxTUc41VjD',0,'2292 24431 0101','0000-00-00','/images/fotos/clientes/c5jMG3cI=x3Y4DzI2M0m1.JPG',1,'DNZMyGNEgMkOiNTGM2NlQWINZhz=21YmzxTZDYjNVzDDxdzGU4YJB=OQ1WMxOc1DY03kMA2QmOYcNiWzzYmMZNJw','','2015-06-03 22:22:17',1),(283,'hector miguel de jesus','gaitan avea','3ra calle 0-91 zona 1','49746886',1,'12345678','0','hectoravea@gmail.com','25f9e794323b453885f5181f1b624d0b',0,'NNzz2mMzMMDDDY5NzGFzMUw2zMMIOMwmjy5MTZZZVhYjENEY3mZmxjJGMxIDY2EJGNiGjYlTANZGENZl1QIjQm',1,'3001-46000-0101','1996-07-22','0',1,'','','2015-06-03 22:16:23',1),(284,'Lucia Francesca','Quevedo Gonz&aacute;lez','1era calle 12-08 sector B4 san cristobal zona 8 de mixco','30193121',1,'2740465-k','0','luciafquevedo@gmail.com','f136370e948260107d2d67829e435d8a',0,'5mOZYJWTQMEkzQDkYzTYDIOTYF3MYlY0khmiFVMNU0iONIZ3U1QZNjjhJTT4WlzZiEWm2Mw5MzmZy2ZYmYMYzg',0,'1606776610101','1991-02-28','0',1,'1mZTzZGGMj2zWD2QYYYZAI3WF40Tm4=NwQZIEcETQMMYx4NUUiDAZ2MlYTN=wmIINgjjND3kZZ3kwjMMI20QONwm','','2015-06-03 22:22:53',0),(285,'Orlando Antonio','Coyoy Lopez','9 calle 1-53 Altos de Barcenas III, zona 3 Villa Nueva','66295267',1,'12345678','0','tony.coyoy08@gmail.com','40d5f9f841986c266e417b460af53510',0,'ImDD1mMzhTNTgIYOYDTNNjNThhmTzZ51DAUZkMNjzZlmMMGVkkly2zl2Ylj4VMjZiOMk3N2gUYOkxDhWQZFYdl',1,'2997 14063 0101','1997-04-08','0',1,'','','2015-06-03 23:30:18',1),(286,'Dulcemaria Gabriela ','Quevedo Gonzalez','1 calle A 12-08 San Crist&oacute;bal Sector B4 zona 8 de mixco ','52031740',1,'55555555','0','Proyectos.quevedo@hotmail.con','fa2d896e8fc4b807067deb0497863cc9',0,'MMTzmyONklFT0z0DgklGDMWF4QMEzO2ZZYIYYBmTTwlM3lh3TNzDFNlTjU2IDNNjGMIkhMwOANmwONlMN4lNiZ',0,'2152768760101','1992-10-05','0',1,'MMTzmyONklFT0z0DgklGDMWF4=QMEzO2Z=ZYIYYBmTTwlM3lh3TNzDFNlTjU2IDNNjGMIkhMwOANmwONlMN4lNiZ','','2015-06-03 22:28:21',1),(287,'Dulcemaria Gabriela ','Quevedo Gonzalez','1 calle A 12-08 San Crist&oacute;bal Sector B4 zona 8 de mixco ','52031740',1,'55555555','0','proyectos.quevedo@hotmail.com','fa2d896e8fc4b807067deb0497863cc9',0,'FTY1IOYy0d4QYNTQWOmVDOlkyYUW5glZFmMYYTMjTY0JcNDMONNNZYjTAWMYmym0NWjM2QDYlYD3kG0VwmWT2I',0,'2152768760101','1992-10-05','0',1,'I=23TGMgwZhZjiFwYMGT=5TkQzQ2ZhM5EYjF5GVBDOY4TjMmMNYTN0OQ3RjWMjNNdGDcTNY4i4OI0TYMNOlYlATk','','2015-06-03 22:35:01',1),(288,'Ruben ','Luna','Proyecto el carmen ','49053299',1,'12345678','0','ralp114@gmail.com','484a4e2de52e557a871f8949843353a2',0,'4GBQ22NzBQWTMTNEiYlGZjNTx0hMzVilMMmGUNNON2WjMDTzgwNNZUAZkTNVmO2zYjENlFBgENzYd15DTQIWmz',1,'2733-28255-0101','1995-07-14','0',1,'JI15Tl0YDW2G2xmj4YREG2YQMWMjYzk=0N2YNWM5OZM3mmYgUz2FYNMZZ54NMMz0yNZIjw5UhM=OZIMWRDUEMYhm','','2015-06-03 23:04:53',1),(289,'Milton Alexander','Yool Jimenez','13av 10-13 zona 7 col Castillo Lara','45610896',1,'12345678','0','alexito_xcd@hotmail.com','d5412f3ffe8463ecc36d60a943442d21',0,'DyAiwVxAG3wUDlEjjRy3AyWjZEDMWTgdWzMAkOUzMZZTANZMhNm5DYzNNZOxMzO2TjZDMzZW4MYGcMYT3MMkMY',1,'87654321','2015-09-08','/images/fotos/clientes/OTwdNAcJV5DgZDyZjZjlo.jpg',1,'NTNNkD2h1jgNMZ3zz0NUVgRGMMYj2O1ZhMw=GOQNN4YWR2DN2ZZAOMYBTOizm2hjUxEhTMZ=MDjlmmhTljRMwiDA','','2015-06-03 22:37:01',1),(290,'Juan Luis Pablo ','Mendez Mendez ','6ta calle final 2-47 zona 1 aldea el pueblito Santa catarina pinula ','35069799',1,'714559-6','0','Juanlu_juanluis19@Hotmail.com','a429d1a96a4993f731d3e316e3a30d21',0,'3NQQxTNTDOYNZZlWYwxThcDDDGIlMhgm1NOlN3jkDYAjTQUMyNjRhNwMFTGiVEjMOkzjOAzN2mNTDYRTzANzQM',1,'2653386890102','0000-00-00','/images/fotos/clientes/JV3=ZE4ZRM3WMzYhN1zw1.jpg',1,'zlwWAGNZYUD=ZjMjYAYTxMVjNDYNwjZ4ONWxYYQYMk33hYzd2hzm0I2NYljjUz32kDMMGjN=l3INNWj10ZZhOTYY','','2015-06-04 22:06:01',1),(291,'Enrique ','Arevalo','Guatemala','52232029',1,'8278674-7','0','en.arevalo@yahoo.com','2ad0ed2d2f1cd1517db2a9e74193ea62',0,'NmzYcDD2OjTYZNNG2ZwDEMdMVEMMIxTIM21wRY32ND2Y4jYDxY4EMMkTIzzONxZUEkTNY2OzZ2jgWk05DzYzkN',1,'2228 84738 0101','0000-00-00','0',1,'Z4DIDFlN=DM=OYhNzMNMzNIRTNzjTccxNYMd0jR0QzMW2NmzTEDz4250jgENVZwThDMAOjWQNAMkTMGYjNjjMOYk','','2015-06-03 22:52:33',0),(292,'Leonela Patricia','Fernandez Leal','6ta ave A 31-06 Villas Club el Dorado, z8 de mixco, San Cristobal ','58344235',1,'7786196-5','0','leito2210@gmail.com','0541ab3c6b344212df7ecb80ab9ecd70',0,'Y42MNMDRVEAkYxg23M2yO1OTWMTkEZTYTQTYMND1jI22jVIGmNkDgYwi4l2NZkjEZNGlZgMJDNM2QVM2mmD44M',0,'2077473770101','1991-10-22','/images/fotos/clientes/4DTT=4AkzTNjDjjGcTAUn.jpg',1,'Egm2jmNMM53MDNDYZNk3mhdTEVZIhFzcR4YY=Zmz414x2Nm5QMTDUDUOEWEZFNjMRIDNYzZZMD=N5GcW2ZZkjymk','','2015-06-03 22:47:06',1),(293,'Byron','Goro','11 av. 10-87 zona 21','51150567',1,'7117781-7','0','enriquego04@gmail.com','44e79cf4d2910d7ba1ca82454bcb24cf',0,'iOmxZyY5TZ4O1NMwIMz02NNUkYGjENjM3lWYANFMNWTYYZJkjmYMk2YNcTDwwZOGWNgWZmNTlWUh1jDD5MxMz4',1,'2517 25391 0101','1991-01-04','/images/fotos/clientes/YNDNNE3zYEZMWDjDl1OZ0.jpg',1,'QMjZ2A0QGZDgc3YOEwzjMZBj4D5NzIGhNZMMBYiT2DFDY1Z2ImZR2EMYZDMW=NMikN4j4McY2hGEDx=j10jQZZmm','','2015-06-04 18:11:34',0),(294,'Marcia ','Hernandez','1ra. Calle 7-36 A, Colonia Lupita, Amatitlan','48043096',1,'8657635-6','0','a.335marci@hotmail.com','70ec0b85457db4366fee46eb1df91d92',0,'EZYxmlMyNIghTNzkUyxOUGYIzDhjM1YVWmODZW3YUM3QN4MllMQMM3WZAOM4zZDWTTN5YzhDEWTTj5OTIVNjlM',0,'2707979980114','1995-03-03','/images/fotos/clientes/GYWTOTN5GOOiMlmNNZ1z.png',1,'j=2xDYBNINjiVDGlG0YEw0IO5VxAOOT0WNjTZZh5MWxOANAkYzMRGGUzNmiMNMzT=l2jROYIZlOTcjYlDMMgTDOM','','2015-06-04 13:45:49',1),(295,'Josue','Gomez','11 av. 10-87 zona 21','45988737',1,'87934751','0','josuegr97@gmail.com','44649aa6018e3f1e390a09953ba7cfaf',0,'0M5ZDZ5UMN3TYDBNwzcTj0jJhY4NVkjJDyjZNZhZN4ZmZZRljNYmhZxhYzjVTGUjIkjzikN1jlDNOkIMgDyyZQ',1,'9349 1928','1997-05-12','/images/fotos/clientes/NmW14Mmjm54mmZh1ZdEwn.jpg',1,'NQ1Nj50kz4M2hYk5mZ=mYYYDDwEyQWBEJwWxTDjjjY5MExGdNzMDYZMg=NAZlZMcYhVAON3YZDmMiGhNYWzj1YWY','','2015-06-03 23:05:40',0),(296,'Jose Javier','Cruz Saravia','3era avenida 5ta calle 5-42 canton san juan, Amatitlan','55129283',1,'98574638','0','everjavierin2013@gmail.com','7bcffe5db27c98223d7158585a471cb4',0,'2M2RmkmzEYQZ2YjTJgxNzIjEJZZUNwAmWcMjYY44O4l5DNZZwGNyhZ2gkMDyQYDYWiZMDGjmQMDjh5NzYmTYOW',1,'87361524','1998-12-17','/images/fotos/clientes/Nm2UYhOy4YNjl3lYMjUY1.jpg',1,'','','2015-06-03 23:19:41',1),(297,'hector miguel de jesus','gaitan aea','3ra calle 0-91 zona 1','49746886',1,'12345678','0','hectormiguel1112@gmail.com','17ff336ce9205b4b0a65459c3a256945',0,'M2EMNdmWjEYYYYYYcDTIM2mOgDkxYxwTAWZA1jYE3zmZN4TzY2RYZz3mNYj0NdMBTjGYZGlzl2DGRMJ5ONET3O',1,'3001-46000-0101','1996-07-22','/images/fotos/clientes/11YM1MQzOTM1ZxxjJTZj0.jpg',1,'IwNxmMgTU3U1ZWQUmJj1dxzMYNND1YMYAF=GTw2=kDjjMDEiNOYZlZlNEwY2y5gMTjONGzhk2ZOiYUTDMTUm2Jdm','','2015-06-03 23:26:39',1),(298,'bryan antonio ','castillo garcia ','km 30.5 carretera al pacifico amatitlan ','57914849',1,'0912345-0','0','castillogarciab@yahoo.com','371f83938a1771555b558acffae72e9a',0,'YNDZjTZZRDhFU5VTWTTglGkAZhBMTi4VMYADTmIYj2T5NlGTIwDyZ2JhM2jihwlYjOjYx2OhNZhTMMOMNOZBMY',1,'3063542170513','1996-09-14','/images/fotos/clientes/hZMZGGi2yDQ322mi0TMzo.jpg',1,'5WDlMNcTWIYTgkDZhOgFDGMckZThNOyWQJO=2IT=jM2N42xMjjxYzlNyQMY5N2jUhMiEjZMD3DMYhWk2jNhzmYMY','','2015-06-04 14:50:32',1),(299,'Cristian Rene','Crispin Saravia','3ra. Calle 5-31 Barrio San Juan Amatitlan','59126872',1,'12345678','0','crispin.cris09@gmail.com','620029e9ee4b8dc1dfa695684637e956',0,'ixjZGFMMwMATRjNNlYJNdZMhOMh3TTUkdiM2NW5m0OzxTwRBjZdZM0zGGmMmlAU0mJGjNMzzQjYkINZTYmlOMk',1,'2704231330101','1995-04-28','0',1,'','','2015-06-03 23:42:52',1),(300,'Diana Lorena','Platero Rojas','10 av 2-56 zona 17 Lourdes','41502996',1,'CF ','0','Platerodianambm@gmail.com','dacfa2862543fa989122aae8a4f78ae0',0,'M3iZYz30Zm0GWMBYNiMgcNmN2IGOVOAmZxD0DzWNM5UzNlimNRcWUDOljI5TlNDzNMGVZM0kVOQG2UjYzjZFMx',1,'Diana_ftw','1999-06-23','0',1,'m=FNNhF32kYWDGIYmYMmGlYNMmYzNYWNMzmYM4TjYBQGcz1YYmYMZIMD5Nx10Ykk24hwQJZYYZWwmTMF=YEODDxi','','2015-06-04 22:35:41',0),(301,'Diego Gregrio','Ordo&ntilde;ez Lopez','21 Av Zona 8 de Mixco Sancritobal 2 3-95','30049833',1,'CF','0','Gregoriosipad@icloud.com','dacfa2862543fa989122aae8a4f78ae0',0,'wMxWOBGMEU0UNjxOmJmzkjkmYZE0A2jljNWNFg5YDZlNDzUMDhMYGYY50YR2ZjyzMMUMz02cNQDGcEzM04FYwN',1,'Diego_ftw','2015-10-12','0',1,'wMxWOBGMEU0UNjxOmJmzkj=kmYZE0A2jljNWNFg5YDZlNDzUMDhMYGYY50YR2ZjyzMMUMz02cNQDGcE=zM04FYwN','','2015-06-03 23:41:54',0),(302,'Joseph Steve ','Prado Garcia ','manzana 43 casa 10  sector D la loma de minerva z.11 de Mixco ','58258100',1,'12345678','0','stevepradogarcia@gmail.com','81ea653812799b581542d6401dc79ca7',0,'w2IOjMzYkljMQYhZYRgz3QNYNOODTTYjy4MM0T5j4IjJjlTDGGxBOQYZ1Y2RMYEYAMjWmRxGW5wFN5ITUEOmjh',1,'3001490260101','1997-02-14','0',1,'zY0iZjDBNG2gNUD3UZlQNmyFZM3iFzNzhNWG1444MzJNDYiMZMNVZEMdYmxjWMGTzUzM2NW=YklQjYMMMjwxc=mM','','2015-06-04 22:24:39',1),(303,'Luisa Fernanda','Crispin Saravia','3ra. calle 5-31 Barrio San Juan Amatitl&aacute;n','30530763',1,'12345678','0','luisa.crispin07@gmail.com','356bb8547e291291885cbcddb4d3014d',0,'YOMM1cNR2T3TE5TJOUWIZOmWFNNzzYZmIYNMM35YGNZNETYjGTTxUM1mOjMmNmTwT1k2lMglZkzgGNkM0mlG1M',0,'2990876970101','1996-10-07','0',1,'MYZ3WmFAMYOZhUDzjNN3mZBY5MlUWZjMjIYjGMZMDMUi1jOMkdM4ZmjF3ZwNDNDG03kZc2G2h=YDQ4NzRiY5h=M2','','2015-06-04 00:06:04',0),(304,'Edwin Jeffren','Vivar Santizo','Calz. J.R.B. 5-10 &quot;B&quot; Zona 12 Guajitos','42205815',1,'7233895-4','0','jeffren.vivar@constructoraviga.tk','573efd2bf71e054cd9bcd10b7db89097',0,'D04jMJEFIZ3MmZI2EMN2WgUZIQZ2WW21EOcVh2Z1mNiFN2zMDhNVYNYY2YJYW22NATxJi3hzGMTTj4QDTklJlM',1,'2115045560101','1992-04-19','0',1,'','','2015-06-03 23:59:36',0),(305,'Diego Gregorio','Ordo&ntilde;ez ','21 av San Cristobal 2 zona 8 de mixco','30049833',1,'12345678','0','Gregoriosipad@iclous.com','dacfa2862543fa989122aae8a4f78ae0',0,'zYiwTEIgyYhjM54ZMgZQGODYwU1FW2YM0xIJT3j3AkN1mDNFgYNkNTONcO2OlmxNczYhGA2YmTMhTWUZMTDZDD',1,'Menor','2015-10-12','0',1,'zYiwTEIgyYhjM=54ZMgZQGODYwU1FW2YM0xIJT3j3AkN1mDNFgYNkNTONcO2OlmxNczYhGA2YmTMhTWUZM=TDZDD','','2015-06-04 00:05:37',0),(306,'Krsna Damicela Natali','Vivar santizo','6 avenida E 22-20 Esmeralda 4 Zona 21 Lote 74 ','40953204',1,'346957-3','0','promotora.allaccessgt@gmail.com','573efd2bf71e054cd9bcd10b7db89097',0,'jM3EUlkmkTDTjZgYMDNYwTOOcYJ3ZZ2zzWNN0UNYYm5YEzWZhTgNIjmWNTO2xNcFQIjM0NVh2N4TDjmlFzjY5z',0,'1891013340101','1988-12-25','0',1,'GMyJjYTQDgZkyMO2=UNN5jZYZJl0MNjYD=lE4T2MMlyNOAwMNThYENgGj1ZiGZTNzg5NMW25M5MhUA5yT2TzFDi4','','2015-06-04 00:17:11',0),(307,'gerardo','cabrera castaneda','18 av 1-24 z8 mixco san cristobal II','41515985',1,'7655771-5','0','gerardocabrerac@gmail.com','750664a5394b899dac8bf17d0a27bda4',0,'jY2WY1RTW0jOVY4YMjMMDYm4w1jYcQiFYggW2N3ZWBWDYOGFMRzTEQMTwyYM32ZMGAMi2lNxEM15IYmTYQjMY3',1,'2307464970101','1993-10-08','0',1,'YTT21gNRzMMiOzMz1ZTD=MkkYIY5mYDYRZyNYQjN3MTdzkhNRwywDzDMDxAGMDME2l4DMZyENYIiYj=z2MMTEjNN','','2015-06-04 00:29:43',0),(308,'Jennifer Michelle','Luque Portillo','1ra calle 14-84 sector b1 pinares ciudad san cristobal zona 8 de mixco guatemala C.A.','50592590',1,'6194314-2','0','luquefeller@hotmail.com','89bedd7fec12870409c0d09aaa1b8eb8',0,'jTQRZ4OhMFWlhQF5O2iU0NMmZMjVNZk5AUYzZNT11xkUy2GTMxgOZM2Z3OQTDgMMGW5MZIGmj5gNY53hYjUjDY',0,'2735355010101','1990-06-10','0',1,'','','2015-06-04 00:25:42',1),(309,'Josue','Juarez','Ciudad','30316114',1,'41432177','0','josuemjuarezr@gmail.com','d3b1d3ae9119b3ed9d568e2ddf0f1a7b',0,'TkQMwwyNIUMIMzh3UY3OjhW25MWD0OMMh0DDiOMZiVQjwYG4zmNDmYOmRz12YczYVYTRZD2NAUNMOJAzIGVxmM',1,'2773 47335 0101','1984-09-06','0',1,'','','2015-06-04 00:38:13',1),(310,'Kevin Johao','Marroquin Herrera','13 calle B 22-05 Alameda 3 Zona 18','44882764',1,'83637850','0','johao.marroquin@gmail.com','f8618ea3157f70e68648c0a635c74e60',0,'NiDh0WlxOgEMOjWkMYAwYMUNzJJWOYjwDM52DZGTTk3lYNzYMM5ZZkUTZDc4YjDMzMZ0EY0QYMFwmDMm5gGkDz',1,'2757286680101','1995-05-04','0',1,'lNAUMNMYNgmRgN4ATi3OczR2TQTzNmmGMjm3YmDYNYxYIyTxDykkYVWA=hWIxZ2=zmjDTM5TMYzYZVxYMzZiNmNO','','2015-06-04 00:40:26',0),(312,'Silvia Marina','Portillo Luque ','1ra calle 14-84 sector b1 pinares ciudad san cristobal zona 8 de mixco guatemala C.A.','49036688',1,'1492026-3','0','luquefeller2@hotmail.com','89bedd7fec12870409c0d09aaa1b8eb8',0,'NVYNwU0RlmDMgMmYNNWxFkEATT2WMMDzhWmz2IxAMOQ4ZO3Y2Z2JgZUY1R21ZkMclNjT3zMWzJZimDWMOUhjDj',0,'2735354980101','1979-09-01','0',1,'','','2015-06-04 00:41:27',1),(313,'ana cristina','lima sandoval','18 ave d 13 48 zona 7 de mixco palos altos f8','41505969',1,'50773666','0','anacristina10925@gmail.com','76529fd10f564535c179882c760c9bb9',0,'ZTIWUTQmYUywBl4NTgAm10ONYWAZZYyNj2NzMZMR4UiWYjhBmmNMTZMVQMjmWwYJmYj3ZA0BTMhDmMzm2jWjJM',0,'a01 1205226','1986-09-25','0',1,'YUTcmTiN1GDZO5ZyOMTjN2MZOcji=0gjNNhEDZ43MT3gGZ=ll3kcGQTNNJ2OJYMD5ZNNYYzMTj2mDMDT3OyMzdNO','','2015-06-04 00:57:42',1),(314,'Andres Jose','Rivera Garcia','Carretera al salvador','50607359',1,'7842773-8','0','andres_rivera5@hotmail.com','887db735a76452090cf59e881c899bf8',0,'1kTFNO2N2cZMZTOQZ4E2EZUMGhyYjIM4hD0JUDmZzYNYZMTxzMGNmwMMkM0UyGhVWjgWMGkFyJD1GMTlTNMx0I',1,'2187991010101','1991-10-14','/images/fotos/clientes/zMzMzjTYhlTDMyjQMNjMe.jpg',1,'jlN=1y2hOzQ0jz2dMYElDNAhEJcwMZmEMYIc2jOmTNTzNZMDidMQ4i5ZOMYOmhk=MMJmYDTUTzNAM1N2WyT2TMTE','','2015-06-04 16:19:22',0),(315,'Johselyn Andreina','Duran Alvizures ','33av 21-49 z5','57252532',1,'12345678','0','jadafriend@gmail.com','fab43ce140de2dc8662506ba0de4a9c4',0,'IYIDW50IlxjjNBwImGO1WNUQYyyEOGcZkj2YAONG5DYUNM55DZxdTlkNMTkFZZDFNNh1TyMEhjZIGTYNwjDOjz',0,'12345678','1997-05-10','/images/fotos/clientes/WNzkN4O5TjMTGYNjl1Uje.jpg',1,'4DMDjZZhMIM0NNOl2=YT4DgiYGTzyk2lYMMkOQc0=IzkGQ2ET4jhTZjNI3zdNMJjjJTQYzWZOMNcOj4kAWNdjFjO','','2015-06-04 01:15:45',1),(319,'CARLOS ','RAFAEL','45 CALLE 6-87 ZONA 23','123123123',6,'123123','0','EDILYROUSE@GMAIL.COM','4297f44b13955235245b2497399d7a93',0,'OM0jOMwU2ANmDGzMT4ENNzMNAmWzw2YyzZ5NYYwTMWTmOID2AjMUMTxNlkUMzzjY1MTYTYNMBIk5mhgMjyxMJY',1,'123123123','2015-06-05','/images/fotos/clientes/hMZNNzjNZGGmWYzNmwxj8.jpg',1,'1MZmV0GENQ3mZMNycMzOET0IMjGkDNMZjmWgm5I=J51gZhkZjzmDZ0yNNjTWhGw0h=OZOMZWAUM31NZzNEEQkTyZ','','2015-06-04 16:24:42',0),(320,'Anibal Rafael','Loarca','34 calle 5-71 zona 7','12344577',7,'123','0','cloarca.ios2@gmail.com','4297f44b13955235245b2497399d7a93',0,'zM1OkAjUZTmjgNzIFwIM4WxzAMYl3ZdBTZh1jNiwDYMT2FYRTmNNzZ2YYmNzM4YDYQEED4WZJ1hYOxWNTzjMYT',1,'18273','1997-06-05','/images/fotos/clientes/2TFZYVI2yOzQ=5ZywOOj1.jpg',1,'zM1OkAjUZTmjgNzIFwIM4WxzAMYl3ZdBTZh1jNiwDYMT2FYRTmNNzZ2YYmNzM4YDYQE=ED4WZJ1hY=OxWNTzjMYT','','2015-06-04 04:34:54',0),(321,'edy david','lopez','123456','123',1,'123456','0','edyd@gmail.com','4297f44b13955235245b2497399d7a93',0,'BMjzi51MzyTMN1zZYzwNAZY5ZNDzYYB2NzVGOVjzOjUNgjZ135MIGZhkYgZmQIkjGkMkEMYDOMTkFzDy1jA0WY',1,'1234567','1987-06-13','0',1,'xT=D=T0WYwWNWzNY5EMTTmNY0jikYlMYlZG3BNhNZUjhMl42ZRjTYTVhEZYxVwTJ4DlMAVjYYZUZENmi2iFkNj2N','','2015-06-04 05:05:35',0),(322,'edy gonzalez','gonzales','edyg@gmail.com','123456',1,'hfuru','0','edyg@gmail.com','e10adc3949ba59abbe56e057f20f883e',0,'N1mYWYVZj2MGzZOh2wyN0MRNDYNzOjjzMTWDjhiZOmUDjZTEFjkYTjIgM33Www11ZMQjkEkMJNVOkhWMEl1kiM',1,'12ed3r4t','2001-06-13','/images/fotos/clientes/kZiTkYzQmZ1kNcWZxETmo.jpg',1,'N1mYW=YVZj2MGzZOh2wyN0MRNDYNzOjjzMTWDjhiZOmUDjZTEFjkYTjIgM33Www11ZMQjkEkMJNVOk=hWMEl1kiM','','2015-06-04 04:44:44',0),(323,'Anibal','Rafael','82 calle 73-18 zona 10','12345778',4,'123','0','qwrrreh@gmail.com','4297f44b13955235245b2497399d7a93',0,'0DMkNTjNj5IZFjWO20MQyYGGdUGNTDQOdxzyw2Zz3G00WZcUGIQYY1jMZjmUMY0kMzYUMQmZjzYNYY0OT0DEUQ',1,'726362','1997-06-13','C:\\fakepath\\m71.jpg',1,'0DMkNTjNj5IZFjWO20MQyYGGdUGNTDQOdxzyw2Zz3G00WZcUGIQYY1jMZjmUMY0kMzYUMQmZj=zYNYY0OT0DEUQ=','','2015-06-04 05:14:37',0),(324,'CARLOS ','Loarca','73 avenida 4-78 zona 7','12345568',22,'128381','0','asdfed@gmail.com','4297f44b13955235245b2497399d7a93',0,'QjMVTTQOlmM55YYhDmQMGOD1GN13ZiNiDkmzM0YGWZMliZJNY5MizIQjmDAQizYOhOyOM2O2RZMV2DwRNUUMjz',1,'wieieei','1997-08-16','C:\\fakepath\\IMG-20140927-WA0002.jpg',1,'QjMVTTQOlmM55YYh=DmQMGOD1GN13ZiNiDkmz=M0YGWZMliZJNY5MizIQjmDAQizYOhOyOM2O2RZMV2DwRNUUMjz','','2015-06-04 05:28:18',0),(325,'asdf','asdf','asdf','1234',1,'123123','0','asdf@asdf.asdss','4297f44b13955235245b2497399d7a93',0,'GVDziTDmN4FZDOjMRZmzNiIGlNMEkTjjGMlTB5ExTNOWM2MMTTDAJh234m4YANYQAMNZTVmRVZlJlNZRjNkmZN',1,'23423','2006-06-02','si-claro-meme-370083.png',1,'GVDziTDmN4FZDOjMRZmzNiIGlNMEkTjjGMlTB5ExTNOWM2MM=TTDAJh234m4YANYQAMNZTVmRVZlJlNZRjNkmZN=','','2015-06-04 05:33:33',0),(326,'asdf','asdf','asdf','1234',1,'123123','0','asde2eff@asdf.asdss','4297f44b13955235245b2497399d7a93',0,'ZkY5jiQ5zNjkxNzxEmZJNFNlYYkhm2JWmNEAGD0OYNNAjOGGZZQ4MNm5ZZBDm40gYGONWIjMyZmO2YzzE4WzmM',1,'23423','2006-06-02','si-claro-meme-370083.png',1,'ZkY5jiQ5zNjkxNzxEmZJNFNlYYkhm2JWmNEAG=D0OYNNAjOGGZZQ4MNm5ZZBDm40gYGONWIjMyZmO2Yz=zE4WzmM','','2015-06-04 05:34:08',0),(327,'caralos','loarca','23 calle asdfasdf','123123123',1,'123123','0','as3fiaf@asfqlwe.as','4297f44b13955235245b2497399d7a93',0,'zNzUNNYYIJNMzY4lEwJTWZhMDzMJYlgTkBNWYMlmxZmDjNjjYlwTF2Yh2MQzmMYMW4zYTgg3ZNBjZkzxkYFQ5T',1,'2e4f2f','2006-06-02','14 - 1 (5).jpg',1,'z=NzUNNYYIJNMzY4lEwJTWZhMDzMJYlgTkBNWYMlmxZmDjNjjYlwTF2Yh2MQzmMYMW4zYTgg3ZNB=jZkzxkYFQ5T','','2015-06-04 05:38:00',0),(328,'caralos','loarca','23 calle asdfasdf','123123123',1,'123123','0','asas2e3fiaf@asfqlwe.as','4297f44b13955235245b2497399d7a93',0,'RN5GJ0j5zWZZ5QkEMYMWUk4jAjmcjlMRZOMZNGNMTIWNDmwklOlI1ZjmZhGMN512WN1dJZzTOMlAMNzNDOGj1Q',1,'2e4f2f','2006-06-02','14 - 1 (5).jpg',1,'RN5GJ0j5zWZZ5QkEMYMWUk4jAjmcjlMRZOMZNGNMTIWNDmwklOlI1ZjmZhGMN512WN1dJZ=zTOMlAM=NzNDOGj1Q','','2015-06-04 05:42:23',0),(329,'caralos','loarca','23 calle asdfasdf','123123123',1,'123123','0','asas2e3fiaf@wvasdlwe.as','4297f44b13955235245b2497399d7a93',0,'Z4kizQTzziZ3N02YNEZBTNZjjgYMTBkMVUlzUWNYQMxMDZkYkighyMjUm5DYmMiFzOhDTjhNNZjAN3DlWGVxlY',1,'2e4f2f','2006-06-02','14 - 1 (5).jpg',1,'Z4kizQTzziZ3N=02YNEZBTNZjjgYMTBkMVUlzUWNYQMxMDZkYkighyMjUm5DYmMiFzOhDTjhNNZjAN3DlWGVxl=Y','','2015-06-04 05:43:24',0),(330,'caralos','loarca','23 calle asdfasdf','123123123',1,'123123','0','3hefiaf@wvasdlwe.as','4297f44b13955235245b2497399d7a93',0,'MYmEMMmIdIjNDiFTMZTyJG2WTljzyym4kYZFiZZ2mM5MTiJdjBMN2xNOYWAT1NmONlMNjyZYOxDzWQzMMZmNWR',1,'2e4f2f','2006-06-02','14 - 1 (5).jpg',1,'MYmEMMmIdIjNDiFTMZTyJG2WTljzyym4kYZFiZZ2mM5MTiJdjBMN2xNOYWAT1N=mONlMNjyZYOxD=zWQzMMZmNWR','','2015-06-04 05:44:26',0),(331,'caralos','loarca','23 calle asdfasdf','123123123',1,'123123','0','caraloscuroas@gmail.com','4297f44b13955235245b2497399d7a93',0,'M2OlYDjMIkDTN3GGDMADNTDDDzYNjh5jNyjc12hNcdkUB2xDEyIOMz5MOMZTZmOOZUN44M5MImZEwMTTUm5Nh3',1,'2e4f2f','2006-06-02','14 - 1 (5).jpg',1,'M2OlYDjMIkDTN3GGDMAD=NTDDDzYNjh5jNyjc12hNcdkUB2xDEyIOMz5MOM=ZTZmOOZUN44M5MImZEwMTTUm5Nh3','','2015-06-04 05:45:56',0),(332,'asdfwef','qwefdc','qwergq q34t1','123123123',1,'123123','0','2faslwefwef@gmail.com','4297f44b13955235245b2497399d7a93',0,'GYDZ2EYhY1EhDZiNVZdjmEDzJmYlMYONzDFMDMM2jlZJZlW3YmJgONmWThmjYFIZkZkNiZzwY352mWWQEijmMY',1,'13123','1997-01-18','14 - 1 (2).jpg',1,'GYDZ2EYhY1EhDZiNVZdjmEDzJmYlMY=ONzDFMDMM2jlZJZl=W3YmJgONmWThmjYFIZkZkNiZzwY352mWWQEijmMY','','2015-06-04 06:02:48',0),(333,'asdfwef','qwefdc','qwergq q34t1','123123123',1,'123123','0','2faslwefwef@gsmail.com','4297f44b13955235245b2497399d7a93',0,'Y0OWYNxIM1kTMZjhZNiYQMF0kNcU2zEMQ4YNw2Gm4Y4MNJQjY02Umm0NDMNNZjGzkGTTDzMMMxNzJjhzk55INy',1,'13123','1997-01-18','14 - 1 (2).jpg',1,'Y0OWYN=xIM1kTMZjhZNiYQMF0k=NcU2zEMQ4YNw2Gm4Y4MNJQjY02Umm0NDMNNZjGzkGTTDzMMMxNzJjhzk55INy','','2015-06-04 06:03:52',0),(334,'asdf','asdf','asdf','123123123',1,'123123','0','asfa@asfwed.asd','4297f44b13955235245b2497399d7a93',0,'WMMDRWDTDYm2kY3FYEMzM1mMNzOYNMmgQJTj2OyJOgOwlMYMY1wMUyYWWNThyzMIk1g3gYFzEW2y4z4mYZmlDZ',1,'2ef2fe','1997-06-06','55_im.jpg',1,'WMMDRWDTDYm2k=Y3FYEMzM1mMNzOYNMmgQJTj2OyJOgOwlMYMY1wMUyYWWNThyzM=Ik1g3gYFzEW2y4z4mYZmlDZ','','2015-06-04 06:09:01',0),(335,'asdf','asdf','asdf','123123123',1,'123123','0','preubasperua@gmail.com','4297f44b13955235245b2497399d7a93',0,'IONN0TNmMENT0chY2mMj4kDMMTZENDzNwMINYhETikN20QMlO5NIyO2jVh30MVZxhmkTyDMjzFQA4WWkOFwGZT',1,'2ef2fe','1997-06-06','55_im.jpg',1,'IONN0TNmMENT0chY2m=Mj4kDMMTZENDzNwMINYhETikN20QMl=O5NIyO2jVh30MVZxhmkTyDMjzFQA4WWkOFwGZT','','2015-06-04 06:09:47',0),(336,'asdf','asdf','asdf','123123123',1,'123123','0','noexistesasas@gmail.com','4297f44b13955235245b2497399d7a93',0,'A5TMMd20jR2ZYYjkODYTWMDDNmN0zMzT5zwQlZY4YUNNZDjxc24TzMMilw0kNmO2MNVRYkx1cJEMOETZ2EjYiY',1,'asdfasdf','1992-06-05','6.jpg',1,'A5TMMd20jR2ZYYjkODYTWMDDNmN0zMzT5zwQlZY4YUNNZDjxc24TzMMilw0kNmO=2MNVRYkx1cJEMOETZ=2EjYiY','','2015-06-04 06:13:48',0),(337,'asfqef','asdfa','asdfasdf','123123',1,'123123','0','af324f@gmail.com','4297f44b13955235245b2497399d7a93',0,'33YII4TxDYZWYzZ0MTk2INM0OTZM3cMTMA5jIw2IWUGMUZgzjOTYOTZzYEZj5yNmNGz5zZOAA02YUMyEQTyy2y',1,'123123123','2015-06-05','14 - 1 (3).jpg',1,'33YII4TxDYZWYzZ0MTk2INM0OTZM3cMTMA5jIw2IWUGMUZgzjOTYOTZzYEZj5yNmN=Gz5zZOAA02YUMyEQTyy=2y','','2015-06-04 06:18:43',0),(338,'asdf','asdf','asdf','123123123',1,'123123','0','aflkweof@gmail.com','4297f44b13955235245b2497399d7a93',0,'M4JZiiTD3NFyMORFGyzyT2Zj5wNADQA3jkWjMYDZIOMkcMWjGjNU3Yl1IZEhjjVDNWBdYmMkEMTNjZAjcNNY0k',1,'123123','1989-06-03','9866.jpg',1,'M4JZiiTD3NFy=MORFGyzyT2Zj5wNADQA3jkWjMYDZIOMkcMWjGjNU3Yl1IZEhjjVDNWBdYmMkEMTNjZAjcNN=Y0k','','2015-06-04 06:35:11',0),(339,'asdf','asdf','asdf','1231221323',1,'123123','0','123asdfqd@gmail.com','4297f44b13955235245b2497399d7a93',0,'DZh3DT2I3QNWjc4M1YkY1OMQhI2NZM02NWWyEW3TNYMVTGl2zkM1lkMmARzGYj5QzjZhNkOE2ZY0YZ0TxjUMOc',1,'123123','2004-06-18','/images/fotos/clientes/xIQj2U1YNgNROh=U2mZz6.jpg',1,'D=Zh3DT2I3QNWjc4M1YkY1OMQhI2NZM02NWWyEW3TN=YMVTGl2zkM1lkMmARzGYj5QzjZhNkOE2ZY0YZ0TxjUMOc','','2015-06-04 06:40:46',0),(340,'anibal','rafael','34 calle 11-73 zona 8','123123123',1,'123123','0','cabal@gmail.com','4297f44b13955235245b2497399d7a93',0,'i3wdRTmTmQIZhJxiM1G3jjM2Y0MjZM2DzxR2NYNYNNNmYjDYhTZjZMMZNZYTYcTzcNj2hyUjZkz0TNjMDVBwmN',1,'qweqwe','2015-06-05','C:\\fakepath\\m71.jpg',1,'i3wdRTmTmQIZhJxiM1=G3jjM2Y0MjZM2DzxR2NYNYNNNmYj=DYhTZjZMMZNZYTYcTzcNj2hyUjZkz0TNjMDVBwmN','','2015-06-04 06:44:51',0),(341,'Otra','Prueba','34 ave. 34 -64 zona 5','1313123',1,'123123','0','otrapruebassd@gmail.com','4297f44b13955235245b2497399d7a93',0,'gIIYjYEUI4MZTZM0Y5O2NmG5EZgTzzhNhD3Yj3D1kjjTNky4mQWQN50MDWAYUDw2Im2N5FIzNYMOUGgEZ0A4M4',1,'123123','1999-06-18','/images/fotos/clientes/DWUYNN4Mg2TVAWU=ZMkj.png',1,'gIIYjYEUI4MZTZM0=Y5O2NmG5EZgT=zzhNhD3Yj3D1kjjTNky4mQWQN50MDWAYUDw2Im2N5FIzNYMOUGgEZ0A4M4','','2015-06-04 06:47:14',0),(342,'una prueba','mas','34 calle 6-28 zona 6','123123123',1,'123123','0','otrapruebah@gmail.com','4297f44b13955235245b2497399d7a93',0,'iGk2IlcMmzjZVGYkjTJMMUOjjDQdwxYWWjNYYg1MOhIj3mNz5MBO1RNijD3MIODjOhN5YwZTmWOTYOmmWNkyMQ',1,'1234','1990-06-15','/images/fotos/clientes/GUV2Uxz4WVZNBAyQDiN1.jpg',1,'iGk2IlcMmzjZVGYkjTJMMUOjjDQdwxYWWjNYYg1MOhIj3mNz5MBO1RNijD3MIODjOhN5Y=wZTmWOTYOmmWNkyMQ=','','2015-06-04 06:59:15',0),(343,'Christian Jos&eacute; ','Illescas cubillos','Villa hermosa, San Miguel Petapa - sector 11 ','40053188',1,'46571440','0','danycrak8@icloud.com','2918373ceb2ae9115c27d574de1233ad',0,'3j3kTYNNhYW23mYOhTzNZcYDMlWzgw5hMjBYTzQNgUNT2T3kkgWYFDMNZMwj0zNlYDmxYQjkZUj3NdDNMmzjZV',1,'46571440','1998-01-03','/images/fotos/clientes/YjzQwMmTZNGTTQYmOmMZe.jpg',1,'0YDNx0=h4cmmD3YkjlNkOYjOZ3Y04wyAWhyTYYhyNYDlNjTMgzQQWNDNAh0M=ZMOIcMYTN1MNlwTDmTNBcwGZUT5','','2015-06-04 07:28:28',1),(344,'una prueba','mas','34 calle 6-28 zona 6','123123123',1,'123123','0','otrapruebad@gmail.com','4297f44b13955235245b2497399d7a93',0,'gw4OkTc2mM4NZMDUzAkMwNNMN2xNkzJFTNjW25WMjZlxMkDDQYmUEyyjGjMNMQDNBhN2ciTzNNZYDyNRGmMMYV',1,'1234','1990-06-15','C:\\fakepath\\m141.jpg',1,'gw4OkTc2mM4NZMDUzAkMwNNMN2xNkzJFTNjW=25WMjZlxMkDDQYmUEyyjGj=MNMQDNBhN2ciTzNNZYDyNRGmMMYV','','2015-06-04 07:03:29',1),(345,'una prueba','mas','34 calle 6-28 zona 6','123123123',1,'123123','0','otrapruebae@gmail.com','4297f44b13955235245b2497399d7a93',0,'QOkYZYWEjzOh2NjMVYUw5yZWhZmNMMM21jzzNDk5zZmMlwzzMjGATYIZMR2GIjhxMzGcmxONiQTNmMRgzFzN1Y',1,'1234','1990-06-15','/images/fotos/clientes/U23k2AzYiZjMz22AJIA1.jpg',1,'QOkYZYWEjzOh2NjMVYUw5yZWhZmNMMM21jzzNDk5=zZmMlwzzMjGATYIZMR2GIjhxMzGcmxONiQTNmMR=gzFzN1Y','','2015-06-04 07:07:41',1),(346,'una prueba','mas','34 calle 6-28 zona 6','123123123',1,'123123','0','otrapruebaf@gmail.com','4297f44b13955235245b2497399d7a93',0,'BYhTzTNGIORYYYNDD3jUTgJYmNMYWMWJNVWm2NwzmNdhAJNl1ANkZzRlFh2zzZjZlMT0mTM1N5z1M5YYkNkhmi',1,'1234','1990-06-15','C:\\fakepath\\m141.jpg',1,'BYhTzTNGIORYYYNDD3jUTgJYmNMYWMWJNVWm=2NwzmNdhAJNl1=ANkZzRlFh2zzZjZlMT0mTM1N5z1M5YYkNkhmi','','2015-06-04 07:09:35',1),(347,'una prueba','mas','34 calle 6-28 zona 6','123123123',1,'123123','0','otrapruebag@gmail.com','4297f44b13955235245b2497399d7a93',0,'Yl4dwQOhjTDGJWYYWG0zDwYM00M2z2YYBQNkjhY4Gk5OQMFjDdMEjNNOmWODNlVNNMZAzcUI1YyMjM1NWUJT4D',1,'1234','1990-06-15','/images/fotos/clientes/FNzgDYWOMMTQWN2YUlM0.jpg',1,'Yl4dwQOhjTDGJWYYWG0z=DwYM00M2z2YYBQNkjhY4Gk5OQMFjDdMEjNNOmWODNlVN=NMZAzcUI1YyMjM1NWUJT4D','','2015-06-04 07:13:43',1),(348,'una prueba','mas','34 calle 6-28 zona 6','123123123',1,'123123','0','otrapruebahi@gmail.com','4297f44b13955235245b2497399d7a93',0,'2WMT4OMmm2NiVjZ1jZWGZYhWGhUMEjNNkhcOZMNYkUmgjMY4JGJUYzmOm4Z0jMQJYlkzhx5NNk24jTYY2NMGZN',1,'1234','1990-06-15','/images/fotos/clientes/NMUDjOmNxGYNhdjZMNUjn.jpg',1,'GT1DWMYMZkjO=Z2Njc1j0YIZZk5ThijxjNmVTYMmJNJ0MmcmFUWlAWxNDlYZZIlTJUwTkdFOjYZOjDmG5=OMMGIR','','2015-06-04 07:27:47',1),(349,'una prueba','mas','34 calle 6-28 zona 6','123123123',1,'123123','0','otrapruebahj@gmail.com','4297f44b13955235245b2497399d7a93',0,'z5ODNGYOZD4YQIk0gNjZ4zkzOcQVUNO4yjhjTgONG25FzEGMMYwZYN2AhDyRTQDMO2gjj4w2lWlVzM2NAmQlZM',1,'1234','1990-06-15','C:\\fakepath\\m71.jpg',1,'','','2015-06-04 07:26:30',1),(350,'una prueba','mas','34 calle 6-28 zona 6','123123123',1,'123123','0','otrapruebaK@gmail.com','4297f44b13955235245b2497399d7a93',0,'3WZOIAJW2NWNWOJNgzEzMIAMNFmOYZxZTyDYJQgM3NzGNNDDcY4Tw00D1kQ4kEhw2Q2jZTjMYGNZMDj2iDgZlQ',1,'1234','1990-06-15','0',1,'3WZOIAJW2NWNWOJNgzEzMIAMNFmOYZxZTyDYJQgM3NzGNNDDcY4Tw00D1kQ4kEhw2Q2jZT=jMYGNZMDj2iDgZ=lQ','','2015-06-04 07:30:04',1),(351,'una prueba','mas','273 jajab 72sdj','123123',1,'123123','0','otrodepruebal@gmail.com','4297f44b13955235245b2497399d7a93',0,'MjkIN2hYMzDYNWZjgNyjW5M32zOAy5YiyUWOjQDZEMzjyN20mEOZjjMTO2AzwITMMTlFkkhjwwWFzmhJNOYMMZ',1,'123(3(3','2010-06-11','/images/fotos/clientes/DMT3M2jlJjZYQZizkhx0.jpg',1,'MjkIN2h=YMzDYNWZjgNyjW5M32zOAy5YiyUWOjQDZEMzjyN20mEOZjjMTO2AzwITMMTlFkkhjwwWFzmhJN=OYMMZ','','2015-06-04 07:32:40',0),(352,'una prueba','mas','273 jajab 72sdj','123123',1,'123123','0','otrodepruebam@gmail.com','4297f44b13955235245b2497399d7a93',0,'m3NjOMAYWiYyc5NYVWmREOjNT1NMGYcNDx0UM4lOmDWklQUxWJMYUDywG3j0NWYWDDwMDOZ21mFmcNZFVMTkNO',1,'12hg','2010-06-26','/images/fotos/clientes/3AT3VW2VOWzMTOzOxmTl1.jpg',1,'m3NjOMAYWiYyc5NYVWmREOjNT1NMGYcNDx0UM4lOmDWklQUxWJM=YUDywG3j0NWYWDDwMDOZ21mFmcNZFVM=TkNO','','2015-06-04 07:41:24',0),(353,'una prueba','mas','273 jajab 72sdj','123123',1,'123123','0','otrodepruebaN@gmail.com','4297f44b13955235245b2497399d7a93',0,'2jRzBZVEjZzdyNjZ3kT0NDMYIxZYZzNji4NNkEmDQYjhwYNl2NmVOkFzUxMGY3Zk4EkMjZWEDTBM3NwhjQ2kYg',1,'12hg','2010-06-26','/images/fotos/clientes/jgUdDAEhjlZ3Y0TOOmDN1.jpg',1,'2jRzBZVEjZzdyNjZ3kT0NDMYIxZYZzNji4NNkEmDQYjhwYNl2NmVOkF=zUxMGY3Zk4EkMjZWEDTBM3Nw=hjQ2kYg','','2015-06-04 07:44:22',0),(354,'otra prueba','mas','34 calle 7-jdhe','123123123',1,'123123','0','otraprueban@gmail.com','4297f44b13955235245b2497399d7a93',0,'RwNmQMZm2N2lZDJWyZkzyGO4WNYNNiiURzZYQTDgYmIYY2VlDjNViND4mDMhWMYY2z2A3ExTYYZWwMlN2zYZmZ',1,'122','2006-06-03','/images/fotos/clientes/kNF2mklNJzj0xiM1MmTj1.jpg',1,'RwNmQMZm2N2lZDJWyZkzyGO4WNYNNiiURzZYQTDgYmIYY2VlDj=NV=iND4mDMhWMYY2z2A3ExTYYZWwMlN2zYZmZ','','2015-06-04 07:52:25',0),(355,'otra prueba','mas','34 calle 7-jdhe','123123123',1,'123123','0','otrapruebao@gmail.com','4297f44b13955235245b2497399d7a93',0,'zjkIiZT5OMNRMNZTZUNEFGNjGZ41UU1hzUDWj3MTMTGGgNI3MwRjOmOMWW2M4MO3WNGxwUZiWZMMhNjNZNmYmj',1,'122','2006-06-03','/images/fotos/clientes/N1TYMNwIOMMlDhZMAMO1.jpg',1,'zjkIiZT5OMNRMNZTZU=NEFGNjGZ41U=U1hzUDWj3MTMTGGgNI3MwRjOmOMWW2M4MO3WNGxwUZiWZMMhNjNZNmYmj','','2015-06-04 08:03:41',0),(356,'otra prueba','mas','34 calle 7-jdhe','123123123',1,'123123','0','otrapruebap@gmail.com','4297f44b13955235245b2497399d7a93',0,'ZIZi3zzAiZDzIZAjzEjGAGZmUVN3xNdYZYDB4YImmMUNmjjZZxDT2iYJZYiYyDM30WQj33M0ONEMOMMJNzDTjm',1,'122','2006-06-03','/images/fotos/clientes/TGw5DlZZNMF45GQVZBM1.jpg',1,'ZIZi3zzAiZDzIZA=jzEjGAGZmUVN3xNdYZYDB4YImmMUNmjjZZxDT2iYJZYiYyDM=30WQj33M0ONEMOMMJNzDTjm','','2015-06-04 08:11:58',0),(357,'Vivian Alejandra','Xuya Perez','12ave 25-48 z.12 Reformita','42113592',1,'7891210-5','0','alevivi2501@hotmail.com','dea9241dc4b0c66cdccdc68901d1a269',0,'mjhDZjF3EyFYEjNIMM2FZhNhZOU3DNYZNQTkWT2jkEkwZADOGZ1jmmMTxZwZNxNxmjMQNlOhm4OWQkRlVWDZWA',0,'2226092730101','1993-01-25','0',1,'lJMTUhjRJjZMZDTmYQg=YOMDTMYZiYVxjzmZgDNGk4W2lOcN5ZywDD4NZxh3=UQWVTcMY3yINmZTZNmlxYEYmYTm','','2015-06-04 08:22:30',1),(358,'Alan Estuardo','Alvarado Lara','4ta calle 2-68 z3 de mixco col las jacarandas','32083960',1,'12312345','0','estuardo080@gmail.com','078232ea84407cc1f941c14e5e80311d',0,'NDUI0mM1MOMENMI0zkzFURUTzDGZTWZkYmWYGwmFlMN3dW2NOmNRj1YAMlzMGNjm0Z0NGMIOZ1Z3OmjZ53YjUc',1,'2703 31700 0101','1995-01-11','0',1,'ZZZYjMWhkGAZ0wmjjJMYZ=WjIMDhNzMVMj5Y2gWk=hT3GYhZgRhjNZZYkOOGmQhD2jMyMGlNOUjxMNyG3jxZZRIz','','2015-06-04 08:38:22',0),(359,'carlos prueba','loarca','33 Valle asi ','123123123',1,'123','0','sheuaj@gmail.com','4297f44b13955235245b2497399d7a93',0,'Y5NNzTTYNVZNRMQhjBMjTNNh2ymZhjNYjNhMOAjRQwTkGkk00ZNMGmjNTMjcGNQUwGVGMDMFhRlki2T2l5NZlJ',1,'hshs27363','1988-06-17','C:\\fakepath\\m141.jpg',1,'Y5NNzTTYNVZ=NRMQhjBMjTNNh2ymZhjNYjNhMOAjRQwTkGkk00ZNMGmjN=TMjcGNQUwGVGMDMFhRlki2T2l5NZlJ','','2015-06-04 08:35:31',0),(360,'prueba','App','38 avenida 6-71 zona 18','123123',1,'123123','0','metalcrowley@gmail.com','4297f44b13955235245b2497399d7a93',0,'YcYMY3zWAkZzA5zQUTEAymhZNM5DzkEgOzwTDYwGiOVjTW02D5VZQNTWO5DGjihMNOZzYFNMNTVOMYMjY3OOjz',1,'6262622','2000-06-05','',1,'WMJwYWx0xZIEQTETjkxyMUNN0jEWEDzmGINY2JNImTOOWxjOMizM2hlG50NgMZNE2MMD5zZIYGZ=h=dWZA4QZxAh','','2015-06-04 08:53:36',0),(361,'erick gerardo','ponciano sandoval','0 calle 0-36 zona 10 mixco colonia berlin ','41207385',1,'12345678','0','erick-ponciano@hotmail.com','c0aa5b5e894121fccb48205ed0b12543',0,'Y5MjmTMYAYiTjyZNczEDMzgO2mYTANyOBjWWZz2M3NhJMMGU2QZMmzMRhZM25M0Y3ikThhhB1QM5RTMjjimlkE',1,'2930 61718 0920','1995-03-10','/images/fotos/clientes/Wj42WNlQjVN3NI4YNl5FR.jpg',1,'','','2015-06-04 12:21:26',0),(362,'Mario','Urizar','3a Calle 5-50 zona 15 Col. Valles de Vista Hermosa','31737337',1,'12345678','0','mario.nlc@hotmail.com','eba8edd225ccb1efb227dfe1de4c78f5',0,'NNNk5Oc42M2Y5TYZz0YTTzQzzZUkENxZmDZ5IMiNDGTZDZYYOJkwYjyYwV2TI3TTzwFYGMMYmZh4UEDOkMjYzj',1,'2943657101601','1986-01-25','/images/fotos/clientes/VYMDD12NMk1wiDZDZOZ.jpeg',1,'','','2015-06-04 10:12:04',0),(363,'AARON LEVI','DIAZ ESCOBAR','ZONA 10 DE VILLA NUEVA','54776139',1,'12345678','0','levihonkon@gmail.com','822719c3b2c26bdc18142e7be000978f',0,'FlyOWGZiNjWVVmzZRjEWmZZUQ3IjMlNj23DDAwj4cNYlj2GMOQJkhNdy3YdmMzNTZjiEMZYkOmDc3NkDxDMYNY',1,'12345678','2015-01-04','/images/fotos/clientes/cTwNThMZMwQMxZ3jj22M5.jpg',1,'','','2015-06-04 10:19:44',1),(364,'ANA','AGUILAR ESTRADA','6ta ave A31-06 villas Club el Dorado Zona 8 de mixco ','50169657',1,'5993240-4','0','andel.estrada@gmail.com','84c9e97285114ab9d0fc1949fb1b9b56',0,'52GN0Yj3MIMBjiYQYhYzZFZZYYillMMMmEzMOkzMjDGjhTQm0W02Y4ZMmmZhMDkYNBVjZhEZMM14YRiwG2NTjY',0,'1943384601001','1990-11-07','0',1,'hYZZyDWN3YMIM5FmlTkzMU12D2zhDm2Z4OUF=ZWmJQNzMOMAQNZZ2dN=mFJzEGMYQjlm2lTTIWZzmDmITcYz0N0Z','','2015-06-04 10:07:14',1),(365,'ROGER FERNANDO ','PONCIANO SANDOVAL ','0 CALLE 0-36 ZONA 11 COLONIA BERLIN ZONA 10 DE MIXCO ','34223005',1,'12345678','0','rofer_11_@hotmail.com','dea56e47f1c62c30b83b70eb281a6c39',0,'hgNNNxlUU3WzZWlTDkTMM2TMZEZANjVmjQlJMANN5Oy1TmxNVyFyMlYMNyziyUIkZQY43jjYNj4YY21M4TljGZ',1,'2930 61718 0920','2001-07-11','/images/fotos/clientes/DMYMIDQzNyNDzkGEMDjko.jpg',1,'YjUNFANjTGQzWZkyzQDMjMjzc3=YyNYmYYxY54zgUMxMWWYYMzxQTIzUW3MZ4=MzN2NzlTUTQAzzZNNYAU2MZ34T','','2015-06-04 12:24:26',0),(366,'Sharon Eloisa','Guzm&aacute;n Salguero','14av. 15-81 zona 1 Apto. B-21','30057748',1,'8138477-7','0','michasalguero11@gmail.com','37a67f5c760f5dd553d281d8647fe096',0,'3MzUODkGNjZU2yZEhMiYzUJYwWZ2BYjWN3OOTYYhdlOMhm2MmAF0wlNjzTMlREDNTDTZINmYV0imDDzmMNj3dh',0,'2553146630101','1993-11-22','/images/fotos/clientes/MhDN1OyOYVlZl4zWhYcn.jpg',1,'','','2015-06-04 11:22:44',0),(367,'jaime','ibarra','Av petapa','40830380',1,'42026547','0','bio_2jic@hotmail.com','4323429892522b5dced9b54c14791c8e',0,'D4MjTdMWWNjMGMIMMMj2wBzl4Y2VZVRxIMDl0U3NkAWzZYF2iVZMNijIhy0mjNWmwMjmYThI2Iw4xAAMjgYYZj',1,'2344156061601','1987-06-09','0',1,'YmM1jNIO0ZYWTQNYTMTRDET0jDV4M3WgMQMEQDjzRdYDiQ5MWNlDh=ywN=M4Zj1MTMOAMQAzJZMi5z3hGDM0MMjD','','2015-06-04 13:09:15',0),(368,'jenson','polanco','avenida las americas 14-65 zona 13','47470849',1,'12345678','0','archilapolanco@gmail.com','251c72e72caf828a7a0076690a42af8a',0,'I31MiYD3z3IYwWkmYNZMY4EhjO5TTwI2Zz1EMYRyjN52zIOgDGWMQzDDMNUkRAAYjM4YmNIED2GUUzwEQ0TMMz',1,'3654756620101','1996-04-24','0',1,'','','2015-06-04 12:09:31',0),(369,'Julio Cesar','Ramirez','zona 4 villa nueva','34850672',1,'12345678','0','jcramirez018@gmail.com','973512a42cbe4e2049081f7d93ffdd1f',0,'hMkWMzmlNlmNzD0JMgYNNGDZjZYkQy5xYMzZOk54OjTIkD5UOVjZDAEiJQNJ1OwyW5Z2UTZV25mMmGEmVjNETz',1,'2250766750101','1990-03-30','0',1,'VzjT2WDjDhZMjyMNMFhYiwYZ=EJE2OhjYy3x=NIEOzY0zYFTTcZhiQd4YNMN5ARjZlFMNhEcUONjzhATTDwNT2TW','','2015-06-04 12:13:12',1),(370,'Saul David','Giron Galindo','14av 15-81 zona 1 apto. B-21','54138265',1,'4379450-5','0','saulys17@yahoo.com','17fa839bc51f494f17e0d1bab60620cd',0,'NNU2TjDh1NlYyiGNDEU3jYZxDjYTTNh4lc24MMwRMYWROTjTN2IhQNjdjZYZZWANNkWUDjMMwTczJwRWMNVF4Y',1,'242758320101','1987-10-02','0',1,'jYdkYwyY1wW=MzjYmZTQ2N=DN5GJUTMN5OkTi3IUNY4MhNlONAhlcjWOMI5ZQzVxmWWmMQJYAzDj0DE544MZMNcT','','2015-06-04 12:29:56',0),(371,'Gerson ','Suruy ','manzana D lote 14 colonia blandon de cerezo','40794953',1,'1234578','0','navogd96@hotmail.com','7bef7abf4d04afb50a704b13ef8bd42b',0,'GmUITWN5MyQ0WiWMIMwTlMJNOGMyOwOmYyRmlM2MDWExhMyZJTMTNOOYlzjDMU2Q2MM5GQTM5NNZFNjTxlM4YD',1,'2985-85863-0114','1996-03-24','/images/fotos/clientes/FJwwk1Y4mlAM2hZNOZ2d2.jpg',1,'','','2015-06-04 20:27:56',1),(372,'Angeles Bellaelizabeth','M&eacute;ndez Guzman','11 Av 7-03 zona 19 la florida','54115025',1,'3703243-7','0','bellaelimendez2013@gmail.com','dccfde88780a07caedf97395cc71a640',0,'ZMZ2NM2Rmw3BMijUymGZzYO2M5MA3IWlNRNDmNRlYU0zTzZNlE2zIMjZZMUmN2NVmi0BiZMzlmZY1GTjYRwMmG',0,'2728374560101','1997-04-29','/images/fotos/clientes/NZD2F5mYNMBO5NjYMd1jf.jpg',1,'','','2015-06-04 23:37:35',1),(373,'Andrea Gabriela','Gonzalez de Leon','17 av 2-99 Ribera del Rio Zona 13 de San Miguel Petapa ','47096486',1,'5480106-0','0','gabrieladleon@hotmail.com','15f3c48b0453e808f478be2169317b36',0,'G3kZ33ZyzDZ5ZDkM1jlJYYw2NmM05OAV02TxxYmOQDENNYDYYQADOTlM1YkDmOZZZTjNTQjzjOUg4WNzMEiINT',0,'2653450730101','1987-10-22','/images/fotos/clientes/lG2QwYx0NkNxjYNZzzMMy.jpg',1,'','','2015-06-04 13:18:09',1),(374,'Juan Carlos','Samayoa Lemus','lote 15 mz g sector 1 pinares de san cristobal','58001211',1,'42207908','0','jcsamayoa08@gmail.com','dc23df13a080b755cfa93308dd18d0f7',0,'Oxllg2G1VhDz23GlFYRYDzmzWhZj2BWWZ2MMGNzY50iOYYEwZMgmOR2GMMUGzdZkEGmNNIIVODJzZZYklQiMAO',1,'2301831070101','2015-04-29','0',1,'QNcjjyNDYYZYENzJYmNT202NhDDRWWUOw4D2MQiN1MmjyTYYl1DmN2WYmhYdZhZjNIYMjB=AVAzl=mYjmM2Y2h3N','','2015-06-05 11:42:53',0),(375,'Henry Ernesto ','Marroquin Barrientos','44 avenida 14-10 zona 5','30217436',1,'39271366','0','henry_12751@hotmail.com','0ab48c26016bc20db397bfdecb955bd5',0,'QOWDmWl5ZEONjNM3NjW2ITcIZ3FQEmyZQDMTzDNQDz4IU5m4EYGYkONkWYQN2gwZZMmW2gxlMONhW3YO3dzQ24',1,'2643508710101','1986-02-03','/images/fotos/clientes/MhTYzkNijTDRMDwVW1zYy.jpg',1,'','','2015-06-04 15:24:54',0),(376,'Denis Omar','Alvarado Lara','4ta calle 2-68 z3 de mixco col. las jacarandas','59305927',1,'12412454','0','oalvarado@baco.com.gt','078232ea84407cc1f941c14e5e80311d',0,'gNVjDjZkNTz52mZBmkD2DM4DhjTh1Zzdzl0ZMTjxYklMhMMYNFTMNTjmEMkRMYzYNUMFNQzMZcYwlYmmYjlNxz',1,'2856 80625 0101','1993-02-18','0',1,'mT=kNZRMYmMZMT3z2jR5hT2i3DkRkRNzlYwGzV=2kOO2DThZcTY0NhzjzBUEFMdN3MMTYMzxWMkZhkNYTD5MQYUM','','2015-06-04 14:58:47',0),(377,'Evelin Yohana','Paz Vasquez','17 avenida 23-11 zona 5','53374403',1,'85478970','0','emely.paz@hotmail.com','eb8310b81f5757129314ee61d5ba0d55',0,'zZWGEVM4TxNMIz2ZDgjNxDYYljh4NZDxAE3YhVNMIMYiYNGAOAWW0DhNMMjykQd3TyMmZlQWhO4ZQ2ONjEDD22',0,'2692552570101','1995-03-24','/images/fotos/clientes/yMZGUyOxkGjQMTUNUjYMa.jpg',1,'','','2015-06-04 15:20:37',0),(378,'Cristian ','Rabanales','Villa hermosa - San Miguel Petapa','50506387',1,'50506287','0','discomovilgt@gmail.com','7ae3203443d78d1905ac4e5091b95dd5',0,'jBYNYJYkkMzThjVlz0IIFmTOmj2iYYVYhNxzlVGR20YzwllJTxOzEMTOJYWikZOjjMjVMYYmGkJjMNGYlNhDlG',1,'1815820580101','1977-02-10','C:\\fakepath\\image.jpg',1,'NQWxWZymEQFzkWV4NTxTG3gNNZ4=ZQMMzh4TTNDg=2RMM2ZMhM3kTDjNQTMDcZhEZk3EDN2i22DENkIYhNhlhZ4O','','2015-06-04 15:49:02',1),(379,'Julio ','Aldana','19 ave 26-05 zona 16','45915861',1,'1234567-8','0','julio_alda@hotmail.com','62398fb63509f679f2128ea6a44a7f9a',0,'glZzZm0TO2DMQDDMGQNTBZcdzMZADBmiDZxEYMRO1Z5cZljYjOkN3RjMZWUTDYMTxWj5jYyDINTjNhN2Z4Z1TY',1,'2126324570101','1992-02-07','0',1,'','','2015-06-04 20:57:01',1),(380,'Jorge Alfredo','Mendez Mayen','3a. calle lote 170 colonia santa isabel I zona 6','32874899',1,'12345678','0','07jorgemendez@gmail.com','3e5925804a6fe1538c59328a2b7dc7b5',0,'2YYOk1Gjyw5TDMjOOl02lhDRMNOkOmjYYMFONMFTgYUd3jlGDWzUjhMEyMWODjWZTdMOQyWmVMglM1ZjDFMDGN',1,'2226578470101','1992-09-16','0',1,'','','2015-06-04 15:59:16',0),(381,'Roni Alfonso','Castanon Cali','Sector dep. colonia santa luisa z6 lote #533','59780460',1,' no tengo','0','ronicali1608@gmail.com','39ccdfe8af7deb483453da73b26d5928',0,'YmMRwMj4OZlJZYjMBJGM2zmYjzlRMyTmlmzlNMYmYNZWQ2ImzN4FIRYFZYM2FWD0MlkgyQzjiWyRjMhjMGYQWM',1,'2817 65324 0101','1995-08-16','/images/fotos/clientes/MMIEODZhjTzNWN4DMDy1.jpg',1,'','','2015-06-04 16:19:11',1),(382,'Karla','Amaya','14 calle 11-64 zona 17','54117087',1,'12345678','0','karlamad_16x@hotmail.com','5f14ff6b56f840db59095fe62db3393d',0,'jjh12TD2zQxdmNMiMZRyc2M2ziZGWZTBmYOMZEVdjYMGN2QcxNJOkATMWZyNjjNMMOyUDzcmYmE2RY0TYkJThk',0,'1695578201905','1991-01-01','/images/fotos/clientes/1mmI5wzhZYgEY1QhMzWJn.jpg',1,'xYYDkZFjmjm0A22=N=zZZWdNDAjwIYZTjYAYYQGBNjwMhjMcNUGIWZmi0kMNTE0wYM4yjNTjwJDMM2ROZZMDNzy4','','2015-06-04 17:37:46',0),(383,'Luis Eduardo ','Xuya Perez ','12 av 25-48 zona 12 reformita','42166034',1,'12457852','0','luisxuya12@gmail.com','2398e2c271f0c9db5926a59b6a5e09d4',0,'liYIMcFNUYlg03TkFZYOENMjZGhkyZZcIczGTODZNMzM2mwwlG4WMYmGjINiV4jRTZJTzDYMOh1I1jI0EWDiFG',1,'12345678','1997-05-28','0',1,'','','2015-06-04 17:31:24',1),(384,'Maria Fernanda','Barrios Contreras','16 Av. 15-34 zona 6 Colonia Cipresales','22884281',1,'12345678','0','fmwbarrios@gmail.com','85c045c4db16a8ba4548c8e8692c21ab',0,'Vii5Mzz5DVR0ZTYMD5EOigNNQWdJzlMMjcGYmjzAGTiZNNTEGMY3DjEQZ2lN1gi2NYMD5NgT1mMh14ZYwcONWI',0,'2223454970101','1993-01-03','0',1,'','','2015-06-04 22:25:26',0),(385,'Fernando','Najera','1 av 3-30 callejon la floresta, san jos&eacute; pinula','43206418',1,'12345678','0','fernandonajera20@yahoo.com','0383b25d673e5c9f24c88fee2251a77d',0,'NMMTzZwJkOT1Wj2wzZ2DlNU5D0NcwYNVhYTg5ZOghz2OhZZQONZWEygZWjIW1NUJTymTDUZWjzEWjUJ1FhiNOJ',1,'12345678','2000-06-26','/images/fotos/clientes/mNMFyMjwRzEVyQYNNxVjo.jpg',1,'','','2015-06-04 17:56:11',1),(386,'Marcos','Duarte','El Frutal Villa nueva','31598602',1,'12345678','0','duartemarcos@hotmail.es','c086b19e7ac44170f6a3bcc696267a99',0,'0y3mDJi42MMUjMTZM2ZTTjOGMQ23O4gAUUNA3gY2UNYUMNxZWMYh4UTMZlV2zhmGZWMNRjI4Q52wQ24D0U2NYh',1,'2130836040505','1992-01-10','0',1,'NjDzMWWNIOiVDZYVYlZc3ZlxUzUTMmEzkmM3MM5l=OTNzG0YM5ZzNZWFThhZT0kWUxM=j0ZNYZYMjmgzYRwxTjMj','','2015-06-04 18:44:40',0),(387,'Jazmin ','Velazques','24 Av. 28-56 Paseo de las Fuentes, San Miguel Petapa Zona 6','44727520',1,'12345678','0','jazminvelaz@gmail.com','25d55ad283aa400af464c76d713c07ad',0,'UDTkNwkOYT1OjcF43DzDw0mATI5zkMmYzzYZ0lNOGTNQizDAzDNlzchDlO3G5NNMZMYglZhZDNNNOlMZOWWjOU',0,'12345678','1998-10-05','0',1,'kAgjj42YZNY1YTBJOzU30Q3=T5MzTTjzYMkGjAQYI5hGTNYZhzlYmMwgNNIMZ3NYYZNE=ThZwZxGYykWgzhlTDmM','','2015-06-04 18:25:18',1),(388,'Maria Manuela','Gonzalez de Leon ','11 av  Ribera del Rio  Zona 13 San Miguel Petapa','59280412',1,'8644369-0','0','mmgdleon@hotmail.com','08c8517510f815aa6eebec28edfd68e6',0,'ZjdMNzD504jYZkMmNNgNDZYAZVjMjxik4mNNDNkjG0cdkMjxNMWNmkwdxT1TYYIY5lzDcAUYMETdTOy2YDBT1O',0,'2140386450101','1986-09-14','/images/fotos/clientes/zljOMmzFIc4ND5JcTNNya.jpg',1,'','','2015-06-04 19:23:25',1),(389,'Stephany ','Mejia','33 av. 13-23 zona 21 Justo Rufino Barrios','34006120',1,'12345678','0','stephany.sweet@hotmail.com','4e5887a0fb27681066acf94ea59217e1',0,'3DNi2EMjMQRMjTFNTkcZGmI2m2Mw3FRVTjzGgIzMMyZMMMDN3Qjk4WxlDEcZ3ZmN0MEwyN21ZMjNM5NQNYMixy',0,'12345678','2000-03-23','/images/fotos/clientes/GgM5NZMImZZOZlMdgly0.jpg',1,'QYjYWTMZO4j0YzNy1ABikMMBMjDYTFMxkTQDWNFzJizZWMGDDkAQY1YkNIyAU3MIcZWNA4=YQm2O0VwMY4zW=25Y','','2015-06-04 19:08:38',0),(390,'Mario alejandro ','Guerra Mateo ','9av 1-67 zona 2. resdenciales villas catarina, Santa Catarina Pinula ','59303713',1,'2559262-9','0','mario_ale9@hotmail.com','8caece778b4e541aa1ecd5a36c497124',0,'dk3ByhzQWhTiwYjTi2DgEmJkYTxNwmQT4YVB2TMUl0NjGkEkM0WTMYj0NlZMZZ4ZNkDzOTYVQQMxTTFQMVYNOY',1,'2843101150101','1995-10-09','/images/fotos/clientes/zyITEZlZFiRAmgGmDWmQ1.jpg',1,'dk3B=yhzQWhTiwYjTi2DgEmJkYTxNwmQT4YVB2TMUl0N=jGkEkM0WTMYj0NlZMZZ4ZNkDzOTYVQQMxTTFQMVYNOY','','2015-06-04 19:13:08',1),(391,'Maria Isabel','Cazali Ordonez','San Cristobal zona 8 mixco','56563977',1,'12345678','0','isa281@gmail.com','889eb4730ae3c419cbbaf60ab530ed8c',0,'AmhRYIzhxNzzjOyMOW4MykZTwwMNMYMZjzYmYjT2GN1RkMUmNZZZTDZjZOzNADMEmmDjAARjw03IGD1IcRMZWN',0,'2158876700101','1992-07-06','/images/fotos/clientes/VTjMYANUOWlZREDMkFN).jpg',1,'BYOGMl03ZG3kDYMMOTmMkjIN4U5UMTND20RjNTTN=hI5NjGlYTjwjkOMmDFM0=2YAlDicwMZRN0ZWY1QhzhgMFQN','','2015-06-04 21:17:39',1),(392,'Luz Cecilia ','Valdez Caceres','2da Calle A 12-60 Z. 8 de mixco Ciudad San Cristobal','44800070',1,'8723897-7','0','cvaldezcaceres@gmail.com','74783f3cbf121f726504a56e43803742',0,'0TYiNN5jVcl2TzFxZGYhzZJijYNmIMZMAUWJGYgEDkzN0O4UNDYm1GYNZzQWTMNOzzIzMT2I4TE4hlY3xNkZTY',0,'2279 62966 0101','1993-07-16','0',1,'YzGQ4yZZWMTm0YNMNZzZjlZ2NjxTTEhzzGMZkJjzYYh=YhN=gMkcxYMjmjDUVYMG2h2QOhMWDUGNO0MZY3xkm51N','','2015-06-04 20:47:31',1),(393,'jorge abel','alvarez de leon','15 calle A 10-06 zona 1','55585815',1,'vacio soy menor de edad','0','musica_electronica_24@hotmail.com','af3ad966241f702dc52a85d8800d666d',0,'TMmTwj0MFMY1ZNZEDFYWxjjUgMjTYMjhG2Z0Mlm4hmMWMjWMZNDZDZTNlBEwmM5EgiYD2jkjUMjOFc0BB1GlMM',1,'menor de edad','1999-11-06','0',1,'Gjhlzyz2m4ZlTOYWxDkNDjIQIGMjDcEwD=hjGDJc1BjzmMNwkMATmZy35OONVZMc0YYjYODMYM0YTzY=gZNQ3MZk','','2015-06-04 20:12:40',1),(394,'Josseline Beatriz','Castillo','lote 26 colonia san jose buena vista zona 3','41939786',1,'20121407','0','jbc_arrieta@hotmail.com','f96d5aae23da0c6a683f5dbfd2f8af66',0,'ZNNZNZ2dkNZAM4YDNjYGYGmNEmDkNNYUIYkYU3hMkD3j4E2zjjzimimjR1VWYG3WxIYgWMN2zyyUmMNYdWMZlz',0,'2507698380101','1993-08-02','/images/fotos/clientes/kWN2EY5j2xZkUzOY22Ne.jpg',1,'MhRVgxMIO5M5I55kGkQTYmgDZJZlZMWT=YZmhNmG2jxEEmGYYjMMjZ2D2QWmd4xEQIQNmjyMzMcTy2Nm=TYDMx1Y','','2015-06-04 20:17:43',1),(395,'Jonathan Adolfo ','Chacon Calderon ','condominio monte cristo casa 3p san jose pinula km 27 carretera a palencia ','59665522',1,'6537659-5','0','adolfosconfecciones@gmail.com','29b28326bd1c6478ad6229915e3d4d07',0,'ZQR3DOMEdwhAY1ZkVzUT3TImGNQMZMhZZz2Wlz2YYDWlOQIjNNVzjjMjDwYG4Nzj0lhNzmjO1B4MN4IAUNDTWI',1,'2230586100101','1990-10-26','0',1,'','','2015-06-04 20:49:26',1),(396,'Melanie Kristell','Liscutin Montenegro ','12ave 13-03 zona 16','53328031',1,'7813717-9','0','mkjaar@hotmail.com','a6ff65f7cfc15acbe5ad41e85dafa998',0,'FljZ3iIOTYNZi1GMzQiE1FYyWm52YDDYGRTV4NjZlEOMzMiThIjNjzw4IJMhNENkMjDNgZ32N4YNmdWDjMZc2M',1,'2315153670101','1993-07-03','0',1,'UAMUi=Wwj1m2MZWwJOMByFZRZNz0mOhA2DgzDDOMYMyTMj=z2AhMIZzTDY4jdmUZmi2zDTNMMmzNcYjAZNGk3mMY','','2015-06-04 20:58:56',1),(397,'Jacqueline Josabeth','Arias Vasquez','1ra avenida &quot;A&quot; 2-59 zona 2 San Jose Villa Nueva, Guatemala.','52344188',1,'12345678','0','Jacqueline.josabeth.jj@gmail.com','44bcb97562e45fc5328b119856b5cf88',0,'YhlZIINwETjMMY3RZMYzGE2xGhYDNZzzw4zI1IjxYWjyDODQzMMGN2mZwhGZimYWgJYjgjQhwMkgMMZJhYNzjz',0,'Identificacion','1996-11-22','/images/fotos/clientes/DYDMDENNZdGWNZYM2ONn.jpg',1,'ZY1OFN0gNhWjjFhNh5YY2Ummhmw5jlxYTYWAl=ThZzOgZOABNMZjkN1RNjlmZIZz0cYTxDT=NYDmZZlIz5Dzl0Dj','','2015-06-04 20:36:13',1),(398,'Andrea Maria ','Lopez Montenegro','condominio bosques de Alcala zona 16 san gaspar casa no 1 ','30174479',1,'1234567-8','0','leitothunder@hotmail.es','54910c5c09962d6d268b1f3231fded77',0,'GM3F0F5NUNEMmTZ2VNZN2jOBiIITIVJOkA0MB1WJNDlQAhzmwOMEYN2522ilzGMATNDWDNTjDjzMNIy1WYYENj',1,'2334359990101','1993-06-16','0',1,'','','2015-06-04 20:36:02',1),(399,'Carlos Rolando ','Conde Diaz','5ta 17-76 sector 6 Bugambilia Residenciales Santa Clara','47349157',1,'3835167-6','0','carcdiaz@gmail.com','1b8d9a92c587acf6156d7e6997d3dc63',0,'RTz2DExOTQl2zjMjixMDTOl1FRgz5EmmOgWGZMRMgT5DMNGMN1AY45AMNMYzjcVMMMVllj4DYmV0NgmZW0MIND',1,'2284 10592 0101','1982-07-11','/images/fotos/clientes/hONAjTmZYNJzjiZZOYR2n.jpg',1,'','','2015-06-04 20:46:45',1),(400,'Diego Alejandro ','Monzon Garcia ','1era 22-41 zona 1 ','56916058',1,'6870167-5','0','jonccalderon90@gmail.com','b0ac23d94dcef21e36e457b4abf6e0cb',0,'cyjTMyzOM1ZQNlm4UwUGEmyOhm4VMmgmDWIM2M5xTMkORiFhjMDzNwNgYFMzNjUATTMUNNWMY2jNmjTMUZ1I5d',1,'1973567450101','1990-10-02','0',1,'','','2015-06-04 20:46:18',1),(401,'Christian Geovanny','Rodas Velasquez','lote 4 manzana D sector 1 colonia loma real zona 12','59503622',1,'2','0','chrisitianrodas@gmail.com','d07ab6b7dce6fc718de21776a5b3c5d6',0,'x2OwZjNIEYz4NMYxNNg2MNNWjMTlU2xmMjwwMYDhgMwlBNzY1cW0Y1TQmETTlWZMlYNlkIDZGwFmNjx2MTWAM3',1,'2','1998-05-18','/images/fotos/clientes/N1GNJDwh22GONwQkDIMn.jpg',1,'x2OwZjNIEYz4NMYxNNg2MNNWjMTlU2xmMjwwM=YDhgMwlB=NzY1cW0Y1TQmETTlWZMlYNlkIDZGwFmNjx2MTWAM3','','2015-06-04 20:55:23',1),(402,'Alexander Octavio','Velasquez Garcia','Escuintla','30175704',5,'12345678','0','alexander-1901@hotmail.com','e5c6b3c197720039e84c9848cba64259',0,'ZyY3ZlmykMZmUMMTTYMW2mhyN0mYDzNjM1RzTJQQDZ1dm4YGMjDMMOjkDi5NAZzDUDYTyNIzmi4IUZhMOZkMVM',1,'12345678','0000-00-00','/images/fotos/clientes/MNNYGDmkRE12YOhTIjYo.jpg',1,'Um3VMNz12j31jjIM=TTjAYkVhNccE=TGIYD5UOZjZiNMA0YOi4OFzTZymM3MYWGQcjjF1jlMUQZZNzml24TONZDN','','2015-06-04 21:07:25',1),(403,'christian','rodas','lote 4 manzana D sector 1 colonia loma real zona 12','59503622',1,'2','0','christianrodas9812@gmail.com','d07ab6b7dce6fc718de21776a5b3c5d6',0,'OZYjYY2gMiYkNDNmOmgDzJN2km5MikVkM3zz3Q0YTZYm1YmUZ2RMWNmMYQzm2jQUTdJ5TiYZ4NZMymEDBjwj4R',1,'2','1998-05-18','/images/fotos/clientes/DlOGRZNN0iYYON3WmjIzn.jpg',1,'TMZN=DZ2Gk0yYxhz22YhzFElMcMZiZWIM2MhgMj5=yUG1TN1MM4INM2EZFYlM4UTM2hMyhjjyMZGjzIMYMZDjTmj','','2015-06-04 21:08:20',1),(404,'Andrea','Pernillo','16 calle 10-82 zona 11 mixco','58263663',1,'12345678','0','pepis_20993@hotmail.com','6c0c3818480fef5e1745ff47e329aad3',0,'1YQcMNlNzmijMdWz2QOk2UmDTOwUZzAjFJjFDzlxOOT4NdhhGYTMZYzcYYZjMNDZNFMNjGWYIT04OmM5jMl5Z3',0,'2291130440101','1993-09-20','0',1,'','','2015-06-04 21:05:27',0),(405,'Fernando Jose ','Campaignac Dardon','0 calle B 16-19 sector b1 ciudad san cristobal ','48771167',1,'12345678','0','fernando.dardon13@gmail.com','9f2c34b95fee7fa997812e589b324069',0,'1JhmNzhMMNQlYmTUYmNDkYyjklT5TlZxFjYYFIwYYZUQ5WmZUNhkmGlNjxNkzDZAz00j2A0lMMGOzMGRMYj4O5',1,'2662943160101','1994-06-13','0',1,'','','2015-06-04 21:28:02',0),(406,'Karen Suseli','Perez Rosales','2av. &quot;A&quot; 4-72 Zona 11 Col. El Progreso','47029459',1,'12345678','0','karensuceli-@hotmail.es','9f48842f7c66babb37eff8565e13e6e5',0,'1YhIUlYNZlmWNlMl1EwJhMFGmQVYNYDMNVjziT5N5JMi21YTc0ZUmzdNNliO3ZZ2Byh5DUUMMTGDzWVNjFDxjI',0,'2588372410101','0000-00-00','/images/fotos/clientes/INUmwicWi20TBNzyUYGU].jpg',1,'','','2015-06-04 21:25:35',1),(407,'Antonio','summer','6av. B 18-80 residenciales fuentes del valle 2 zona  villa nueva','30112505',1,'cf','0','antoniosummerforce@gmail.com','6172039aec0509f5f77f7362ffdede26',0,'TiGTOmhOVyJZdYjNz5wjQNkETZDOjVENMAN45lMcTNZ2jjZiD4MWxFWlzkBYNcmjyNOkYYzcGmV4MxMmYVV0wY',1,'2322336671003','1993-11-19','0',1,'JkM1GmYyM2YVIWDMzz=lTZTQYTmYOxMwzzgjgjVkDGQMyNjMZNTzYMjMl4gzO2B=lyzzWZOO4MMjZGNYk0NmY2YB','','2015-06-04 21:13:12',0),(408,'Hugo','Hazboun','16 calle 10-82 zona 11 mixco','58263663',1,'12354867','0','hugohazboun@hotmail.com','2ed0eacfe0e648b4f1feb3f1c2c64be7',0,'cOT3NYYZZM2WM3TG0EzgOTAkRNzmVgkDNkDN4mQGZj2NMQWxNNmYNiMUOzZ2xZRmzETlOiO2UZymNgITzZxR1y',1,'FK947323','1990-04-08','0',1,'MMQxUGTQjwDY53l3NYUTNNNTMIgzlNzTzkZVY5xWMUMjFTkT53O2TYzc0NOND2zDAMMGI=2=Y4ZwxOkNYZDOljFD','','2015-06-04 21:14:27',0),(409,'Rodrigo ','ortiz','16 av 5-28 zona 1','54456978',1,'12345678','0','rodrigoortizps3@gmail.com','f2dc41e9b086f5d92ac49a0d256e6170',0,'JINzzTGQDY2TYQMIANMZlWINwZ2Wijz5OkQMDyTYQYEyQzj52d2ZjTN3YzMz3hjZJTUx00YZJMTOZAOjQWjWMY',1,'3000 77912 0101','1996-07-11','/images/fotos/clientes/1TyJF2zDYjDxhNM4TFMY).jpg',1,'','','2015-06-04 21:55:17',0),(410,'Gerson Geovani','Perez Rosales',' 2av. &quot;A&quot; 4-72 Zona 11 Col. El Progreso ','57147340',1,'12345678','0','Gersonelgato_@hotmail.es','f6a63cd65ee41e70bf28efa09205d412',0,'yzBW2hOMhkDYNcMkNZYkYZYY5MNVNYVzZzkzNjM1RUEmTzYizNNk0mGDjZihRTmgABMWNN2NYMTj3jkWjyzYjx',1,'85415854','1997-07-21','/images/fotos/clientes/jcQRZycMENDTMNzmgZ2j3.jpg',1,'zZ=mNEA2ONzjjixzxYNF5EGThZZmYMMDy33=MZcDANMBMOxhzFNVDiFNyTEYTMNwlOMmjj3Ykm2ANME5DhMEjW2B','','2015-06-04 21:56:09',1),(411,'katherine alexandra','Montes de oca alonzo','kilometro 14.5 carretera el salvador  casa # 8 puerta parada ','41989332',1,'12345678','0','katiatobias76@gmail.com','c9c01a3fe372c8a0599de225e5dee128',0,'Y4wNYBYjzYjklzB5VYDGMEzcO2U2ZJiUMYM5mjG2wANwNMhTYYj4ZzJzWOZgYyjZIwDMDj2j2YYTlONY1MMggj',1,'2994023470101','1997-01-25','0',1,'','','2015-06-04 21:30:09',0),(412,'Kevin Abel ','Aguilar Castellanos','6ta Avenida 10-34 zona 3','47692724',1,'12345678','0','Kev_kat_rock@hotmail.com','083020460ebad6b32f81dc41c9be636c',0,'mYYOOUWdgjZmD2OjWY5YAM2NGm0JWkYzWyIjz2NBM0MGxNmOVzDmM2zQMmZMDwNNGQNIZM25U2wYTNMGijZUli',1,'12345678','0000-00-00','0',1,'mYYOOUWdgjZmD2OjWY5YAM2NGm0JWk=Y=zWyIjz2NBM0MGxNmOVzDmM2zQMmZMDwNNGQNIZM25U2wYTNMGijZUli','','2015-06-04 21:34:53',0),(413,'Alejadro ','Barrios','10 calle A 12-06 z.5 ','42454880',1,'12345678','0','alobarribarrios@gmail.com','2f3b47a4db5af9ab3c79f174e37a180e',0,'jlwzNmITZ2lNDgzYUDmMUM0YDhcW2Tj5MQZQO42RIMT4TzmONwUlhk0ZlWmzMNAAWTMYY5xVIxZRNFZOzhZJd3',1,'1234896723987','2015-05-20','0',1,'Y3MEOGRJYjZxjI4DMyGUyjZFFYWlkYzlmYGGIjNGYBhTZTO2OiOhDglmMMW2Nji5Mwl0N=VYMNjRM=jYG4QziOY0','','2015-06-04 21:56:40',1),(414,'Lester Oswaldo ','Andrino Cabrera ','km. 9.5 carretera al Atl&aacute;ntico, Residenciales Casa Bella #15, zona 17','41284721',1,'3198627-7','0','andrinolester@gmail.com','f86f86e924745fd85d06fc4bb3499e8d',0,'YYDM2h5MW5Q0MZVUZRIOFh2DQkNTllT4zl2MZgcUl1ZOTm23OQTBZjzgD1ThwZFDEIEGzZ1Y45YTTNiUZT5TZY',1,'1914023620101','1982-09-18','C:\\fakepath\\DSC_0232.jpg',1,'DVmZO0zjkmZYEGz0MZTDjx=INDNNROAzIFRlzlDYYNDmkWZj3ME=TgNANhEWZOi0Qj0YyJWj4MjwmDWM0hD3ZMNZ','','2015-06-04 22:25:16',1),(415,'selvynn ulisses','boch subuyuj','33 avenida b 47 56 zona 7 ','53391193',1,'8414110-7','0','selvynn19@gmail.com','0749945fb38d40dfafa17130a4819f82',0,'chGNlzZ0NzTzz3QMYWN0hYjYNMJUkMZT0wmIjlQDiM3QM4OMNRMTGwEWjN4zkwI0Yw5jD2QY2z2GTNMZMiMEOM',1,'2319 82887 0101','1993-10-19','/images/fotos/clientes/wYNNTOgmZDiFjTNMWlMYz.jpg',1,'','','2015-06-04 22:31:53',1),(416,'dulce azucena','piedrasanta perez','8va avenida 4ta calle b 7-73 barrio hospital Amatitl&aacute;n','52553472',1,'72479132','0','azucena.dl.2809@gmail.com','5fdcc2a1dd148b392bd8aac45e961ccc',0,'JyIDNVNOmZjVFmYDlElR42lQTzgN35ElGVEV2wjMkRm2YWhlMhOMNZYGzTOUTMjYhQj4NYkmxNYiZOxNUkkzwN',0,'2156915550114','1992-10-28','0',1,'cDMNZw=k0ZNM2IhhMjT1T4mjzJEDjZQOAzDQEVY1TM3zkNRYjTjNNG2DYByZQORm4ZOGmFMm=YMIZDhkjkjM2hzl','','2015-06-04 22:16:54',0),(417,'Madelyn','Pablico','4ta calle B 0-18 zona 2 Boca del Monte ','50162143',1,'12345678','0','madelyn.pablico@gmail.com','fa4c3be8c5a5dea273583ac327f19aa4',0,'Mg2xyWN0zRQMAO5MOiNDMlOTONzJgDlZ3DM4YTOV0NyFTWcxYGNImA1ITMNQEEzFkjDDWGjGNkBOjc3wQljlN3',0,'2089867900101','1991-11-06','/images/fotos/clientes/MTNkYxTjNFZYFYmTM4gGe.jpg',1,'','','2015-06-04 22:08:22',1),(418,'jeffrey ernesto','marroquin polanco','33 avenida 47 16 zona 7 ','30711786',1,'8686249-9','0','jeffmarro@gmail.com','1014d5d692cc7e5d15f1d0bb0f0b49d3',0,'hNNNOY0GNJYNMdGkDmNM3mDG2Oh5kYNlYxkxk0mkziMzxD3mzQNkMT2wMzDOETMNEDYyJQFMxcINNITU3VDjwG',1,'2653802780101','1994-11-08','/images/fotos/clientes/YNDOgOTNN2OZj1liY44Qn.jpg',1,'jQNR3Ty0YYYD4NDE=jgWlmQEzImNgQ3j231ZjTcmYNUZjZYkZJWjYWYNTNgFj3V2l2hJMW=ONZmmNElZUiNjT1MD','','2015-06-04 22:35:13',1),(419,'Marian ','Pineda Ruch','Avenida Belice lote 780 Santa Luisa zona 6','43916708',1,'12345678','0','pablomendoza.loyola@gmail.com','c52ecc181e0c07316449d2179298f386',0,'TGQhlMABjMNlTME20xYYUDGENzFN1ZmYhOcZEyDkMM20T2YGzY3YOWNODZFjzVGMMMhYdZDD2kT2wgMNNFIDy2',0,'3001538480101','1998-05-07','0',1,'','','2015-06-04 23:07:17',1),(420,'Eddy Orlando','Alvarado Figueroa','11 calle A, 8-49 zona 6 de Mixco, San Francisco 2','51156880',1,'12345678','0','eddyskate1999@gmail.com','d215ae5e020243e01839882a93fb38d4',0,'UjUhTxYMOBGNMT4ThAj4kG2MjYZJFWjMRMhmcMyZ1QWNwjUj2QMWNIY1TZUYTZz42j1Dx3wMAjQhRTO2NlZjNY',1,'123456789112','1999-12-17','0',1,'YJlWO5TzYNZUgJGDm=j40QM2IjM4QZUVZmR1NMNWjhmM1zm2NmGWBmiT4mmgRYM4ITTZZYj=ONNNzNENM4ZhZ5mT','','2015-06-04 22:22:48',1),(421,'Marcia','martinez','villa hermosa - san Miguel petapa sector 11','53358140',1,'53358140','0','marcianitamartinez70@gmail.com','0a87a0baee0c050eb11335235b287913',0,'VN1YW22QFGMMMNZw2gkZATYZGMYNhm2GJlwjVBmZg3jVOYVTDBOj5MEjmFEM0Mjj2mj2YNMJlNMDNmMiNzjjzm',0,'53358140','1989-12-04','0',1,'Gm4YMlMkkTlg3MzxZNQMm1WVTDkTNZjVxzmDMZZ2NWUFVTYcZEMDhDzGy=iZiWJOY=OyZVlxZNjNAxNmINQjZlZY','','2015-06-04 22:27:22',1),(422,'Miguel Alejandro','Pelaez Ralda','9 calle 12-70 Z.14 ','58000090',16,'12345678','0','miguelitopelaez@yahoo.es','e10adc3949ba59abbe56e057f20f883e',0,'Ij3gjZMQxYlZGQVlzYNW5lhMYTzTQMYMGmQMNQZFWNQYZVz221G2TN3gOYzNN2hcZxzZQWYNTzETkGMDA0Mw21',1,'DPI 2976107671604','1996-03-18','0',1,'lDDiNzWmNzNQZMjzMccDQDJwZ3UxA=TDOYWN32T1T22F0TMNYMEd2mZN5=mm1hMVlNYONj1BzNZQNkTikIF4NEgN','','2015-06-04 22:19:47',0),(423,'Cesar Rolando','Orantes de Leon','1ra calle 1-09 lomas del sur, S.J. Villa nueva','59474180',1,'12345678','0','chechinchechin98@hotmail.com','1584bb4ad34a8e105285235df2af2dae',0,'yQz5WYMV0wZ5212TYMjMM5TZlkNYTZ5MYDN2wMQZJkjjAkOZGNYI3iOIMmOzZ4FzmgGjYBkkIiWFTjjImVNZWN',1,'12345678','1998-04-24','/images/fotos/clientes/AUY2MhwYIz5NzGhkl1Of.jpg',1,'','','2015-06-04 22:33:59',1),(424,'Steven Aaron','Sis Hernandez','lote 51 manza D sector 10 Villa Hermoza 1, Guatemala','55853265',1,'123847383','0','aaronsishernandez@gmail.com','0da959beb32675addfb4864c530360ba',0,'mj0j4MZIRMTmmkOx2DhGTYDzZN5mWYN5YMGTwUVklFAWDMNMyxZcZwNEIzizZMMljNZANWZWNMWGV1RyZZlgNj',1,'123847383','1999-02-01','/images/fotos/clientes/iMzMENFYNyW3zhyNMVdn.jpg',1,'NiRjiMFZTDWmM4INmy2NDNhNUMlAOVZzYdJIwjxkYzzOYWM3MWOI1B=2jTz3ImGjwUYwijYQODZ=Z2AZimZOjQRM','','2015-06-04 22:38:21',1),(425,'Andrea Maria','Cedillos Vasquez','sector 2, manzana &quot;a&quot;, lote 4, Colonia Santa Barbara, Santa Catarina Pinula','54793191',1,'12345678','0','andreadgcedillos2@gmail.com','8a683498d9933f5215ff79166e0d27c5',0,'31MDT5NYN2M5YRNNUwMk5zDzDDODW5QjYj2yDjUhMNEl0gwZGNZQTdUjUNMM5xQNZwk2hW3TMWzZYljkkDMZZY',0,'3490 30715 0101','1996-10-14','/images/fotos/clientes/JJxNZDTiZDiEZJzdGGRo.jpg',1,'m4IY4xMJmZ2NOTzMNgwFDk2D1=wzWjOcYgYzTY2TxWl3Ij2MjMN5wyNNwRY2ZUTNYEEzTzgDE=lQQEY4yQMO4ZGO','','2015-06-04 23:01:55',0),(426,'Diego','Ordo&ntilde;ez ','21 Av Z. 8 de Mixco Sancritobal 2 3-95','30049833',1,'12345678','0','Diegoordones@hotmail.com','dacfa2862543fa989122aae8a4f78ae0',0,'mONINIYDDMyTMUOkY2hMND12MUzWNl3VxET1jl4OOT2YkjU10jjVUzTzNYkFUV25DwINM40YMzOREgj5mFMTcZ',1,'Menor','1997-10-12','0',1,'','','2015-06-04 22:31:04',0),(427,'Maria Jose','Orantes','zona 2 Villa Nueva','59474180',1,'12345678','0','majo-tutu@hotmail.com','27702c16f73d0417896ce2ad2e58a960',0,'wDOGNWYxW5YZhwOZgEQWDhWYhjNiMzYZzTMdmjMEZNIIIZWNZziMDjQVMWZGVE4iGzkNwZjRMjA2U3yNyGNN0F',1,'2476642750101','1993-12-07','0',1,'yYYmOQQEQMzZIkOZz2D21T5WzAkdTDROTTTM3WMATEFDlOT0jmMNNR2m=NxYD=kki04DMchVY5OO0ZIYgTyO2NY2','','2015-06-04 22:34:36',1),(428,'Andres ','Ovalle','2da. avenida 8-40 zona 18 Residenciales atl&aacute;ntida','50133024',1,'12345678','0','fr8ruchini@gmail.com','7c088727eb7948dbd2756a9c27de7571',0,'FEQkNYz5jcY2RmWkU3lOjVYVx5yYAzlwNN2MO4NlZTmYlzWjZykhyFmOVINmmMiOiVQmYYTMjRODNzGkNFYTkz',1,'3001538480101','1995-06-13','0',1,'','','2015-06-04 22:30:38',1),(429,'Brandon ','Maldonado','16 calle 9-35 zona 7 de mixco','45271462',1,'12345678','0','BrandonOmarMaldonado@Gmail.com','e37ee8d9984a77e365d43d3d0f4cf9be',0,'zzEZjmlMMhRMMZlYhWQYFMjhZ5jDMExYMNlYzM2mEDOmN1RDZ5QzMZTyklVTlGzNjTzN3xAARhNw4NNjjYmwBZ',1,'2992693290101','2015-06-12','/images/fotos/clientes/5mYMmM2hmZTwNYDYYMkNn.jpg',1,'','','2015-06-04 22:48:55',0),(430,'Vladimir','Rodas','36 calle 8-34 zona 8','47069464',1,'34729542','0','vladi_85@hotmail.com','d9b10430577938ee31f1d9c3f7fc321b',0,'GOOwxYz3g424jOZYTZMNl5G5QMUNZ5GOQQj0ZNliZYWyQMGWwcIDNMMyTgk3I2ZUzZkE2jj4zlNMNgMzYW4YTM',1,'1654898471001','1985-12-30','0',1,'','','2015-06-04 22:58:55',0),(431,'Francisco J','Matheu','9na Calle 12-00 Zona 14 Interior 17','59797717',1,'8305911-3','0','fjmatheu11@gmail.com','f6ad61726c062ab971b6f3928826f946',0,'GEYiVZmYMMjz3MMNWmM5QD3MDD0kYwZdmhTO0F2mW4UDyUNWMMMzZNY5kE41DYUETjMMzOTQY3ENWhWZWZZxYy',1,'2309446040101','1993-11-02','/images/fotos/clientes/zTNZNMFDi5h3JUNUkzZF.jpeg',1,'lMh1GZwNUmZzEYDFZiwkmTY1IZMldOZjMRkZm1wNUiUZ52wWxTMWkMUjQDJGFUi=TOTYZmi5NTMNMhV=jNWMzT0D','','2015-06-04 22:54:03',0),(432,'Francisco Javier','Porras Monge','8 ave 5-55 zona 14','56323391',1,'2521252-4','0','porras861@hotmail.com','afea3c534a1079818485d86fed66694a',0,'OjjiMhD4WTZViIYZ4ANljDTRjjmZFNZMhNR0dWMNh4WN3iNwNkmQNZGZATZYNjjzjMhAmYITjZhRNm2DWZmOkM',1,'2119414760101','1991-10-04','/images/fotos/clientes/zMOJAZ5QkOcwzlIDyzD5.jpg',1,'Dl3zIlNFyDNINY=jDAMjRWDz0WxjgO5NGTOFzmMYwMYY2F2ZEINZm=Z1DMmwOjRhNUNcidDIVEZNYFMx2z2jWUG2','','2015-06-04 23:00:54',1),(433,'Juan Fernando ','de Le&oacute;n Moreira ','3 av. 10-19 zona 7 colonia landivar','48260476',1,'12345678z','0','juano.o154@gmail.com','07f227d1a445d83f9a372ce7285d2241',0,'YYzzjjOMGyYUiMEDMZkNiUY0gdMYwY0YzMTj2ZlZFjT3GjRclOVT3R0UJZcjGM2mBylD3m4gOhYWTNTg5YyEMc',1,'3001193800101','1997-02-14','0',1,'E=m5VzYNNMVjDZ0hWjd52MGzYymmiOMTMMWYWmNODYzg4YQjURZQzzG4Q1kUYTMBDMkIO=TUmRMWkMDZNZwZm04M','','2015-06-04 23:01:28',0),(434,'Ana Lucia','Castillo','Guatemala','41502598',1,'6','0','analu.castillo826@gmail.com','52dc44bce6fdfb709dd6b034a1518b17',0,'z04NiNZW2glkDkNEmyDZQZNZYhNkkMZ22NmNxROWYFGjzmOTZlZzjTTOEz4QGiEEcmNNM1EJRyNNGD2gWMzM35',0,'L12 28838','0000-00-00','0',1,'MNDNmMkAJkZ4WOBjNiWljJ2DMN2mzMUg=Q2NYzzmF=ZzNZmTZZFyEmNmymhZWM3WwRNzNmTRkVMM5zNUiwYkgMDh','','2015-06-04 23:28:53',0),(435,'Henry ','ivara','#25 closter 2 villa romana zona 10 villa nueva','55750186',1,'3682509-3','0','henryivara@gmail.com','8e7251538e1270c9517945114af4bfc7',0,'YzYZNTVMmmYTWZcOZZUVWjGm4jjlwwIMO5MOjDJIIVO1hmOwZxTWUYjgNWhGjNlNlZjO0jlZ4YkxQMOiTZGN1Z',1,'2291 24844 0101','1993-08-27','0',1,'','','2015-06-04 23:33:05',0),(436,'arely','veliz','28 calle z 5','59580161',1,'42207908','0','veliz_arydg@hotmail.com','12b055b0d6bfb6d10164b391fbd0e20d',0,'YkUNVYNR0ZGD5VjMG2ZINMUQYDzijZYZyQJz3IzBUWjZY3I4YkNgYTDYDwjzcxhY2OZzTzjMQJzZlYDZNTTx5j',0,'2303182740101','1986-05-13','0',1,'1jEjDkZNjzO2M32BA=1DYTZiMYwNDQxz2jNYggGZcD5cw1VxIUDGw=MDUcWlOQZYYZYyA4TNNTjmcYTNY351ZNEy','','2015-06-05 00:01:33',1),(437,'Carmen Fernanda','Marroquin Herrera','13 calle B 22-05 zona 18 Alameda 3','30826232',1,'62749173','0','fernandamarroquin.h@gmail.com','44fd00fe6c9dbe2a2fd0c9da0b5bafed',0,'0MImY2yJ0Z5Z0Qlkjh0MUFIjANMQMy5MjZj0YxYzZTwDkNWYTwzOkUz5iNQ0N0MjQDIQjzZgmYTNzUzTMlIjUR',0,'2583479530101','0000-00-00','0',1,'hNVjTmQDZDjRYZNWWYM1GzUMDMklWQMzzjQmZxJUZmYmhMyZ=FYNMilDDFDWhmiyNWNMWO0Z=QxizZVggY0UOyTQ','','2015-06-04 23:43:05',1),(438,'victor','moran','3-45 4 calle 8 av. zona 1','47402721',1,'09865372','0','vito_moran@live.com','3c59b85323fc74b43597739724bcdd02',0,'NMDDWNDzN3DTQAON0ZiT5j3yzNYZFm0YYVNzUYT0zjkyjZk22ZFjj1ZjGMBMMGjc0MmiMORUYGNYIcO2MIY5Nk',1,'2250 68273 0101','1993-06-02','0',1,'F0UGlzWTMWJNhYNmYNwZNgz0YhMl4kBO2YODkNDJGMWImjEZM=wN2ZJUWhD=FAZkTjOxIj0mZIMTW2GNj3gY323N','','2015-06-04 23:48:44',0),(439,'Monica Renee','Hernandez Salazar','65 AV B 5-94 Pinares del Norte zona 18','54141925',1,'12345678','0','monicarenee@hotmail.es','e865f1b54666582d41f71ba382b3ccf2',0,'MTTYGjYZm5G2UNRhkNGUwN3MjzIMxjDQmiNQYzlm5O40VENN3YYYRJMTYM2ZRlYINVgz2DOMG4MkU5WkiRZjTG',0,'menor de edad','2000-02-10','/images/fotos/clientes/DYNNYNTlWQTFANzN1D2ym.jpg',1,'','','2015-06-05 00:04:16',0),(440,'Olga Sofia','Lopez Ulin','0 av B 4-83 zona 4 de Mixco Monserrat I','59307292',1,'7276910-6','0','sofialopezu@gmail.com','44b8565ea1ed273703eaa2183cead69a',0,'MWOEzWIE3zYIO5YjOY2Tm3iMYWDIIw1NMZmY3ggUwMjjzh3YOmhYWAEyYNNwMj44y2NGFNRQV2jyIzyYETDNMY',0,'2052860970101','1991-07-25','0',1,'ZlYGDTYhNZDMOQ1hkDzNyNNMWO=YNAJj4mWjMNMYF33kjDWm2lhNihlZUzIMJIQ4dNM=TYxDxNcF3Zj5MQGATh2j','','2015-06-05 00:05:52',1),(441,'Otto','Salvador','19 calle A 19-11 zona 6 residenciales cipresales ','58658187',1,'625521-3','0','Otto_fernando@outlook.com','030c6fe16fab3844c17b672c84f4f585',0,'mMlNjYTTZMkUOZyzN1zOZizzGQ3ZjIE3N5mjNGD3DlzMJZgNwmkDQMYR2imjAMzMOkY5MBYUkziNYkcM3xDjMM',1,'A1','1996-12-16','/images/fotos/clientes/TDim5jN3j5QGwM3MgONUe.jpg',1,'Wm4Wj=1hyWRMMidTNYY5GmDmM3MMTTMOMMmiW2VY=QhwV0NYihANEMN4UNjzmMZM4GzUMGFENmM1GFNyQMQYFzA2','','2015-06-05 00:14:55',0),(442,'Jhonatan Humberto','Castillo','7 calle &quot;A&quot; 11-82 zona 7 Colonia Quinta Samayoa ','55543610',1,'12345678','0','jhonykaztle@gmail.com','9952b035dec0a7a0857dd6fdea400534',0,'zzgMY2MOEi1hlxjzj0w2Mzi2N2ZM5YlFF2TzYGllYMZQjmU32ANDYlITUEZYzMMiWZYiNQyNIMzk4NNT1ljM0M',1,'2372208731804','1988-08-22','0',1,'YDOwTwYYkGRdDODYYDl4TNm4T42zj4GyZxWWN1MmljM=kQmm3YJRxmUEGMMMWmOmYO=TFzcMNIYMOmzMZjYMZVAJ','','2015-06-05 00:19:39',1),(443,'Josue Alejandro','Hernandez Orozco','65AV B 5-94 colonia pinares del norte zona 18','22574255',1,'7286696-9','0','josueale2809@gmail.com','4f75ca02e823df5f768ef8ae71f2ddcb',0,'VkZTNYyDMx2NUcTZ3DDmYQM0TDZZQNDNYWMGOQOGzyY3RRMNZjDGkmGWwz3YhMNYkhNA2FkJGR25mN5zIZMMO0',1,'2076651680101','1992-09-28','/images/fotos/clientes/MMTmEmEDNj2ZMMTlVyiZt.jpg',1,'','','2015-06-05 00:36:42',0),(444,'Sergio alejandro','Rodas M&eacute;ndez','33 ave A 7-56 zona 7 tikal 2','59338051',1,'78059895','0','srodasdg@gmail.com','7daa8818389d44b9c2246c6f12759a46',0,'2UONjMDMN0GgUQk4gENMUjYNMiMIlGMTzMyMMAG1MzmYQjj4TMTT5xZDzZxyzIjQD2NylIYFgFzQ2zZkYmZxzD',1,'2400549621412','1994-03-31','0',1,'Mz1NmMZDNAjTYZ=wY0YNwMOYOWYzWRcYMWzMNRUmT5jUZYzz4wE5E23zgG=wzjxNQyYh3IMcQDwzYzgjTmDNMMVM','','2015-06-05 00:40:58',0),(445,'Marcus Garvey',' Leiva Morales',' 13av 35-80 zona 12 colonia villa Sol','59748081',1,'12345678','0','garvey137@hotmail.com','61d0e10c0c2fbc733fcb551cee024070',0,'Zjmd4QMzlIEGyNYYgm4TZzNzNNMlzUWjOV12W0zW22YIzQA2gYYjwWWwzjMETTYNkOY4QzZQJDDgNYjQhOBijY',1,'2465630360101','1994-07-13','/images/fotos/clientes/MTygGgWYg3jMzZMwZDZ5.jpg',1,'MZ4gYkEWMGgjGz0UwzUIjBJwgZZ5mVVhZAMNZWMT0YIIxYjjmNcmMTNMj=IMzmhzZykD4wMM5mTZEm=N0TWjwY2E','','2015-06-05 00:59:33',1),(446,'Mauricio Ricardo','Luna Pinto','37 calle 12-01 zona 12 colonia villa sol','41332414',1,'77929063','0','Ricardolunap28@gmail.com','d97053fec3539290369be2c5738f1515',0,'mTG2ETjN21TMNQZEAMmYMyD24TziDTwgIMMTNAOQMyTzDYY2IRVMEhyITB2TN50OO4EMEGMxjATc20OzDMVUYO',1,'2306189870101','1993-09-28','/images/fotos/clientes/MgDYkNNQBM1hWzD2YYEhe.jpg',1,'gYYQ1YzmkMkYIWmZjD24k22ggkVTjDYhWYTxdkZ=YjkjzTj3MMQj0ONAQZFTWTQNgN1RzF2Zzid=MO2cjMwYZwyN','','2015-06-05 01:18:43',1),(447,'ro erto de jesus','sosa galindo','33 qvenida 34 32 zona 7','5550 0699',1,'341456-7','0','robertososa77@yahoo.es','14e4b05a00ded34b79b7a097a1a94776',0,'0Z5AZIN4TN0Yl5MWMNYQjmIlRQhQ4MyYxgTY1NwW2MNjNjcIMzMJ3YZMzIkYm45jzlzGzkTIZNZ2YTzOYTWzzM',1,'2708 51488 0101','1995-01-03','C:\\fakepath\\Screenshot_2015-05-28-11-35-29.png',1,'TYWYI2x1OQjAGZkxTOwcZEhjNMYk3BIlUGOwjNGNjWNiOAVNjG=MlZETY1=NymTYNGjMjU4RTz1MYjDjWZU2Z5Y3','','2015-06-05 01:14:04',1),(448,'walfrer','hernandez','2ave 10calle 2-18 a canton san antonio','31713656',1,'123','0','joselynaceituno@gmail.com','702b687eb45ead28bf4e8837ce457f58',0,'MZN14M2hWjzE3ANQkjzWWgDwUZIY4YMTWTDjQwMUNZjmzYZNIYAN5NY3NMYjDT4GTx3xNNVzMy30ETZxxcMOTQ',1,'pendiente','1994-11-14','0',1,'jMmyTU2j0MYVYQT0DM4yYYMYmYmyQZFM3MYNNgIzDQUlMw=GxjZZjN=zWzOIMjDNz1g13T0GYmMNkYikmNEkVmzk','','2015-06-05 01:12:30',1),(449,'Alfonso','Reimers Staebler','1 Avenida 7-60 zona 14 Edificio Tadeus Apartamento 1108','48487097',1,'2430726-2','0','mralfonsors@gmail.com','8ec30420aa92004302e7b7fc65e56650',0,'wYjT4ZRYWTjFMTMINjdYDZIDYDlMkjFINMY2mmZZiYj1mj3NEwmjRzDTzwjUJzIRWOIZAMyQEGANRwTY0mNiMZ',1,'1945164070101','1976-07-29','/images/fotos/clientes/4kglcZA1WYVOTmwOVN3me.jpg',1,'lJMTTIYYzZkm53YZRzYN3Z1ElwyEDZUNRQN=zOzTZjMNMjmW=E1VjYE4OzZW1Yh5NQUxGWjEzYNTT1WY5iGMMMzN','','2015-06-05 02:17:20',1),(450,'Carlos Romeo','Gaitan Santos','18 avenida A 2-87 zona 6','30031897',1,'68402279','0','meogaitan@gmail.com','1445fa25f32a7a2d5f2da8bbb0e91ff7',0,'j1lEZO1kgTEDjhOW1NUY4zDYTjgjDxZkM1DlkxZDcWg3xUlRlWDyZZ22MjYwZDYNQBkkNNTMycRYZNYDBZWO1l',1,'1921250520101','1990-07-26','0',1,'jIMM=JNZDJYhmZWT13hFwN5DckzAYGmMkY=iGTOxYjj2TUMcMNGkY0YMZiNF5NzWZz0ZMzhmM0QjRTTIYkY2WQOh','','2015-06-05 06:53:48',0),(451,'Pablo Javier','de la Roca Garcia','Km 16.5 Carretera a El Salvador, Lote 10A. Res. Los Diamantes','47685190',1,'12345678','0','djpablodelaroca@gmail.com','00aad47668ab0a3fe974991e08ec2434',0,'zwQmxMWmEYg5WYYgzZUlMDVZIITMTRMNTURY5xGNk2VT5UiIYN2TwDzzTkTl4YOBzOZZgMzkWikDwhQ2Nj5ZyY',1,'2615736910101','1995-01-06','/images/fotos/clientes/UjTzlQjiTG3mlMZk2EZc.png',1,'zQhhMlYwNY4Rw3YymINYIVMAydD3WYY=NjEMmUmQZZNMREzUzmxOTIZkGDc232YTOmMUMzz3GD=N4Z2YmWZ3N2yc','','2015-06-05 07:50:52',0),(452,'Erick Samuel','Bocel Hernndez','Col. San Juan, Pedregal, Amatitl&aacute;n','31512823',1,'12345678','0','Ericksamuel1996@hotmail.com','19117f145f3de3724cb77e6eda15f064',0,'mVMMZTMYFNNOTmJhZTyDIM2Mh2IEYMNNzZTOWDNhMi1D2AWxJjjAhOVMxYDMMzwzFMckyTYD2T2xYcZTmmTNDM',1,'2977 81073 0101','1996-02-28','/images/fotos/clientes/jYFNYN3OkO4AGTONzWTe.jpg',1,'ONM2=1Y0OjmRGlc5A3zG4kYzT1mwYMN2QNMONTN5lRGcO0mYRjml2NmTMDYjRNDEEUTMDlczgVclUTZT=zZNjDAY','','2015-06-05 08:14:16',1),(453,'Jose Renato','Ruiz Ochoa','D-10 Valles de Sonora 2 Villa Nueva Zona 4','58606559',1,'12345678','0','jose_ruiz66@hotmail.com','da040ce814556d0d9eb8df78281cedef',0,'INYmhNZMZNYGjjM2YjlTTIYYNYiIzkIA2NVzFxYJMWYNNhg1OTWWlTWEMWwmgZDjNUMiVEhmNzZT53wY5imjjk',1,'12345678','1997-10-25','/images/fotos/clientes/hOFDMmOh4ZMZMmmTMMY0.jpg',1,'TwDUAYgwjGMG1c3TYYM4ZZG0ZMjFNANVI=YUYTYOWYzGjzcWO1MMQx3wm=cZ5Ixky2DTZNMwM11UMyz3ckIZz2ji','','2015-06-05 08:10:26',0),(454,'Mario Joel','Monroy Canizales','Fraijanes','58594714',1,'12345678','0','mario_monroy123ap@hotmail.com','6dd8b287f1ec00ea8191fb36b75f9ff7',0,'mMhNJMjM5VxZyNj1ykiGN2kzzjNzNmcMMYZFDA1IQDmWkQIZ1EJR2OTTO2Nmcl0MZYmFxxGYTMDVMilNmVWjNQ',1,'2723604490113','1995-05-15','0',1,'','','2015-06-05 08:17:24',1),(455,'Jasson Emanuel','Morente Ordo&ntilde;ez','B-15 Vistas de San Jos&eacute; Villa Nueva Zona 2','47510202',1,'12345678','0','jassonpapitochulo@hotmail.com','1662f6a958af3a573f436dce130dbd31',0,'0NYYWYmQZTZMAO3OQm5U2QM2m1mhTOTk5TzNVmMNNYzg2x1R4NFYm22mNYMZIYTEzg5gZTjdOjzDNRmjzTWAzT',1,'12345678','1996-02-25','/images/fotos/clientes/ADOZUm5hUFT20jYhZMQ9.jpg',1,'IZWO=jjTIEjTlMxZMDiTi0Wh2Q0YZOONIxmZGzYNMMzmlEMZDEymYxNhYIzmhMD=GmmOVW2M43FEhNTM34FNmAhQ','','2015-06-05 08:30:26',0),(456,'Jose ','Wong','10ave A 27-31 zona 7 san miguel petapa, fuentes del valle i','58229986',1,'12345678','0','josewongg@gmail.com','56ab62e763378504fc4df40f0b25b5c3',0,'ZlZcDV1MmDZI3NDAjiRW4UYTzVwk1jNIGgIMyYRVZZ0DmQMTZUYjNNYkNjj2ZkGNTNUz2YZY2D2mMMhFTyWyDO',1,'12345678','1997-10-02','0',1,'l=BWBM1zUMw4D2IiZMzUJDiMMmjQRMI1MWh0YNk2MGFWhy3iGTDzM3DwNJMNAmjNYNm0=NZhN1ONDTI2EAZETmYz','','2015-06-05 09:24:07',0),(457,'Rodrigo','Hern&aacute;ndez','Ave. Hincapi&eacute;  20-65 Zona 13 ','45173073',1,'80191185 ','0','rodrigoho.redes@gmail.com','8f8632fbc341a4cf3205cad3c8d71b28',0,'2YZDhMhDZTVmIZNWM4cMjjZZNjMDjj3T2z0jc2UNgMwA5NYDgOy5OZTQWZGAjWZRZYFTDj2dMNz4OcTWA3EIR0',1,'2319200160101','1993-10-26','/images/fotos/clientes/ZkTOBIjz0h2MZ2GgVWmEo.jpg',1,'iGkM4MxMIhjEThTT=wR1AgAJNTjjjzjzO1W4ZkYA2NNZYkN=TNNZMDkzzMwzOxDNYEIYTAB4OUM2TOQ0dDVmT3lQ','','2015-06-05 09:33:15',0),(458,'Mauricio','Contreras','5a ave 17-96 zona 14','30319433',1,'12345678','0','mau.inquire@gmail.com','9c0dc7b00b330a9cd026847a0e90b481',0,'YQmj3lNZYFYMOQQTWxVYm1mTZMWDYiFikDFmmlZJWNU4m2ix4jMNNFmN2Dz5GNYNDZDlYM1IgzVWZMkUEyZT2Y',1,'1776317320101','1991-01-01','0',1,'YDF=WVgTmxkWzDgMZmEJhFkjMljYYRmNYzNYmETZzV5mENTR=i4N25iYiNMZB1ljOYhQYMDDj2ZjYW0k4TE3NYMN','','2015-06-05 09:54:51',0),(459,'Estuardo Mizrahi ','Yol Garcia','17 av final lote 361 z.5','50779718',1,'8109777-2','0','flowr_emy@hotmail.com','276dbe7fffc6bd4934ec437aea511ad2',0,'TQNmlYI4OcVykWZzMhT4042O5TwjmYNQYYUNjYyTWMNmwzTxIiwmZwjMUENTOQFTZzOZkNAYmBDZhmRYzGNFMD',1,'2501 06388 0101','1994-08-24','0',1,'3E=UZkx30JGwiZNkmMZzTZOZYM3N2mZ0VEDGDEmA5OYU=mkGOWGFRRGFMT1TTNMj4IZZjWZMDVWEMzgOQN2N5Dlk','','2015-06-05 10:45:55',1),(460,'Luis Enrique','Calder&oacute;n Pe&ntilde;a','44ave 4-04 zona dos mico colonia el tesoro banvi','30377885',1,'12345678','0','lcalderonpena@gmail.com','d059c565cd7f66c9f21e181020073680',0,'YNZZjNJmmwd0xMNlAEYIi0DDWYUllJYWZN4y3GTxzUjOGBVJYZmOM0NjWFkYRNhR5NDNMMDAmDjDMjWYMTTmOR',1,'3001272940101','1997-05-13','0',1,'ZYMGZTMGNG=mNNjZmilGTQAZJNJ35kDRYigYwMTWNVzA3J4GiQjUNRZNmEJlNNN2k=M3J15EZkU3zjWYTEDWMDND','','2015-06-05 10:25:39',0),(461,'Julia Mar&iacute;a guadalupe','Morataya cruz ','Manzana u lote 16 condominio santa catalina zona 6 Villa nueva ','30110430',1,'1647503-8','0','Jupis_1995@hotmail.com','ebe9554f7926b2520dfeb93fa5d6bbe1',0,'5TN1jkAAwmNwNzOhTTMWUlMNW2MjTFGZMwDMj0WUNx1GyTO1DDk0Y4xYQAYNMjIMhTwMYQMIl3VMAjBYMIOjZk',0,'2903-67514-010187','1995-12-12','/images/fotos/clientes/MMVYljYTOYNmYM3xVjMEe.jpg',1,'1zMOlYWNcMYzYjlFhzz=jNNWZjYZlN1MiZDT1ZmMRYwWA22jYzkMN12GMWzD=YwMFExT0iFiYMiYjQFYMMlAlMzG','','2015-06-05 10:32:01',1),(462,'Andres Alejandro','Calderon Corzo','km 4.5 carr. a Chinautla Condominio Altos de San Angel casa #317 z.2 Guatemala','53087047',1,'5846318','0','andres.calderon94@hotmail.es','2e3c5f4c9cd36c6e7b2abc826f1831d9',0,'MRZm2NMMZwmDzTZh3iMZD1WENAGY2MVTzzwZZ3kUETmjWMYmkhygD4GxjjTMiZJTOgjOAMmZZOZTQxkYzjNQNk',1,'2588130160101','1994-08-03','0',1,'','','2015-06-05 10:35:17',0),(463,'Christa','Walters','11 ave 8-51 zona 2 Ciudad Nueva ','40533347',1,'12345678','0','christa28796@hotmail.com','5573e1bff824c4560d8bb8ca1beb3ce6',0,'WiTjYYMYE30MMzAc1jhGMVjNzY1EMNhmNxFIcYMzWJldOM0IThj5GVjZIYmzEmlODx4NGjTjOw2gVyRMMMNMij',0,'2994102420101','1996-07-28','0',1,'jkkmhjWGjMOYZDDjMRcMMDmTzTAZDZlINYlW5MZW4AUTGYIR=34ZDYIgjwzYAkZFBW2yJJ1ZO=zkMjZOmZ0RNNiD','','2015-06-05 10:48:02',0),(464,'Welligton Adoldo','Donis ','zona 2','30094137',1,'687940-8','0','wellingtondonis@hotmail.es','fd1aa71c8f1260a4bd0dce754429fcb0',0,'l0zEYlzYizTlNYNNMQgOTGZTYYdYxm4ZzNZNNim1FjAT5R3UOikMgTZxkNkw1iiOjFMZQD2NmjmgjmgjNIWjjY',1,'dpi','2015-06-19','0',1,'MDj5hYzlcmZ=N0N3jDJ5ZNj2FMd2WjONNDDAOGzj=jlQkGyZkIY4cNGYNEmyEY1M0GMVWEjNjOMQxYUATJEzmMMm','','2015-06-05 10:56:56',0),(465,'Luis Fernando','Donis Montes','20 avenida 4-25 zona 7 Kaminal Juyu 1','56109944',1,'12345678','0','luismon2006@yahoo.com','40e1fa7e1e979497d560144541a3e016',0,'izNV0ZWBhmM2cMchMkMjJ4MNTzQYlMFMjdVTMYWGmkOY3OyhNNzN0TZMNkmDYmNZMmjijzdyyWjZmlMOTjMWRx',1,'3000627020101','1996-06-07','/images/fotos/clientes/OcjTkzGkdYYTNgNMU2MW.jpg',1,'','','2015-06-05 11:14:43',1),(466,'Christian Haroldo','Roldan Mendoza','13 calle D 30-24 zona 7 colonia Ciudad de Plata 1','41778471',1,'12345678','0','chrisroldan95@gmail.com','8ffdf3f5a43608bb2fa064df1c6437a4',0,'DT1yc0mIFjMiO12NMNdh2kMjFj3kN2WVQxmQjmMmwNYYMmZV2hDMzQMYkYZNzM4DNNgNlYhjMYYWDN0ZTJQUkm',1,'3453087270101','1995-11-21','/images/fotos/clientes/MmjBDFlkNzgNmm4Q5jGzn.jpg',1,'','','2015-06-05 11:30:41',0);
/*!40000 ALTER TABLE `cliente` ENABLE KEYS */;
UNLOCK TABLES;

--
-- Table structure for table `configuracion`
--

DROP TABLE IF EXISTS `configuracion`;
/*!40101 SET @saved_cs_client     = @@character_set_client */;
/*!40101 SET character_set_client = utf8 */;
CREATE TABLE `configuracion` (
  `configuracion_id` int(11) NOT NULL AUTO_INCREMENT,
  `nombre` varchar(45) NOT NULL,
  `valor` varchar(500) NOT NULL,
  `estado` int(11) NOT NULL,
  PRIMARY KEY (`configuracion_id`)
) ENGINE=InnoDB AUTO_INCREMENT=5 DEFAULT CHARSET=latin1;
/*!40101 SET character_set_client = @saved_cs_client */;

--
-- Dumping data for table `configuracion`
--

LOCK TABLES `configuracion` WRITE;
/*!40000 ALTER TABLE `configuracion` DISABLE KEYS */;
INSERT INTO `configuracion` VALUES (1,'tiempo_sesion','10',1),(2,'publicidad_cantidad','8',1),(3,'eventos_cantidad','6',1),(4,'reserva_dias','15',1);
/*!40000 ALTER TABLE `configuracion` ENABLE KEYS */;
UNLOCK TABLES;

--
-- Table structure for table `departamento`
--

DROP TABLE IF EXISTS `departamento`;
/*!40101 SET @saved_cs_client     = @@character_set_client */;
/*!40101 SET character_set_client = utf8 */;
CREATE TABLE `departamento` (
  `departamento_id` int(11) NOT NULL AUTO_INCREMENT,
  `nombre` varchar(100) NOT NULL,
  `pais_id` int(11) NOT NULL,
  PRIMARY KEY (`departamento_id`),
  KEY `pais_id` (`pais_id`),
  CONSTRAINT `departamento_ibfk_1` FOREIGN KEY (`pais_id`) REFERENCES `pais` (`pais_id`) ON DELETE NO ACTION ON UPDATE NO ACTION
) ENGINE=InnoDB AUTO_INCREMENT=113 DEFAULT CHARSET=utf8;
/*!40101 SET character_set_client = @saved_cs_client */;

--
-- Dumping data for table `departamento`
--

LOCK TABLES `departamento` WRITE;
/*!40000 ALTER TABLE `departamento` DISABLE KEYS */;
INSERT INTO `departamento` VALUES (1,'Guatemala',1),(2,'Sacatep&eacute;quez',1),(3,'Chimaltenango',1),(4,'El Progreso',1),(5,'Escuintla',1),(6,'Santa Rosa',1),(7,'Solol&aacute;',1),(8,'Totonicap&aacute;n',1),(9,'Quetzaltenango',1),(10,'Suchitep&eacute;quez',1),(11,'Retalhuleu',1),(12,'San Marcos',1),(13,'Huehuetenango',1),(14,'Quich&eacute;',1),(15,'Baja Verapaz',1),(16,'Alta Verapaz',1),(17,'Pet&eacute;n',1),(18,'Izabal',1),(19,'Zacapa',1),(20,'Chiquimula',1),(21,'Jalapa',1),(22,'Jutiapa',1),(23,'Distrito de Belice',2),(24,'Distrito de Cayo',2),(25,'Distrito de Corozal',2),(26,'Distrito de Orange Walk',2),(27,'Distrito de Stann Creek',2),(28,'Distrito de Toledo',2),(29,'San Salvador',3),(30,'La Libertad',3),(31,'Santa Ana',3),(32,'Sonsonate',3),(33,'San Miguel',3),(34,'Usulut&aacute;n',3),(35,'Ahuachap&aacute;n',3),(36,'La Paz',3),(37,'La Uni&oacute;n',3),(38,'Cuscatlan',3),(39,'Chalatenango',3),(40,'Morazan',3),(41,'San Vicente',3),(42,'Caba&ntilde;as',3),(43,'Atlantida',4),(44,'Colon',4),(45,'Comayagua',4),(46,'Copan',4),(47,'Cortes',4),(48,'Choluteca',4),(49,'El Paraiso',4),(50,'Francisco Morazan',4),(51,'Gracias a Dios',4),(52,'Intibuca',4),(53,'Islas de la Bahia',4),(54,'La Paz',4),(55,'Lempira',4),(56,'Olancho',4),(57,'Santa Barbara',4),(58,'Valle',4),(59,'Yoro Fuente',4),(60,'Atlantico Norte',5),(61,'Atlantico Sur',5),(62,'Boaco',5),(63,'Carazo',5),(64,'Chinandega',5),(65,'Chontales',5),(66,'Esteli',5),(67,'Granada',5),(68,'Jinotega',5),(69,'Leon',5),(70,'Madriz',5),(71,'Managua',5),(72,'Masaya',5),(73,'Matagalpa',5),(74,'Nueva Segovia',5),(75,'Rio San Juan',5),(76,'Masaya',5),(77,'Rivas',5),(78,'Atlantico Norte',5),(79,'Atlantico Sur',5),(80,'Boaco',5),(81,'Carazo',5),(82,'Chinandega',5),(83,'Chontales',5),(84,'Esteli',5),(85,'Granada',5),(86,'Jinotega',5),(87,'Leon',5),(88,'Madriz',5),(89,'Managua',5),(90,'Masaya',5),(91,'Matagalpa',5),(92,'Nueva Segovia',5),(93,'Rio San Juan',5),(94,'Masaya',5),(95,'Rivas',5),(96,'San Jose',6),(97,'Alajuela',6),(98,'Cartago',6),(99,'Heredia',6),(100,'Puntarenas',6),(101,'Guanacaste',6),(102,'Limon',6),(103,'Bocas del Toro',7),(104,'Cocle',7),(105,'Colon',7),(106,'Chiriqui',7),(107,'Darien',7),(108,'Herrera',7),(109,'Los Santos',7),(110,'Panama',7),(111,'Veraguas',7),(112,'Panama Oeste',7);
/*!40000 ALTER TABLE `departamento` ENABLE KEYS */;
UNLOCK TABLES;

--
-- Table structure for table `detalle_usuario`
--

DROP TABLE IF EXISTS `detalle_usuario`;
/*!40101 SET @saved_cs_client     = @@character_set_client */;
/*!40101 SET character_set_client = utf8 */;
CREATE TABLE `detalle_usuario` (
  `detalle_usuario_id` int(11) NOT NULL AUTO_INCREMENT,
  `usuario_usuario_id` int(11) NOT NULL,
  `evento_evento_id` int(11) NOT NULL,
  PRIMARY KEY (`detalle_usuario_id`),
  KEY `fk_detalle_usuario_usuario1_idx` (`usuario_usuario_id`),
  KEY `fk_detalle_usuario_evento1_idx` (`evento_evento_id`),
  CONSTRAINT `fk_detalle_usuario_evento1` FOREIGN KEY (`evento_evento_id`) REFERENCES `evento` (`evento_id`) ON DELETE NO ACTION ON UPDATE NO ACTION,
  CONSTRAINT `fk_detalle_usuario_usuario1` FOREIGN KEY (`usuario_usuario_id`) REFERENCES `usuario` (`usuario_id`) ON DELETE NO ACTION ON UPDATE NO ACTION
) ENGINE=InnoDB AUTO_INCREMENT=3 DEFAULT CHARSET=utf8;
/*!40101 SET character_set_client = @saved_cs_client */;

--
-- Dumping data for table `detalle_usuario`
--

LOCK TABLES `detalle_usuario` WRITE;
/*!40000 ALTER TABLE `detalle_usuario` DISABLE KEYS */;
INSERT INTO `detalle_usuario` VALUES (1,0,145),(2,1,145);
/*!40000 ALTER TABLE `detalle_usuario` ENABLE KEYS */;
UNLOCK TABLES;

--
-- Table structure for table `empresa`
--

DROP TABLE IF EXISTS `empresa`;
/*!40101 SET @saved_cs_client     = @@character_set_client */;
/*!40101 SET character_set_client = utf8 */;
CREATE TABLE `empresa` (
  `empresa_id` int(11) NOT NULL AUTO_INCREMENT,
  `estado` int(11) NOT NULL,
  `nombre` varchar(45) DEFAULT NULL,
  `descripcion` varchar(75) DEFAULT NULL,
  `direccion` varchar(45) DEFAULT NULL,
  `telefono` varchar(45) DEFAULT NULL,
  `correo` varchar(45) DEFAULT NULL,
  `url` varchar(75) DEFAULT NULL,
  `nit` varchar(45) DEFAULT NULL,
  `resolucion` varchar(45) DEFAULT NULL,
  PRIMARY KEY (`empresa_id`)
) ENGINE=InnoDB AUTO_INCREMENT=2 DEFAULT CHARSET=utf8;
/*!40101 SET character_set_client = @saved_cs_client */;

--
-- Dumping data for table `empresa`
--

LOCK TABLES `empresa` WRITE;
/*!40000 ALTER TABLE `empresa` DISABLE KEYS */;
INSERT INTO `empresa` VALUES (1,1,'Kliktickets','66 calle A 5-66 zona 6','66 calle A 5-66 zona 6','32165487','info@kliktickets.com','https://www.kliktickets.com','3216547','32165487');
/*!40000 ALTER TABLE `empresa` ENABLE KEYS */;
UNLOCK TABLES;

--
-- Table structure for table `evento`
--

DROP TABLE IF EXISTS `evento`;
/*!40101 SET @saved_cs_client     = @@character_set_client */;
/*!40101 SET character_set_client = utf8 */;
CREATE TABLE `evento` (
  `evento_id` int(11) NOT NULL AUTO_INCREMENT,
  `nombre` varchar(45) DEFAULT NULL,
  `descripcion` text,
  `imagen` varchar(45) DEFAULT NULL,
  `video` varchar(75) DEFAULT NULL,
  `fecha` date DEFAULT NULL,
  `hora` time DEFAULT NULL,
  `lugar` varchar(45) DEFAULT NULL,
  `latitud` varchar(45) DEFAULT NULL,
  `longitud` varchar(45) DEFAULT NULL,
  `comision` float DEFAULT NULL,
  `boletaje` int(11) DEFAULT NULL,
  `existencia` int(11) DEFAULT NULL,
  `publico` int(11) NOT NULL,
  `tipo_evento_tipo_evento_id` int(11) NOT NULL,
  `pais_pais_id` int(11) NOT NULL,
  `organizacion_organizacion_id` int(11) NOT NULL,
  `estado` int(11) NOT NULL,
  `codigo` varchar(50) DEFAULT NULL,
  `plantilla` varchar(100) DEFAULT NULL,
  PRIMARY KEY (`evento_id`),
  KEY `fk_evento_tipo_evento1_idx` (`tipo_evento_tipo_evento_id`),
  KEY `fk_evento_pais1_idx` (`pais_pais_id`),
  KEY `fk_evento_organizacion1_idx` (`organizacion_organizacion_id`),
  CONSTRAINT `fk_evento_organizacion1` FOREIGN KEY (`organizacion_organizacion_id`) REFERENCES `organizacion` (`organizacion_id`) ON DELETE NO ACTION ON UPDATE NO ACTION,
  CONSTRAINT `fk_evento_pais1` FOREIGN KEY (`pais_pais_id`) REFERENCES `pais` (`pais_id`) ON DELETE NO ACTION ON UPDATE NO ACTION,
  CONSTRAINT `fk_evento_tipo_evento1` FOREIGN KEY (`tipo_evento_tipo_evento_id`) REFERENCES `tipo_evento` (`tipo_evento_id`) ON DELETE NO ACTION ON UPDATE NO ACTION
) ENGINE=InnoDB AUTO_INCREMENT=166 DEFAULT CHARSET=utf8;
/*!40101 SET character_set_client = @saved_cs_client */;

--
-- Dumping data for table `evento`
--

LOCK TABLES `evento` WRITE;
/*!40000 ALTER TABLE `evento` DISABLE KEYS */;
INSERT INTO `evento` VALUES (35,'casa de playa','se va ha realizar fiesta privada en la casa de la playa ','includes/images/eventos/YFGQIizRZzjENZ1Z.jpg','https://www.youtube.com/watch?v=w62mxHp9TlU','2015-06-09','20:00:00','puerto san jose guatemala','13.933333','-90.816667',0,0,0,0,2,1,1,0,NULL,NULL),(36,'fiesta de disfraces','se va realizar una fiesta de disfraces privada solo para las peraons invitadas','includes/images/eventos/0MlI=z52OzjYlhF.png','https://www.youtube.com/watch?v=oqsrTBvGix4','2015-06-18','20:00:00','20 calle 10-66 zona 10 Guatemala','14.589873','-90.509724',NULL,NULL,NULL,0,2,1,1,0,NULL,NULL),(37,'hermanos cooper','se va hacer una reunion con todos los empleados de la empresa por el mes del amor','includes/images/eventos/2Z5ZMBjQhiTOiOI.jpg','https://www.youtube.com/watch?v=x1sSIts8h2Q','2015-06-23','16:00:00','Edificio torino Guatemala','14.588056','-90.504139',NULL,NULL,NULL,0,2,1,2,0,NULL,NULL),(42,'casa del lago','asdfsadfasdfs','includes/images/eventos/zx1xENYWyQmgMMN.JPG','asdfsadfsd','2014-05-22','18:00:00','20 calle 10-66 zona 10 Guatemala','14.589873','-90.5097237',0,0,0,0,1,3,4,3,NULL,NULL),(93,'casa de dios','asdfsadf','includes/images/eventos/UhZNUNOzlQMjDmz.jpeg','https://www.youtube.com/watch?v=eiMGdqKguVU','2015-04-15','06:00:00','casa de dios Guatemala','14.5111534','-90.47972959999998',0,0,0,0,1,3,1,0,'GFyFkTj=0ZMVDNN',NULL),(145,'Hola pi&ntilde;ata','La Real Academia del Ripio Presenta: #NOID La ni&ntilde;a almedra Pako Rodriguez Becerro Mulato','includes/images/eventos/pinata2.png',NULL,'2015-06-06','20:00:00','one club 1 Ave. 11-37 Zona 10 guatemala','14.602165944799257','-90.51495462656021',0,0,0,0,1,1,38,0,'MMNkjMxxUD2TGVE','includes/assets/img/eventos/plantilla3.png'),(148,'Presentacion de Libro MIS MEMORIAS','Presentacion de Libro MIS MEMORIAS por el autor Juan Perez Ralda.','includes/images/eventos/NzRTNOYBOmlTl42.jpg',NULL,'2015-07-04','08:00:00','20 calle 10-66 zona 10 Ciudad de Guatemala','14.5827681','-90.5147225',0,0,0,0,1,1,1,0,'T5YRZMWMiZZzjxW','includes/assets/img/eventos/plantilla2.png'),(162,'kfc eventos 3','para los emplados del mes de la empresa','includes/images/eventos/2ZmhIzVMAEIOyOm.jpg',NULL,'2016-10-13','20:00:00','20 calle 10-66 zona 10 guatemala','14.5827681','-90.5147225',0,0,0,0,1,2,37,0,'zMIl2ihwVj4cgZW','includes/assets/img/eventos/plantilla3.png'),(163,'alcohol madness','all you can drink \n1. vodka\n2. tequila\n3. cerveza','includes/images/eventos/ZW0mGYOJyxjgDNd.jpg',NULL,'2015-06-05','21:00:00','carretera al salvador km 21.5 Guatemala','14.5950404','-90.52003259999998',0,0,0,0,1,2,37,0,'OlEzZDMYBNyDWDh','includes/assets/img/eventos/plantilla3.png'),(164,'Presentacion ','Presentacion 2','includes/images/eventos/YzZMNwjThMYRjRy.png',NULL,'2015-06-30','16:00:00','20 calle 10-66 zona 10 Guatemala','14.5827681','-90.5147225',0,0,0,0,1,1,38,0,'wZlANYQNyEjD4lY','includes/assets/img/eventos/plantilla1.png'),(165,'Presentacion tres','Presentacion 3','includes/images/eventos/j2zmjlijMjNTxNN.jpg',NULL,'2015-06-17','14:00:00','20 calle 10-66 zona 10','37.0513119','37.40871200000004',200,0,0,0,1,3,1,0,'DBQ1W2hMN1EMFmj','includes/assets/img/eventos/plantilla3.png');
/*!40000 ALTER TABLE `evento` ENABLE KEYS */;
UNLOCK TABLES;

--
-- Table structure for table `factura`
--

DROP TABLE IF EXISTS `factura`;
/*!40101 SET @saved_cs_client     = @@character_set_client */;
/*!40101 SET character_set_client = utf8 */;
CREATE TABLE `factura` (
  `factura_id` int(11) NOT NULL AUTO_INCREMENT,
  `numero` int(11) DEFAULT NULL,
  `serie` varchar(45) DEFAULT NULL,
  `fecha` date DEFAULT NULL,
  `total` float DEFAULT NULL,
  `tipo` int(11) DEFAULT NULL,
  `estado` int(11) DEFAULT NULL,
  `empresa_empresa_id` int(11) NOT NULL,
  `sucursal_sucursal_id` int(11) NOT NULL,
  `cliente_cliente_id` int(11) NOT NULL,
  PRIMARY KEY (`factura_id`),
  KEY `fk_factura_empresa1_idx` (`empresa_empresa_id`),
  KEY `fk_factura_sucursal1_idx` (`sucursal_sucursal_id`),
  KEY `fk_factura_usuario1_idx` (`cliente_cliente_id`),
  CONSTRAINT `fk_factura_empresa1` FOREIGN KEY (`empresa_empresa_id`) REFERENCES `empresa` (`empresa_id`) ON DELETE NO ACTION ON UPDATE NO ACTION,
  CONSTRAINT `fk_factura_sucursal1` FOREIGN KEY (`sucursal_sucursal_id`) REFERENCES `sucursal` (`sucursal_id`) ON DELETE NO ACTION ON UPDATE NO ACTION,
  CONSTRAINT `fk_factura_usuario1` FOREIGN KEY (`cliente_cliente_id`) REFERENCES `cliente` (`cliente_id`) ON DELETE NO ACTION ON UPDATE NO ACTION
) ENGINE=InnoDB AUTO_INCREMENT=4 DEFAULT CHARSET=utf8;
/*!40101 SET character_set_client = @saved_cs_client */;

--
-- Dumping data for table `factura`
--

LOCK TABLES `factura` WRITE;
/*!40000 ALTER TABLE `factura` DISABLE KEYS */;
INSERT INTO `factura` VALUES (1,1,'a','2015-04-23',150,1,1,1,1,1),(2,2,'a','2015-05-20',150,1,1,1,1,1),(3,3,'a','2015-05-21',280,1,1,1,1,1);
/*!40000 ALTER TABLE `factura` ENABLE KEYS */;
UNLOCK TABLES;

--
-- Table structure for table `factura_detalle`
--

DROP TABLE IF EXISTS `factura_detalle`;
/*!40101 SET @saved_cs_client     = @@character_set_client */;
/*!40101 SET character_set_client = utf8 */;
CREATE TABLE `factura_detalle` (
  `factura_detalle_id` int(11) NOT NULL AUTO_INCREMENT,
  `cantidad` int(11) DEFAULT NULL,
  `total` float DEFAULT NULL,
  `factura_factura_id` int(11) NOT NULL,
  `boleto_boleto_id` int(11) NOT NULL,
  PRIMARY KEY (`factura_detalle_id`),
  KEY `fk_factura_detalle_factura1_idx` (`factura_factura_id`),
  KEY `fk_factura_detalle_boleto1_idx` (`boleto_boleto_id`),
  CONSTRAINT `factura_detalle_ibfk_2` FOREIGN KEY (`boleto_boleto_id`) REFERENCES `boleto` (`boleto_id`),
  CONSTRAINT `factura_detalle_ibfk_1` FOREIGN KEY (`factura_factura_id`) REFERENCES `factura` (`factura_id`)
) ENGINE=InnoDB DEFAULT CHARSET=utf8;
/*!40101 SET character_set_client = @saved_cs_client */;

--
-- Dumping data for table `factura_detalle`
--

LOCK TABLES `factura_detalle` WRITE;
/*!40000 ALTER TABLE `factura_detalle` DISABLE KEYS */;
/*!40000 ALTER TABLE `factura_detalle` ENABLE KEYS */;
UNLOCK TABLES;

--
-- Table structure for table `imagen`
--

DROP TABLE IF EXISTS `imagen`;
/*!40101 SET @saved_cs_client     = @@character_set_client */;
/*!40101 SET character_set_client = utf8 */;
CREATE TABLE `imagen` (
  `imagen_id` int(11) NOT NULL AUTO_INCREMENT,
  `url` varchar(100) DEFAULT NULL,
  `estado` int(11) DEFAULT NULL,
  `evento_evento_id` int(11) NOT NULL,
  PRIMARY KEY (`imagen_id`),
  KEY `fk_imagen_evento1_idx` (`evento_evento_id`),
  CONSTRAINT `fk_imagen_evento1` FOREIGN KEY (`evento_evento_id`) REFERENCES `evento` (`evento_id`) ON DELETE NO ACTION ON UPDATE NO ACTION
) ENGINE=InnoDB DEFAULT CHARSET=utf8;
/*!40101 SET character_set_client = @saved_cs_client */;

--
-- Dumping data for table `imagen`
--

LOCK TABLES `imagen` WRITE;
/*!40000 ALTER TABLE `imagen` DISABLE KEYS */;
/*!40000 ALTER TABLE `imagen` ENABLE KEYS */;
UNLOCK TABLES;

--
-- Table structure for table `invitacion`
--

DROP TABLE IF EXISTS `invitacion`;
/*!40101 SET @saved_cs_client     = @@character_set_client */;
/*!40101 SET character_set_client = utf8 */;
CREATE TABLE `invitacion` (
  `invitacion_id` int(11) NOT NULL AUTO_INCREMENT,
  `cliente_cliente_id` int(11) DEFAULT NULL,
  `evento_evento_id` int(11) DEFAULT NULL,
  `correo` varchar(50) DEFAULT NULL,
  `estado` int(11) DEFAULT NULL,
  `vip` int(11) DEFAULT NULL,
  `code_invitacion` text,
  PRIMARY KEY (`invitacion_id`),
  KEY `cliente_id` (`cliente_cliente_id`),
  KEY `evento_id` (`evento_evento_id`)
) ENGINE=MyISAM AUTO_INCREMENT=965 DEFAULT CHARSET=latin1;
/*!40101 SET character_set_client = @saved_cs_client */;

--
-- Dumping data for table `invitacion`
--

LOCK TABLES `invitacion` WRITE;
/*!40000 ALTER TABLE `invitacion` DISABLE KEYS */;
INSERT INTO `invitacion` VALUES (1,237,145,'luiscarlosfuentestoro@hotmail.com',1,1,'MWTOMUOx44MZMWz'),(2,NULL,145,NULL,0,1,'myWZNkIMNzORMGg'),(3,NULL,145,NULL,0,1,'wQDzTDYQwOgZEMZ'),(4,NULL,145,NULL,0,1,'MY2MYjyNNyGB2M0'),(5,282,145,'susana_s06@hotmail.com',2,1,'mmkxxTD2lNRRZjF'),(6,291,145,'En.arevalo@yahoo.com',1,1,'FZNjzNN4ZUN1MIz'),(7,NULL,145,NULL,0,1,'dTYzjjjjdTDVOGO'),(8,274,145,'javier.apr29@gmail.com',2,1,'Q5Ic2TNOODM45Wl'),(9,195,145,'Rodrguezjosepablo@gmail.com',1,1,'YTIIzj2kNUk0EYG'),(10,280,145,'Gsancho17@gmail.com',2,1,'MZjmJFOllyYNYNk'),(11,457,145,'rodrigoho.redes@gmail.com',1,1,'YQwW22kDkNxQmDM'),(12,458,145,'mau.inquire@gmail.com',2,1,'ZN5MFDlZjkkAOM3'),(13,422,145,'miguelitopelaez@yahoo.es',2,1,'MYjQViU2z3mch5m'),(14,450,145,'meogaitan@gmail.com',2,1,'2RM3lGZlRxMYUEM'),(15,NULL,145,NULL,0,1,'lNIGBONZFMRN0GZ'),(16,NULL,145,NULL,0,1,'MFZNT4MiZhldGjT'),(17,NULL,145,NULL,0,1,'zGY3MNh1QZMMWhN'),(18,451,145,'djpablodelaroca@gmail.com',2,1,'ZTwjYzZkOThZYED'),(19,463,145,'Christa28796@hotmail.com',2,1,'NMN1YYM2xTjxQOk'),(20,449,145,'mralfonsors@gmail.com',2,1,'jZUDzMTlMNMMMjZ'),(21,NULL,145,NULL,0,1,'j4TMJY2YMzwZFJj'),(22,NULL,145,NULL,0,1,'Mm1ROgDw3MTUA2z'),(23,NULL,145,NULL,0,1,'kEmw3WZGYUNcjW1'),(24,NULL,145,NULL,0,1,'j1mUTzZFTDTDFMZ'),(25,NULL,145,NULL,0,1,'mWGMGVDzDW1MizW'),(26,NULL,145,NULL,0,1,'IYmENwGWNTDZOkM'),(27,NULL,145,NULL,0,1,'yFFjiZYjgwcZN51'),(28,NULL,145,NULL,0,1,'32mJTTYmDZZEOYM'),(29,NULL,145,NULL,0,1,'ZkNZM2NBk4lThT2'),(30,NULL,145,NULL,0,1,'ENzGINIZ3Dmw3TM'),(31,NULL,145,NULL,0,1,'2E2TJRNMjjDOAUE'),(32,NULL,145,NULL,0,1,'jdFFFNDDzTGZjmM'),(33,NULL,145,NULL,0,1,'TEhTWEGwWJZkxTM'),(34,NULL,145,NULL,0,1,'GzYTM3JY2gmRQmW'),(35,NULL,145,NULL,0,1,'IzDNTA55jQZcJJD'),(36,NULL,145,NULL,0,1,'DNNFx2hIxlMYRQY'),(37,NULL,145,NULL,0,1,'iUNFENQM1FmFMIW'),(38,NULL,145,NULL,0,1,'OZ1TM3MhkjZx5GM'),(39,NULL,145,NULL,0,1,'JGAZDZ4imDxTMgM'),(40,NULL,145,NULL,0,1,'mZMzZ1WNMTmTj2E'),(41,NULL,145,NULL,0,1,'GIYNQNh2YMWzAZc'),(42,NULL,145,NULL,0,1,'EjNmYYi5hIQNwjV'),(43,NULL,145,NULL,0,1,'ZR5hmEOyNzUAOmF'),(44,NULL,145,NULL,0,1,'lOMOMG4NWiNYZZj'),(45,NULL,145,NULL,0,1,'NQzIY2DlJGB4hMN'),(46,NULL,145,NULL,0,1,'MRU3MNFIQDTj0cg'),(47,NULL,145,NULL,0,1,'iF4czZdzOyNWmxm'),(48,NULL,145,NULL,0,1,'NMgkhEixYNY02wz'),(49,NULL,145,NULL,0,1,'GRO50JMjIM0lM3Z'),(50,NULL,145,NULL,0,1,'NUDNOlVwhZyyOjU'),(51,NULL,145,NULL,0,1,'MUYlGYjiQjYWV1h'),(52,NULL,145,NULL,0,1,'lRNgyjxY2zmj1ZU'),(53,NULL,145,NULL,0,1,'NGkWhMQIWjYADFW'),(54,NULL,145,NULL,0,1,'JRNOOJhhYNiUZNj'),(55,NULL,145,NULL,0,1,'OmTQQyZ2MNTjZjm'),(56,NULL,145,NULL,0,1,'hDYjZNjMWAjDNMY'),(57,NULL,145,NULL,0,1,'d2jIU2wjMjjZFOG'),(58,NULL,145,NULL,0,1,'GMYyMNDM4G2wN2D'),(59,NULL,145,NULL,0,1,'wWJNWkhzIlMhQMZ'),(60,NULL,145,NULL,0,1,'lMmY0Dj2ZmNkDZ4'),(61,NULL,145,NULL,0,1,'l5EYZwMNONxjZ5U'),(62,NULL,145,NULL,0,1,'WBWMjYZlDjI2ZUN'),(63,NULL,145,NULL,0,1,'DUZjiMJNTYT2yZz'),(64,NULL,145,NULL,0,1,'mwMIGTZDYGVN1jm'),(65,NULL,145,NULL,0,1,'U5NTRO2RmmZzDNE'),(66,NULL,145,NULL,0,1,'jNDW5OViR2ONYjF'),(67,NULL,145,NULL,0,1,'DZ1gjjyNyjJNQxN'),(68,NULL,145,NULL,0,1,'GiMTYZAOkxZGZlY'),(69,NULL,145,NULL,0,1,'MJNm05NWMVDMlZN'),(70,NULL,145,NULL,0,1,'NUl1MMMTmYwwQT2'),(71,NULL,145,NULL,0,1,'NOz42lYJicZNJTQ'),(72,NULL,145,NULL,0,1,'N22ODxTAQNk3Z2k'),(73,NULL,145,NULL,0,1,'mwWVIMYZhZyFIIZ'),(74,NULL,145,NULL,0,1,'IIllzwmEwNNDYNZ'),(75,NULL,145,NULL,0,1,'MOET20BMMJY5MDW'),(76,128,145,'Joseca012@hotmail.com',2,0,'ONZNkZNgYZO3FYj'),(77,NULL,145,NULL,0,0,'MY0EYYYcOOMTW0z'),(78,223,145,'kgarzaro524@gmail.com',2,0,'ZEmYDWmwOxdG234'),(79,222,145,'madygogojito@hotmail.com',2,0,'xIZYTOZmkTYMTyT'),(80,NULL,145,NULL,0,0,'FYTNZchNjAyZYjM'),(81,NULL,145,NULL,0,0,'QENGWNIl2kWjZim'),(82,127,145,'lesshernan@gmail.com',2,0,'AWNDJGlWmJAk3jM'),(83,138,145,'jc.chali@gmail.com',2,0,'gTQmlWwzUG50jNM'),(84,129,145,'robertothebig@hotmail.com',2,0,'mkT5NMETNhyQYl5'),(85,126,145,'halj96@gmail.com',2,0,'NZIUkFwYMR05FNZ'),(86,139,145,'arturorami502@gmail.com',2,0,'2cjNN1NW4MEcRNj'),(87,120,145,'aless316_@hotmail.com',1,0,'0EROZzWNZmNWkVG'),(88,119,145,'stuardo.u@gmail.com',1,0,'zYJOUITEM1YMYlm'),(89,169,145,'titaroque@hotmail.es',3,0,'MNj5j3FzjWEMRgT'),(90,278,145,'marta221@hotmail.es',2,0,'jmWix2OAMhRmMDA'),(91,136,145,'eliu7hm@gmail.com',2,0,'DIDkjkMkkDZEZWV'),(92,160,145,'mafess.1997@gmail.com',2,0,'jM0F2TNYNMGNGjc'),(93,172,145,'fer.ultrasurt@gmail.com',2,0,'0kQGMhzNzyZNmNT'),(94,207,145,'byronnano3@hotmail.com',2,0,'gYO0DTU1ZYgYMN4'),(95,217,145,'anibla101@hotmail.com',2,0,'ZOMQYTxQNIN0TjN'),(96,239,145,'GERSONSCHWANK@OUTLOOK.ES',2,0,'3mOOQyhOjV2ZGMz'),(97,200,145,'luiz_ruis123@hotmail.com',2,0,'TYmNMZE32kj2IgM'),(98,229,145,'abigailpiedrasanta@gmail.com',2,0,'jy2MYllYjYhzMUE'),(99,234,145,'limapivaral@gmail.com',2,0,'jjjMkhNImZjjMNR'),(100,189,145,'ximenahurtarte1@gmail.com',2,0,'DE3T2QUZTDlO5MO'),(101,194,145,'greenuchi_doc@hotmail.com',2,0,'i0zGyZOYYYIYxZT'),(102,174,145,'jbravor@hotmail.es',2,0,'NYYiMcMTUzOmQcj'),(103,NULL,145,NULL,0,0,'IMzDQQjD5ZNNj3N'),(104,173,145,'andresmendezruiz28@gmail.com',1,0,'m2IzOMhVYklOZQN'),(105,168,145,'ana.losley@gmail.com',2,0,'zDUj0YYjG5BODNN'),(106,142,145,'a.abraham.ramos.r@gmail.com',2,0,'5QMhjNQMFNgmwlJ'),(107,NULL,145,NULL,0,0,'mMYZDYR2NkFZxlM'),(108,NULL,145,NULL,0,0,'ETWhkJAOYOUN0T0'),(109,NULL,145,NULL,0,0,'NzOjyTOIwYkDAEi'),(110,NULL,145,NULL,0,0,'gjFO5mzTYmYTNAY'),(111,158,145,'davidrodmusic@outlook.com',1,0,'MNyMMYQ0TYYgiZN'),(112,214,145,'djluisvasquez96@gmail.com',2,0,'Yk5NMiMGGGjJAQD'),(113,281,145,'douglaskating@yahoo.com',2,0,'llGMNzNUW1BjWwz'),(114,147,145,'kevinyoc.ky@gmail.com',2,0,'N0YNYNwZUTNkgNZ'),(115,177,145,'alberteliberto@gmail.com',2,0,'MMWYMMGYy5Ww4wD'),(116,NULL,145,NULL,0,0,'MYjTTxUOGjNN0MZ'),(117,NULL,145,NULL,0,0,'WNUjGwO1FTZNDIj'),(118,159,145,'jmsn_98@hotmail.com',2,0,'YYTjhJZkOMNTNl2'),(119,220,145,'mademi_tatu@hotmail.com',2,0,'WyI5czlyMlEY2yM'),(120,198,145,'leslybarrera@hotmail.com',2,0,'NDTjDTOMZ42kFNT'),(121,179,145,'rayjortiz@gmail.com',2,0,'4jzzNmONF5izZm1'),(122,146,145,'Isabelcastap@gmail.com',2,0,'mWYY3DITNyyZNlY'),(123,176,145,'Kendall.mn@hotmail.com',2,0,'2TWiBOhMGjYWZOQ'),(124,145,145,'bessy.chan@gmail.com',2,0,'mwgYNWEMGIzmYRT'),(125,144,145,'frankchete@gmail.com',2,0,'yjwydwjNETAOAlg'),(126,161,145,'anleuoscar@gmail.com',2,0,'11j5MMIg4ijTYNE'),(127,157,145,'renata011008@hotmail.com',2,0,'NDhYVDNOMMzWNY3'),(128,164,145,'pabloF.973@gmail.com',2,0,'MElVVZMQQRNN3MY'),(129,170,145,'kevincalvillo@gmail.com',2,0,'DhJGOlEgWYmWZNm'),(130,175,145,'kevin_2605_@hotmail.es',2,0,'WIzyNyTQMTE0O2M'),(131,178,145,'ludwin_009_1234@live.com',2,0,'0wMmTWMjMDZjZ4m'),(132,193,145,'wapgm93@gmail.com',2,0,'DDWjlYGUjOj2hMZ'),(133,196,145,'al71994@hotmail.com',2,0,'N4hxUIRkZjBJWY3'),(134,279,145,'lestermorataya1997@gmail.com',2,0,'2i5YZxMkgB3jDZE'),(135,288,145,'ralp114@gmail.com',2,0,'MWgFIcYYYMJNIh3'),(136,165,145,'santoos1469@gmail.com',2,0,'NNDiz2MjBNkgMZI'),(137,NULL,145,NULL,0,0,'hiWDMWlIgZN2jTw'),(138,183,145,'adri.cuyuche@gmail.com',2,0,'MOTwZlGMNQ3ZcJl'),(139,260,145,'GAGH1998@GMAIL.COM',2,0,'MJJhNRIiZTOVkkh'),(140,NULL,145,NULL,0,0,'cMyVijzUQTTmTYm'),(141,210,145,'eliezernajera21@gmail.com',1,0,'MwTYYQTccN4MMN0'),(142,182,145,'Gabriela-ruano@outlook.com',2,0,'Y2jQDQWMMNlmWGG'),(143,NULL,145,NULL,0,0,'GMjT0cJVMm1YzhW'),(144,105,145,'fpabloalberto@yahoo.com',2,0,'Oj0T2NzDzDNcTkZ'),(145,190,145,'sergiozuleta18@hotmail.com',1,0,'MYmDhkN3MlYkxQM'),(146,187,145,'xavierzuleta14@hotmail.com',1,0,'mymwOMkmO2dMWIG'),(147,NULL,145,NULL,0,0,'OlQNNYjzNG2DzJY'),(148,NULL,145,NULL,0,0,'2yZAEmNylWNO2Y1'),(149,188,145,'pablo.mendoza95@yahoo.com',2,0,'2mINQJUhRFZgMzM'),(150,262,145,'aaronsish@hotmail.com',1,0,'zMgyiZkMm4iQZkN'),(151,185,145,'josuelims@hotmail.com',2,0,'12NcWYkNJYx1DNm'),(152,191,145,'michy_me6@hotmail.com',2,0,'ITODZkGiNwEGZ4A'),(153,205,145,'carlos_piril@hotmail.com',2,0,'QMVGycY2TZzxZ4G'),(154,216,145,'ALEXANDERCHINCHILLA80@gmail.com',1,0,'IxAEkZMDWMUzYyN'),(155,192,145,'maggie151193@gmail.com',2,0,'jMNwmYYMjRjzcyM'),(156,204,145,'luis.lpAlma@hotmail.com',2,0,'j2m4UZN5jYNTNhM'),(157,NULL,145,NULL,0,0,'MWAz1lYkjUZJMYk'),(158,215,145,'irisvirgi_123@hotmail.com',2,0,'QgYYIINw0WmZTWc'),(159,203,145,'kriizthiian.22@hotmail.com',2,0,'MDMMZANNBYyMzi2'),(160,235,145,'Stefaniedeleon313@gmail.com',2,0,'i1QmZ5kGwjVTYMT'),(161,245,145,'antonio_hernan15@hotmail.com',2,0,'mMlWEzW0zw5kiTM'),(162,221,145,'jeff.edu94@gmail.com',2,0,'TQNUYwYDTkQGAO5'),(163,202,145,'g---s@hotmail.com',2,0,'hNZYiANj5RW45BE'),(164,289,145,'alexito_xcd@hotmail.com',1,0,'Ny1DQEDYMEDDNzj'),(165,227,145,'kosmj92@gmail.com',2,0,'TTMjZ4NWz2hwZYM'),(166,232,145,'boj443@gmail.com',2,0,'FzzMgjiMQDDMTON'),(167,NULL,145,NULL,0,0,'UThyxzUzDQGjhFi'),(168,309,145,'josuemjuarezr@gmail.com',2,0,'jIjZlmYgOmENDQj'),(169,228,145,'amaya345@live.com',2,0,'DT52TTjYyONNzUE'),(170,230,145,'Archilajason@gmail.com',2,0,'ZOMN0NMmZDB4zFB'),(171,197,145,'irisvirginia.job@gmail.com',2,0,'MNTjgZzZjMiZYiz'),(172,NULL,145,NULL,0,0,'M4jgTjOZN2TNkQQ'),(173,NULL,145,NULL,0,0,'lM4M1IZQZMIiyMG'),(174,276,145,'titaroque221@gmail.com',2,0,'4zjgEzOMWNY5WNm'),(175,277,145,'anjanihrndz@gmail.com',2,0,'j2OOkkhiJNxj2DO'),(176,NULL,145,NULL,0,0,'Tm22M1NNcYYd3DT'),(177,NULL,145,NULL,0,0,'YEQgz5YgTOmNNDN'),(178,211,145,'edwinrlm13@gmail.com',2,0,'NZW2TjRZmT5ZQZj'),(179,209,145,'c.carloscrema@hotmail.com',2,0,'RQTmGZZ3TwljOMg'),(180,256,145,'sicayrony@gmail.com',2,0,'YNGymJR3IOiyY1m'),(181,257,145,'Javierabdalla.2c2012@gmail.com',2,0,'RMj2j2GVZRMYGZm'),(182,270,145,'stu1224@hotmail.com',1,0,'N5EGjTJmYGIIwNM'),(183,272,145,'manugonzalez0@hotmail.com',1,0,'MY1OO4WMAjOIEjM'),(184,NULL,145,NULL,0,0,'NQjzUW2YTTMkGY3'),(185,NULL,145,NULL,0,0,'ZkGMzZD5zQRZJ2W'),(186,218,145,'ledzmusic@outlook.com',2,0,'Y0jkZBTjTkZZYmh'),(187,219,145,'emlimaig@gmail.com',2,0,'miWNQMUUlYjw3M0'),(188,247,145,'Ana.anleu.caliope@gmail.com',2,0,'WwNUET2mhMZkWWN'),(189,266,145,'Iris_deanleus@hotmail.com',2,0,'OQDN4M1MDT3ODUY'),(190,225,145,'wilcorado69@gmail.com',2,0,'3I2ZZOm2x5MmMWi'),(191,226,145,'ecallejas26@hotmail.com',2,0,'UGxGMDhz30ONxGU'),(192,249,145,'marielos.lancerio@gmail.com',1,0,'NOx2YMWmjNk54jm'),(193,250,145,'rodigraf1999@hotmail.com',2,0,'YAmmUwxNYMIYMwY'),(194,231,145,'CARLOS8.R@GMAIL.COM',2,0,'D0YTzZT5dGNN4hx'),(195,238,145,'joshis.island@gmail.com',2,0,'jyZUQB3zjlkkiDZ'),(196,224,145,'igdc_18@hotmail.com',1,0,'lYATYmMiO0MGYwQ'),(197,261,145,'rolando-rodriguez16@hotmail.com',2,0,'2YMMmhjJjNNj2VM'),(198,265,145,'rossy.coyoy@gmail.com',2,0,'MYwY0zZ2xTNDMI0'),(199,267,145,'estoydementeyque@gmail.com',2,0,'YzZEWZzTNAYAjmj'),(200,NULL,145,NULL,0,0,'WjVOdmcNZYBZ4lY'),(201,NULL,145,NULL,0,0,'zWWMFI2NYDMlmJ5'),(202,361,145,'erick-ponciano@hotmail.com',2,0,'0Wj1kONN43WZgzZ'),(203,365,145,'rofer_11_@hotmail.com',1,0,'myYMjj3O5z3QYj3'),(204,246,145,'Kevinurzua1993@gmail.com',2,0,'ODOZW2EOQjjZAAh'),(205,NULL,145,NULL,0,0,'Yhgz01jjN2Thjli'),(206,254,145,'ztrellaarreaga54@gmail.com',2,0,'DOMOUM0GMWgyDiT'),(207,273,145,'leidi29082012@gmail.com',2,0,'DmGTZMN3GNNmFRM'),(208,258,145,'santiago.jr.111@gmail.com',2,0,'2ODDwjNmA2NkYjj'),(209,248,145,'monica.avilagt@gmail.com',2,0,'yNV2kUTZ4YFWNIM'),(210,NULL,145,NULL,0,0,'JYDkMl0YjlzmMFz'),(211,252,145,'juancarlosazurdiasf@gmail.com',1,0,'NT3DgT5NZEOGVWG'),(212,251,145,'yacyragalindo@gmail.com',2,0,'kT2RN2hOhYUiNjQ'),(213,244,145,'icb_23@hotmail.com',2,0,'WOmyNMYj0OZOMZM'),(214,NULL,145,NULL,0,0,'m4UMYVGjMZg3ljy'),(215,NULL,145,NULL,0,0,'MDcxYNjMDNyWWWw'),(216,253,145,'alejandramontesdeoca@icloud.com',2,0,'MZDYUINGNNOAFIT'),(217,271,145,'dia.clau59@gmail.com',2,0,'zlw1QWlmj4ETiWO'),(218,255,145,'anailsis@hotmail.com',2,0,'NjOmjZDNZDD0OMj'),(219,263,145,'ana.alvaradog7@gmail.com',2,0,'m3ZQDyMTkjjODDU'),(220,264,145,'diegojchino@gmail.com',2,0,'UNjYNYDwTI2NFO4'),(221,275,145,'carlos49cebollero@gmail.com',2,0,'MNlz2GMmMkDWM4m'),(222,269,145,'marce64najerA@GMAIL.COM',2,0,'ZZjjO2ijzTM25O5'),(223,NULL,145,NULL,0,0,'N5mOkYZUBNMZihI'),(224,268,145,'analulu1948@hotmail.com',2,0,'AWijWkjyjMMmZUx'),(225,389,145,'stephany.sweet@hotmail.com',2,0,'MY1kEEZ4NETQTzR'),(226,243,145,'rjgd1995@hotmail.com',2,0,'3ZQNT51MjMW3YmU'),(227,302,145,'stevepradogarcia@gmail.com',2,0,'YwMOWZzTMUij3MG'),(228,NULL,145,NULL,0,0,'M5gBxWmNZjUWGmx'),(229,NULL,145,NULL,0,0,'EjwkzjTjOTZOxQZ'),(230,NULL,145,NULL,0,0,'NFAZJjEZN5YFTMx'),(231,375,145,'henry_12751@hotmail.com',2,0,'YMzQzN0NhyYVIw1'),(232,377,145,'emely.paz@hotmail.com',2,0,'TMMiZYWYW4kcZNh'),(233,NULL,145,NULL,0,0,'YFl5TIYj5jQIVRj'),(234,NULL,145,NULL,0,0,'UzV4I44zMT5z2mO'),(235,NULL,145,NULL,0,0,'MTOhUME1lMMMYDz'),(236,294,145,'a.335marci@hotmail.com',2,0,'lNEZZzhWD1l34xl'),(237,371,145,'navogd96@hotmail.com',2,0,'1ZRmkZGYjEMmlZN'),(238,293,145,'enriquego04@gmail.com',2,0,'zMIQg2zDZY4MGTh'),(239,295,145,'josuegr97@gmail.com',2,0,'O21OVZZTcIjMVGx'),(240,368,145,'archilapolanco@gmail.com',2,0,'ijNlkzwZFNZD12Y'),(241,369,145,'jcramirez018@gmail.com',2,0,'TITMWZTzMkZTzWN'),(242,358,145,'estuardo080@gmail.com',2,0,'GGT3O1zwA4DTYhg'),(243,376,145,'oalvarado@baco.com.gt',2,0,'2ZU1ZVlNjZmjMYy'),(244,290,145,'Juanlu_juanluis19@Hotmail.Com',2,0,'zNU3jOxjjTQZzck'),(245,NULL,145,NULL,0,0,'w1ZM5ikFGM2cyQZ'),(246,298,145,'castillogarciab@yahoo.com',1,0,'YyNMDj14mOJW0Nj'),(247,NULL,145,NULL,0,0,'ZzOMEzUx0ENzMDN'),(248,304,145,'jeffren.vivar@constructoraviga.tk',2,0,'0icEmZTOR2NZjNw'),(249,306,145,'promotora.allaccessgt@gmail.com',2,0,'QNMTETMZYyyjlMm'),(250,296,145,'everjavierin2013@gmail.com',2,0,'ODd3DYMjNZjx1Wj'),(251,115,145,'carrerajulio1790@gmail.com',1,0,'1yAR4Mh2TkIzNxA'),(252,307,145,'gerardocabrerac@gmail.com',2,0,'YYMOD2WdkNNRxji'),(253,NULL,145,NULL,0,0,'MMT13Gk2j3DjkQO'),(254,206,145,'perezreynoso.j@gmail.com',2,0,'jDQNjhmy0NZ2iYD'),(255,151,145,'SANTOSDANIELA335@GMAIL.COM',2,0,'TGAJTMjcMMmyDY1'),(256,NULL,145,NULL,0,0,'G4YQjh4UljiTWVQ'),(257,NULL,145,NULL,0,0,'DJI2NhgTRTRZBZT'),(258,121,145,'Punkigirlsankotessoul@hotmail.com',2,0,'N4wOYA5ZE4OTmlj'),(259,167,145,'luiscarlolopez29@gmail.com',2,0,'MQiG1YmOyYEyMNU'),(260,149,145,'pfirissantos@gmail.com',2,0,'OjWTOyVZMzYNjTj'),(261,381,145,'ronicali1608@gmail.com',2,0,'MMMlDBxZmZZOMO5'),(262,407,145,'antoniosummerforce@gmail.com',2,0,'zTkYUIx2zhRzZYD'),(263,NULL,145,NULL,0,0,'l0wJzMxONkNmMkM'),(264,199,145,'mariacamilaleon@hotmail.com',2,0,'ZNRkNOj5DQzwiJN'),(265,201,145,'adderlytrujillo17@gmail.com',2,0,'YiQyWgZDZZMYMD3'),(266,380,145,'07jorgemendez@gmail.com',2,0,'02TMMZNlGDAzZM2'),(267,453,145,'jose_ruiz66@hotmail.com',2,0,'MZz04ZUMmWMkMGN'),(268,233,145,'danielyyo32@gmail.com',1,0,'MYmZZiMYQ12VjZR'),(269,363,145,'levihonkon@gmail.com',2,0,'02yjMMA20wzj52T'),(270,240,145,'fersolrac@gmail.com',2,0,'MMYFTTkGN2UMOWA'),(271,208,145,'iskry.sveteal@gmail.com',1,0,'YMgiyNZzMTGjDTW'),(272,NULL,145,NULL,0,0,'Om2254VBhY1IMVG'),(273,NULL,145,NULL,0,0,'ZMxjEMMDhMgNzY0'),(274,NULL,145,NULL,0,0,'NVYYMzQDTMZNTZm'),(275,NULL,145,NULL,0,0,'TZNN5MMMYjZyhEN'),(276,NULL,145,NULL,0,0,'DQYG5hyjNYNMNQg'),(277,NULL,145,NULL,0,0,'RWmJWNl5zYMGVki'),(278,NULL,145,NULL,0,0,'jmZNDQcOZOGIRxl'),(279,382,145,'karlamad_16x@hotmail.com',2,0,'lZM2wAWW0NGjUU0'),(280,386,145,'duartemarcos@hotmail.es',2,0,'xO0TMw5MWO2ZNQO'),(281,NULL,145,NULL,0,0,'zAROUYNzDk2DVDc'),(282,NULL,145,NULL,0,0,'jNNmYE5WgNMMTlZ'),(283,NULL,145,NULL,0,0,'Q3zT0OMwDhOMZ0U'),(284,NULL,145,NULL,0,0,'3NzhQDJ0UQhYwjZ'),(285,NULL,145,NULL,0,0,'EmMTyDYZxh5NENj'),(286,NULL,145,NULL,0,0,'YzZYlzzhZETTRJm'),(287,313,145,'anacristina10925@gmail.com',2,0,'wzcEZMD2k5kTNig'),(288,NULL,145,NULL,0,0,'2OM4F2Qz0xZEIcR'),(289,NULL,145,NULL,0,0,'z1MQ5zAkiO2NUOY'),(290,287,145,'Proyectos.quevedo@hotmail.com',2,0,'MMVFZGhVzI2NYMZ'),(291,284,145,'luciafquevedo@gmail.com',2,0,'VjDDNkxzMWNDJzx'),(292,379,145,'julio_alda@hotmail.com',2,0,'2kEzUIMZDMyOYNy'),(293,314,145,'andres_rivera5@hotmail.com',2,0,'Md3QVMNZTMiiMWj'),(294,292,145,'leito2210@gmail.com',2,0,'m5GiMjMZGNT1AMG'),(295,364,145,'andel.estrada@gmail.com',2,0,'YYGNTMmINDmTMNY'),(296,400,145,'jonccalderon90@gmail.com',2,0,'lYjGGkQZNY2AUIO'),(297,395,145,'adolfosconfecciones@gmail.com',2,0,'YVN3MDkhmNMWkMM'),(298,398,145,'leitothunder@hotmail.es',2,0,'kT5ThNWQNEZN2jN'),(299,396,145,'mkjaar@hotmail.com',2,0,'U1kZjNkDJxTNzzZ'),(300,NULL,145,NULL,0,0,'YhF0ITN2MjmIYzU'),(301,299,145,'crispin.cris09@gmail.com',2,0,'ZMzzZkigDzJ0OMl'),(302,285,145,'tony.coyoy08@gmail.com',2,0,'ZMimFUEYYDBYZZM'),(303,397,145,'Jacqueline.josabeth.jj@gmail.com',2,0,'Wj2jNENIlMBMN2Y'),(304,NULL,145,NULL,0,0,'j3GZJMxYNMwTQGW'),(305,373,145,'gabrieladleon@hotmail.com',2,0,'NWQNVJMmWNmMTZN'),(306,388,145,'mmgdleon@hotmail.com',1,0,'ZZWNMi1BN4WAzZN'),(307,410,145,'Gersonelgato_@hotmail.es',2,0,'yWyZBYZBjZlUYjT'),(308,406,145,'karensuceli-@hotmail.es',2,0,'m3FYMThYZNMU4Ww'),(309,NULL,145,NULL,0,0,'ckwOTywQcNDZQDZ'),(310,NULL,145,NULL,0,0,'JjYNy5YUlNZZNDF'),(311,426,145,'Diegoordones@hotmail.com',2,0,'MUzNQ2YWWY3hY3F'),(312,300,145,'Platerodianambm@gmail.com',2,0,'jxjJYhmNWGAYFWQ'),(313,362,145,'MARIO.NLC@HOTMAIL.COM',2,0,'MNOiG3yRTMWZMzN'),(314,367,145,'bio_2jic@hotmail.com',2,0,'zmYhZNkZT0MGyDh'),(315,297,145,'hectormiguel1112@gmail.com',2,0,'lOZ3OzD02DMMUkz'),(316,416,145,'azucena.dl.2809@gmail.com',2,0,'iYIOjRDW5T2TZiW'),(317,303,145,'Luisa.crispin07@gmail.com',2,0,'YVidjxJZATmNQZW'),(318,411,145,'katiatobias76@gmail.com',2,0,'MOTMiRMyglOkONN'),(319,405,145,'fernando.dardon13@gmail.com',2,0,'MGkMZkmT1ZYDMYj'),(320,409,145,'rodrigoortizps3@gmail.com',2,0,'W2kGj4zzzkYZ5zZ'),(321,384,145,'fmwbarrios@gmail.com',2,0,'2m4IZMBwQEIINMT'),(322,383,145,'luisxuya12@gmail.com',2,0,'MGNUNNzcMjzmlzZ'),(323,357,145,'alevivi2501@hotmail.com',2,0,'l3M2z2NzNTZ3MTZ'),(324,308,145,'luquefeller@hotmail.com',2,0,'ATcQWjDmZDDkEWw'),(325,312,145,'luquefeller2@hotmail.com',2,0,'jmzMVFNY2j5z3xw'),(326,424,145,'aaronsishernandez@gmail.com',1,0,'EY1myIMjYYzzABY'),(327,NULL,145,NULL,0,0,'OzZhmd4jQlEDIQl'),(328,415,145,'selvynn19@gmail.com',2,0,'1wYkYNN4MjD5jTM'),(329,418,145,'jeffmarro@gmail.com',2,0,'jNIGNMiNY4kzFMm'),(330,310,145,'johao.marroquin@gmail.com',2,0,'z5M2UMYiEw1WMYz'),(331,437,145,'fernandamarroquin.h@gmail.com',2,0,'DEM5QM2NNGTIxmJ'),(332,NULL,145,NULL,0,0,'I3mjTTlNJYjTZmj'),(333,417,145,'Madelyn.pablico@gmail.com',2,0,'kyZNijYMMNMMzMZ'),(334,NULL,145,NULL,0,0,'NNOjQj3hcN2jmjZ'),(335,NULL,145,NULL,0,0,'0U5zIjc1xY5IOWM'),(336,NULL,145,NULL,0,0,'mzzNYMJ4ZImlEMl'),(337,NULL,145,NULL,0,0,'O0GWNZTFMZ0O2jm'),(338,399,145,'carcdiaz@gmail.com',2,0,'jMDEQ03N2OG32m0'),(339,NULL,145,NULL,0,0,'kTZzQMDTTZMmTk2'),(340,315,145,'Jadafriend@gmail.com',2,0,'kGGTMQjRiF4y2Tk'),(341,NULL,145,NULL,0,0,'Q4wjmk0ZEFNz3Yg'),(342,343,145,'danycrak8@icloud.com',2,0,'2YM5MMwTDZBzEYh'),(343,378,145,'Discomovilgt@gmail.com',2,0,'YNxwUWY2g0NMYzj'),(344,366,145,'michasalguero11@gmail.com',2,0,'QMmmMzkRORxmZAi'),(345,370,145,'saulys17@yahoo.com',1,0,'WIwTNG30RZW1MND'),(346,448,145,'joselynaceituno@gmail.com',2,0,'RGjzTTTODxzhDBO'),(347,NULL,145,NULL,0,0,'DMVMGNhWIZwOmDl'),(348,447,145,'robertososa77@yahoo.es',2,0,'5ZiWIYFhYhOwNME'),(349,NULL,145,NULL,0,0,'Ulgxi0Z4YGhT3lM'),(350,NULL,145,NULL,0,0,'2M15NEUMIgWYYOF'),(351,NULL,145,NULL,0,0,'xjB4ZYMZDDzyi12'),(352,NULL,145,NULL,0,0,'NN1ZzY2lzGcw0zi'),(353,NULL,145,NULL,0,0,'GhwUmROIDMYOikF'),(354,NULL,145,NULL,0,0,'yMkMjZkxiTjNMWN'),(355,NULL,145,NULL,0,0,'0TYDwYYQDJMRQMO'),(356,NULL,145,NULL,0,0,'EMDZN0MZ3gZZjUm'),(357,452,145,'Ericksamuel1996@hotmail.com',2,0,'JZx5YlyZz3kYzMM'),(358,NULL,145,NULL,0,0,'E4wyTONTMDNYU0x'),(359,NULL,145,NULL,0,0,'TEiZGTmNBiR30NV'),(360,NULL,145,NULL,0,0,'zTDmDmTQWZNwDkO'),(361,143,145,'andreesmarroquin28@gmail.com',2,0,'mZ2MyziNDg5lOyT'),(362,154,145,'josepablomarroquingalvez@gmail.com',2,0,'kgMATyZZmTiMNwM'),(363,83,145,'SOFTWAREDNB@GMAIL.COM',2,0,'MMmNYRNYjmjhOU2'),(364,87,145,'marthamariamoralesl@gmail.com',2,0,'Y2TWNxNE5VOMZMF'),(365,99,145,'Leonoriegagt11@gmail.com',1,0,'wjOATjM02MmUmyV'),(366,137,145,'jose.angell.pe@gmail.com',1,0,'mQMzMMzYZYkwjOI'),(367,53,145,'jahr3011@gmail.com',2,0,'4j2DUYYDm2Jyzkz'),(368,56,145,'jahr3011@outlook.es',2,0,'zNTjDZZMDm4B3ND'),(369,65,145,'mrcp_1902@hotmail.com',2,0,'YNkWQZyTjT0MZih'),(370,66,145,'000m3g@gmail.com',2,0,'wI0EmON0IkkT42N'),(371,59,145,'kikeagustin7@gmail.com',2,0,'NZYWj3WYNIx21mj'),(372,NULL,145,NULL,0,0,'2Zm2OA5jmmYicGM'),(373,98,145,'jralvarez31ra@gmail.com',2,0,'z5zOcdMjmY3UxY0'),(374,101,145,'martinez.samy@hotmail.com',2,0,'4iRTzYMYUjEB5O4'),(375,241,145,'ereyesumg@hotmail.com',2,0,'YWMVYAGyYUEzY0z'),(376,NULL,145,NULL,0,0,'YGW25lMWFzNyzMG'),(377,114,145,'yarssinio@hotmail.com',2,0,'Z24jMjWTmYYm4jN'),(378,NULL,145,NULL,0,0,'JYYZTgJQjQhAONT'),(379,63,145,'samayoa1999@hotmail.com',2,0,'NN2Yy3Y2NYlYMRZ'),(380,402,145,'alexander-1901@hotmail.com',2,0,'mhyNjmWJwQy4JiM'),(381,148,145,'diegomeadow96@icloud.com',2,0,'jmj2M2jIMlWiEGx'),(382,372,145,'bellaelimendez2013@gmail.com',2,0,'DlmM2cYlWO2NWMl'),(383,57,145,'waleskaramirez13@gmail.com',1,0,'GZONlNMzNMwGm43'),(384,NULL,145,NULL,0,0,'5QMYjNjNmD3YTZm'),(385,64,145,'alexpubli2012@gmail.com',2,0,'2Ny2NzVzNElYzMU'),(386,NULL,145,NULL,0,0,'TNTMN1GZ2YjYjhM'),(387,75,145,'melisamontiel19@gmail.com',1,0,'hxWjNM1MMMM4xET'),(388,108,145,'Flash_96_@hotmail.com',2,0,'Dw2O2lMY0E0TWkx'),(389,132,145,'gio_zx_12@hotmail.com',2,0,'MWRjNZMhczUDQY4'),(390,133,145,'die-g-ini@hotmail.com',1,0,'ZWANBmOmjMwMzDl'),(391,60,145,'albertougarte23@gmail.com',2,0,'MWZMTMliFxNz32U'),(392,NULL,145,NULL,0,0,'Z3DAjUkTjYTNmOG'),(393,58,145,'sharon.MAriana001@gmail.com',2,0,'UIjzVORMNhDMzAJ'),(394,NULL,145,NULL,0,0,'NAJZE2TzMYGMhZY'),(395,54,145,'leslyrobles@hotmail.es',1,0,'AzTmx2NDMWjwMMT'),(396,NULL,145,NULL,0,0,'WjUjlzFWQk3YjYz'),(397,68,145,'aalexbassel@gmail.com',2,0,'ZYhYMjyINJZOJMh'),(398,NULL,145,NULL,0,0,'52ZDZM1Nm4FOwiO'),(399,NULL,145,NULL,0,0,'gYdzkNjTlDljJmO'),(400,NULL,145,NULL,0,0,'GmmUhMNOjMNTZck'),(401,69,145,'julio_4345@hotmail.com',2,0,'NxTUYDxjRMM05hM'),(402,112,145,'sumejia2707@hotmail.com',2,0,'kV2zMMNIyMNN0NY'),(403,NULL,145,NULL,0,0,'EM5jATMNmN2ZOON'),(404,NULL,145,NULL,0,0,'NGhOhjTN2Mz0ZZJ'),(405,439,145,'monicarenee@hotmail.es',1,0,'Vg1NNNhQgAm2TYj'),(406,443,145,'josueale2809@gmail.com',1,0,'jycOMMY1zBMki2A'),(407,113,145,'tiffanyc10@gmail.com',2,0,'j4FIjhiiyYlhFTw'),(408,118,145,'pollo_2529@hotmail.com',2,0,'mFmiN1GZUNdZYWN'),(409,NULL,145,NULL,0,0,'BQYxjTxINhZwljZ'),(410,NULL,145,NULL,0,0,'NDUcTmUOzNZYY2g'),(411,72,145,'luisgut87@gmail.com',2,0,'G1mUV2VYNTMNzFh'),(412,NULL,145,NULL,0,0,'QMNYhljOM4ixAIZ'),(413,73,145,'fjap401@gmail.com',2,0,'hTjMj3G3FTYNQZm'),(414,NULL,145,NULL,0,0,'NjJgZMMdOM2YjjN'),(415,85,145,'kluna5210@hotmail.com',2,0,'T1jZiRAGQZYDlZx'),(416,88,145,'ebeatrizalonzog@gmail.com',2,0,'wNMNmYVIVmlWO0i'),(417,97,145,'ebatzful@gmail.com',2,0,'mBDOZiM2zD1MBM2'),(418,110,145,'jteque95@gmail.com',2,0,'k0MmDTZNdZZ0MZ4'),(419,153,145,'pancho.sand72@gmail.com',2,0,'kGNMTmYgNRYNjyI'),(420,84,145,'charliegt77@gmail.com',2,0,'YZMMTYzlDM2INzY'),(421,77,145,'jcb-25@outlook.es',2,0,'MMNzzzMkMMMhWEd'),(422,78,145,'zeldamajoras2@gmail.com',2,0,'NjcZMhJ2ZgV2TYM'),(423,236,145,'sliferderious@hotmail.com',1,0,'ljBJQTIzEOmm1xj'),(424,181,145,'Cedavila1@gmail.com',2,0,'ZEwlxQjWYYwIUNT'),(425,NULL,145,NULL,0,0,'ZmTNwIGFBOZNO4Y'),(426,76,145,'melissa@solares.com',2,0,'ZYB5ZOxT5QRjxmN'),(427,134,145,'Desco_wasewe@hotmail.com',1,0,'mQO2QDDVzkTZJTM'),(428,131,145,'giovanni.orrego2015@gmail.com',2,0,'5mcElMzT4OzhkN0'),(429,79,145,'Andrea28288@hotmail.com',2,0,'clZTkZZjOj0VEjI'),(430,80,145,'jpablovelazquezl@gmail.com',2,0,'MTMDMzM02QYEhzI'),(431,117,145,'96.alejo@gmail.com',1,0,'Y2ZDcNYUNMTmMZN'),(432,NULL,145,NULL,0,0,'Dm2NhZ0ABNOQMYI'),(433,81,145,'sebasestrada98@hotmail.com',2,0,'ZT1NOkNgwTjlYUR'),(434,82,145,'mendoza.xavi@gmail.com',2,0,'G2YNWQJ1TZO4DOz'),(435,NULL,145,NULL,0,0,'OJMZWjNxjMEkwNN'),(436,NULL,145,NULL,0,0,'Ujm1OjYTZWk22TW'),(437,141,145,'luisdaniel5616@gmail.com',2,0,'TDlzcNNOZkYz2Ox'),(438,116,145,'urizarallan@gmail.com',2,0,'ZzikcM5ljwD0EYN'),(439,90,145,'jose.642008@hotmail.com',2,0,'WimGkN2zWGcNNE2'),(440,93,145,'EDWIN_VASQUEZ@HOTMAIL.ES',2,0,'W2TjNZByJiMTcTD'),(441,96,145,'elenayecp@hotmail.com',2,0,'ZMEE4RDZwOh5j3k'),(442,111,145,'aesteban_1996@hotmail.com',2,0,'WBjWIMZMRjTlM0y'),(443,89,145,'bryan20240@gmail.com',2,0,'5N0TYTc0TgRDZjQ'),(444,107,145,'pandysteven@gmail.com',2,0,'YOjNWj42NYNOTJh'),(445,NULL,145,NULL,0,0,'mxM2WYYGDVZcOZM'),(446,92,145,'emanuel.escobarg@hotmail.com',2,0,'MYTYYM5DhkiGZjY'),(447,91,145,'Sebastianolivardia@hotmail.com',2,0,'MmN5FJyMzWWNMcT'),(448,166,145,'gaceitunoig@gmail.com',2,0,'ENZGkhDyJNDzMGZ'),(449,95,145,'danilosanchis@hotmail.com',2,0,'NMZNDmAMDNzl1ZE'),(450,123,145,'giovanni_orrego@hotmail.com',2,0,'ImjRZZYZMjQx4mk'),(451,135,145,'marvin18-@hotmail.com',2,0,'TFwWWYDR0DFQmYM'),(452,NULL,145,NULL,0,0,'j3YZMUjxhzJMAOT'),(453,NULL,145,NULL,0,0,'Mj522YiEFDjNNMY'),(454,102,145,'chico-listo98@hotmail.com',2,0,'jNxZTZkmjYZONYM'),(455,155,145,'omarletonaf@gmail.com',2,0,'jZNTOG5NjZOGkwO'),(456,100,145,'cristiansicay.2c2012@gmail.com',2,0,'WTNjYw1MzgIjjMM'),(457,103,145,'dennisbarrios11@hotmail.com',2,0,'jWMh3jQZg2jMdmi'),(458,NULL,145,NULL,0,0,'IEZFi1Ow21YjjQk'),(459,104,145,'felipechavezdj@gmail.com',1,0,'mZTgNQZmjzIOBzZ'),(460,NULL,145,NULL,0,0,'M4IkDWZAFjhx1Zl'),(461,122,145,'pjcampoo@hotmail.com',2,0,'j5YgiFYFUjTZNzw'),(462,130,145,'melannieengel@outlook.com',2,0,'UZMZgTYYYNO1wWN'),(463,NULL,145,NULL,0,0,'ZRDWZwkjQNMmUQj'),(464,NULL,145,NULL,0,0,'TMxW2NjwiNVkYJz'),(465,NULL,145,NULL,0,0,'Yy20mMh3YNz2FQY'),(466,NULL,145,NULL,0,0,'YmjT20QY02z5wTW'),(467,NULL,145,NULL,0,0,'E2TDQOgjExg2NDY'),(468,NULL,145,NULL,0,0,'NGYEjMOYNYNZwYJ'),(469,NULL,145,NULL,0,0,'UQJQOYjTNM2NwwW'),(470,NULL,145,NULL,0,0,'D2ZGYYl1FYYjxEN'),(471,NULL,145,NULL,0,0,'M2O25h2gTZNlgFw'),(472,NULL,145,NULL,0,0,'zZ2AGO2MwFdzNMm'),(473,NULL,145,NULL,0,0,'zNZMAEZhUWlN4Y1'),(474,NULL,145,NULL,0,0,'lk0xTMYiVIi5DM3'),(475,74,145,'lagutierrez@pcomercial.com.gt',1,0,'k4kMiWO2WZWWT0N'),(476,45,145,'larealacademiadelripio@gmail.com',1,0,'GDlkIlNZMkMDTEE'),(477,41,145,'jflores@kliktickets.com',1,0,'xM2WmxYhiTjzOQJ'),(478,1,145,'cloarca.ios@gmail.com',1,0,'uxM2YthiTjxzOQJ'),(479,NULL,148,NULL,NULL,1,'NNw1YRZM2ZZkFYT'),(480,NULL,148,NULL,NULL,1,'j0MOZy0ODhGYGgA'),(481,NULL,148,NULL,NULL,1,'OYA2TwVY4TlNNO5'),(482,NULL,148,NULL,NULL,1,'yYOINWNEMymZdjx'),(483,NULL,148,NULL,NULL,1,'WFIM2YUYYTMT3Nm'),(484,NULL,148,NULL,NULL,0,'hOYWG0MjEmIiI2m'),(485,NULL,148,NULL,NULL,0,'ZjDFigMQlYMlNmj'),(486,NULL,148,NULL,NULL,0,'2JDdMmzY2QNTO4W'),(487,NULL,148,NULL,NULL,0,'mQMNZcMzg1DQZNT'),(488,NULL,148,NULL,NULL,0,'RYQMMjkiWWTZNTI'),(489,NULL,148,NULL,NULL,0,'3FGMURiZG0hhNjQ'),(490,NULL,148,NULL,NULL,0,'jdMhZdQN5DY5iZM'),(491,NULL,148,NULL,NULL,0,'llDGNM1k5YkDxZZ'),(492,NULL,148,NULL,NULL,0,'YYV2TGkmgmFNY2k'),(493,NULL,148,NULL,NULL,0,'NMZZDN23GOcEzT1'),(494,NULL,148,NULL,NULL,0,'3NYNZYwEMlzZMTO'),(495,NULL,148,NULL,NULL,0,'YhWmygDMWjwjwEz'),(496,NULL,148,NULL,NULL,0,'UGZzYYETO3jNYGm'),(497,NULL,148,NULL,NULL,0,'34EOTNT3Qm2132D'),(498,NULL,148,NULL,NULL,0,'zWNYEAjM12yDwZZ'),(499,1,148,'cloarca.ios@gmail.com',1,0,'mNgm2YZUm2EmyQj'),(500,NULL,148,NULL,NULL,0,'zYDYTBZk5YgNNTm'),(501,NULL,148,NULL,NULL,0,'lZYwNjzNBNJhEZ0'),(502,44,148,'lquinteros@luisafquinteros.com',1,0,'MZUJZ43YOkQJQMN'),(503,41,148,'jflores@kliktickets.com',1,0,'MNmjz1YITTmNM5J'),(504,26,149,NULL,0,0,NULL),(505,NULL,149,'rodriguezcarolina086@gmail.com',0,0,NULL),(506,3,149,NULL,0,1,NULL),(507,26,150,NULL,0,0,NULL),(508,NULL,150,'rodriguezcarolina086@gmail.com',0,0,NULL),(509,26,151,NULL,0,0,NULL),(510,NULL,151,'rodriguezcarolina086@gmail.com',0,0,NULL),(511,26,152,NULL,0,0,NULL),(512,NULL,152,'rodriguezcarolina086@gmail.com',0,0,NULL),(513,26,153,NULL,0,0,NULL),(514,NULL,153,'rodriguezcarolina086@gmail.com',0,0,NULL),(515,26,154,NULL,0,0,NULL),(516,NULL,154,'rodriguezcarolina086@gmail.com',0,0,NULL),(517,26,155,NULL,0,0,NULL),(518,NULL,155,'rodriguezcarolina086@gmail.com',0,0,NULL),(519,26,156,NULL,0,0,NULL),(520,26,157,NULL,0,0,NULL),(521,NULL,157,'rodriguezcarolina086@gmail.com',0,0,NULL),(522,26,159,NULL,0,0,NULL),(523,NULL,159,'rodriguezcarolina086@gmail.com',0,0,NULL),(524,26,160,NULL,0,0,NULL),(525,NULL,160,'rodriguezcarolina086@gmail.com',0,0,NULL),(526,3,160,NULL,0,1,NULL),(527,26,161,NULL,0,0,NULL),(528,1,161,NULL,2,0,NULL),(529,NULL,161,'hrevolorio.ios@gmail.com',0,1,NULL),(530,26,162,NULL,2,0,NULL),(531,1,162,NULL,0,0,NULL),(532,7,162,NULL,0,0,NULL),(533,2,162,NULL,0,0,NULL),(534,NULL,162,'metalcrowley@gmail.com',0,0,NULL),(535,NULL,162,'hrevolorio.ios@gmail.com',0,1,NULL),(536,NULL,162,'rodriguezcarolina086@gmail.com',2,1,NULL),(537,NULL,163,'sammedina406@gmail.com',0,0,NULL),(538,NULL,163,'nataliemedina1243@gmail.com',3,0,NULL),(539,441,145,'Otto_fernando@outlook.com',1,0,'MEZZyWMZMZ12hkM'),(540,NULL,145,NULL,0,0,'YxODTYJkjMTl2RW'),(541,NULL,145,NULL,0,0,'Tj4RYRBY0zG4Ejj'),(542,NULL,145,NULL,0,0,'NYT11MDTY0TDZkO'),(543,NULL,145,NULL,0,0,'MDjwczMkzYjEITZ'),(544,NULL,145,NULL,0,0,'ZjO3mTjiwVhIMTY'),(545,NULL,145,NULL,0,0,'1iMZRlyj2WjVzNN'),(546,NULL,145,NULL,0,0,'NMNGlY0j4hyU2xM'),(547,NULL,145,NULL,0,0,'MZY51zYjTEkzcTm'),(548,NULL,145,NULL,0,0,'1MNWGTFZNxGTmlM'),(549,NULL,145,NULL,0,0,'NUMQmDz4mQIj2Fh'),(550,403,145,'Christianrodas9812@gmail.com',2,0,'0VBIwMQMlgmYBZi'),(551,421,145,'marcianitamartinez70@gmail.com',2,0,'IV0mYRxY1YTj1Zj'),(552,392,145,'cvaldezcaceres@gmail.com',2,0,'DIiTNmQGOwMJNU2'),(553,436,145,'veliz_arydg@hotmail.com',2,0,'NWkYYTYiNZ5hJND'),(554,374,145,'jcsamayoa08@gmail.com',2,0,'JggNTM4MMZMzZDg'),(555,NULL,145,NULL,0,0,'ZjZYjmyN1NUMMQN'),(556,NULL,145,NULL,0,0,'UYDM5MD0TNYTDjT'),(557,NULL,145,NULL,0,0,'wDjZI1NDUMT0M1O'),(558,NULL,145,NULL,0,0,'YNwMmmJDzMTG25N'),(559,429,145,'brandonomarmaldonado@gmail.com',2,0,'NRZ1YzNEjYUNGwW'),(560,433,145,'juano.o154@gmail.com',2,0,'kAZEmkEAMjxQT5Y'),(561,NULL,145,NULL,0,0,'4MjMTmYOQNZMTNV'),(562,404,145,'pepis_20993@hotmail.com',2,0,'MYYJQzTWNQTMjkZ'),(563,408,145,'hugohazboun@hotmail.com',2,0,'MwWMUQMcWVi1yzj'),(564,NULL,145,NULL,0,0,'5NIgGjjYMTjMjG4'),(565,NULL,145,NULL,0,0,'1YQFDmzD5NjW11h'),(566,NULL,145,NULL,0,0,'MMQizQmVxYEz1z4'),(567,431,145,'fjmatheu11@gmail.com',1,0,'TMW1QQ2G3mExhNN'),(568,432,145,'porras861@hotmail.com',1,0,'wNWGgGjZwOzkzQw'),(569,NULL,145,NULL,0,0,'TYNymYYixVEYQjY'),(570,NULL,145,NULL,0,0,'DYlDOOzVUMYGAMQ'),(571,413,145,'alobarribarrios@gmail.com',2,0,'MT3YO24RYzMMcyj'),(572,420,145,'eddyskate1999@gmail.com',2,0,'Mld5zW2DMGY4Y25'),(573,391,145,'isa281@gmail.com',2,0,'hjONME0JMNYFT5D'),(574,435,145,'henryivara@gmail.com',2,0,'j2T2ZFNDjdmNNYN'),(575,438,145,'vito_moran@live.com',2,0,'0mDjEkRN1E1IMY2'),(576,NULL,145,NULL,0,0,'TiDcym1JjMZAMMh'),(577,NULL,145,NULL,0,0,'y1kDdZT2zWTzIZM'),(578,NULL,145,NULL,0,0,'GmQEZO31MThMDF2'),(579,430,145,'vladi_85@hotmail.com',2,0,'zRNYENYTANWNYDM'),(580,NULL,145,NULL,0,0,'2ZMxiZkYOmkx1MR'),(581,NULL,145,NULL,0,0,'WMQUjQWDD3EZM1N'),(582,NULL,145,NULL,0,0,'YYMwQMF1djz1MYT'),(583,NULL,145,NULL,0,0,'GjN1gYkMNMDQMDQ'),(584,NULL,145,NULL,0,0,'WMU5FWmYZN4MYYZ'),(585,NULL,145,NULL,0,0,'YhWONGYDD2jAyml'),(586,440,145,'sofialopezu@gmail.com',2,0,'MYNNDcy2hNMYjZz'),(587,434,145,'analu.castillo826@gmail.com',1,0,'EWD5W2mNjxDRWOB'),(588,NULL,145,NULL,0,0,'gMJm5NDDGyjYNDT'),(589,NULL,145,NULL,0,0,'xI4DjJhyiYQDyNN'),(590,NULL,145,NULL,0,0,'wmxTdMwNWM4jjVY'),(591,419,145,'pablomendoza.loyola@gmail.com',2,0,'UZ2DOjMzUWJWyjY'),(592,428,145,'fr8ruchini@gmail.com',2,0,'EENiYYc2UjwjMDA'),(593,NULL,145,NULL,0,0,'Th2DQZkyMGZADTN'),(594,NULL,145,NULL,0,0,'Z53NmZZYkj5zzZZ'),(595,423,145,'chechinchechin98@hotmail.com',2,0,'UMMyZlTGzhD1DTR'),(596,427,145,'majo-tutu@hotmail.com',2,0,'TGi2cmQN2YmIZjG'),(597,459,145,'flowr_emy@hotmail.com',2,0,'15xIOjWI0MjY2xE'),(598,NULL,145,NULL,0,0,'ZF5MkTjzRYQ323j'),(599,NULL,145,NULL,0,0,'4jNV5YTTcEMUzDM'),(600,NULL,145,NULL,0,0,'IwNQNTzGYkJMNNO'),(601,414,145,'andrinolester@gmail.com',2,0,'jDNOVjYijlkZcQk'),(602,NULL,145,NULL,0,0,'wOIYgMjhgwFy2kB'),(603,NULL,145,NULL,0,0,'TDmBmTYZMzkE2Zj'),(604,NULL,145,NULL,0,0,'zJUxMNM4YiYDYTx'),(605,NULL,145,NULL,0,0,'DIZMUxjkNIMzZjZ'),(606,NULL,145,NULL,0,0,'N1DmMNONzYxgDzB'),(607,NULL,145,NULL,0,0,'FVWhjNjRNUZJUZz'),(608,NULL,145,NULL,0,0,'JNwYTDcD3OOzjNN'),(609,NULL,145,NULL,0,0,'MDmYmYhhQzwUMcR'),(610,454,145,'mario_monroy123ap@hotmail.com',2,0,'zcm0YAAUNi5ODjz'),(611,465,145,'luismon2006@yahoo.com',2,0,'Y1jEMmYDYGQ2Zzh'),(612,466,145,'chrisroldan95@gmail.com',2,0,'hyDW5T4DDYNYNi0'),(613,442,145,'jhonykaztle@gmail.com',2,0,'ZMTBQmQDhwidl5T'),(614,NULL,145,NULL,0,0,'3IOmDNmAMDiWZ1M'),(615,445,145,'garvey137@hotmail.com',2,0,'h3TTMhy3YMRjWWx'),(616,446,145,'Ricardolunap28@gmail.com',1,0,'OTZDhjUDZgjzDON'),(617,NULL,145,NULL,0,0,'ZBhTMDONk2UZEYQ'),(618,460,145,'lcalderonpena@gmail.com',2,0,'YlIzNZlmBhWNiyN'),(619,464,145,'wellingtondonis@hotmail.es',1,0,'RQmWNQWNYMNF4jN'),(620,NULL,145,NULL,0,0,'MJAFAjxYjOlNGYM'),(621,NULL,145,NULL,0,0,'EMUDMTT5D1w4MGM'),(622,NULL,145,NULL,0,0,'M3lYIVY2wzMMZUW'),(623,NULL,145,NULL,0,0,'QEG4ENM1QUATZZ5'),(624,NULL,145,NULL,0,0,'NUM3OhVM0mk1jD1'),(625,462,145,'andres.calderon94@hotmail.es',2,0,'YMOQMYIz2Njlkmm'),(626,444,145,'Srodasdg@gmail.com',1,0,'22M4NxjYEYl3jET'),(627,456,145,'josewongg@gmail.com',2,0,'EDNh1MNj3GhZmmN'),(628,NULL,145,NULL,0,0,'jZOyjNOW3MAMmTG'),(629,NULL,145,NULL,0,0,'5DYWOiUZYU0BjWm'),(630,NULL,145,NULL,0,0,'zZ1kMQNTTUkOmRT'),(631,NULL,145,NULL,0,0,'QcENNgRM4zlMMj3'),(632,NULL,145,NULL,0,0,'V0NANm1Dj3mW4M3'),(633,NULL,145,NULL,0,0,'TAwxk0MYUzQTDAT'),(634,NULL,145,NULL,0,0,'04NMF4AWxNOM0N5'),(635,NULL,145,NULL,0,0,'kkQxlTYMMJ1YD0Q'),(636,NULL,145,NULL,0,0,'cY2ZDyDElZ1DyWY'),(637,NULL,145,NULL,0,0,'IUliDT2TNNQlDwj'),(638,NULL,145,NULL,0,0,'NDNTkQMwzzG2MjE'),(639,NULL,145,NULL,0,0,'WjYNmTYzikZkxFU'),(640,NULL,145,NULL,0,0,'VZYONjY0ZOGwIRU'),(641,NULL,145,NULL,0,0,'jEwUIVZIMGFhTOz'),(642,NULL,145,NULL,0,0,'GIYNN1TAREWDwGY'),(643,NULL,145,NULL,0,0,'YjzGiMGQNmzQWQM'),(644,NULL,145,NULL,0,0,'MGjM4MGjBMjYOZN'),(645,NULL,145,NULL,0,0,'iNNNgNkkkUMT3QO'),(646,NULL,145,NULL,0,0,'MM51DIO312T2TmY'),(647,NULL,145,NULL,0,0,'UcZiZYUTlmlTlyV'),(648,NULL,145,NULL,0,0,'gDhzMYYYMTm3NjY'),(649,NULL,145,NULL,0,0,'GDIkVzzNcMziAwN'),(650,NULL,145,NULL,0,0,'MNU33ZZcjjTNYMh'),(651,NULL,145,NULL,0,0,'McTzY0WN442DdUN'),(652,NULL,145,NULL,0,0,'ikiIOYEdFMMhWj5'),(653,NULL,145,NULL,0,0,'43ZZj1EkyN2zUzJ'),(654,NULL,145,NULL,0,0,'YMmJh1GQkyNOw2i'),(655,NULL,145,NULL,0,0,'2TcMQjYM5YY3zM4'),(656,NULL,145,NULL,0,0,'NZW5DD5TzTDGMTI'),(657,NULL,145,NULL,0,0,'NNjBmlMkMNmY4mj'),(658,NULL,145,NULL,0,0,'QMFDOI2MmYNDkNT'),(659,NULL,145,NULL,0,0,'Vjh0NOyUgR0RTMj'),(660,NULL,145,NULL,0,0,'ZjM2EIYxjhYzMTN'),(661,NULL,145,NULL,0,0,'ImY4Ol0lNizDID3'),(662,NULL,145,NULL,0,0,'R2jcxjW0kNc0YZ0'),(663,NULL,145,NULL,0,0,'zjYElwZMlDNONDQ'),(664,NULL,145,NULL,0,0,'ZDhODDNTMMYw2yk'),(665,NULL,145,NULL,0,0,'MVNkJjEOlMRTcIZ'),(666,NULL,145,NULL,0,0,'IZ2YUlw3ZMMdlYI'),(667,NULL,145,NULL,0,0,'NMjmcWwMZB1MQzI'),(668,NULL,145,NULL,0,0,'QMNWEOz2zZW1mzQ'),(669,NULL,145,NULL,0,0,'yD3yOZ2iJ2iYYME'),(670,NULL,145,NULL,0,0,'jNZzmZ5ZY2Njmjy'),(671,NULL,145,NULL,0,0,'MNyNzzjzND5zj4N'),(672,NULL,145,NULL,0,0,'4WYlNTZwTQYMZYY'),(673,NULL,145,NULL,0,0,'hjOE1WMjQTVM5mB'),(674,NULL,145,NULL,0,0,'FTzFTMzwQzTNVZU'),(675,NULL,145,NULL,0,0,'NNTmwZYkNjZhMiM'),(676,NULL,145,NULL,0,0,'M4GZEMYmOwQ1Yi2'),(677,NULL,145,NULL,0,0,'jmMYNMZzz43kMIM'),(678,NULL,145,NULL,0,0,'WkWTlFMWOjjMMIg'),(679,NULL,145,NULL,0,0,'YwM1ZI54wWYYmMF'),(680,NULL,145,NULL,0,0,'1MTYZ2jGT0YyjjW'),(681,NULL,145,NULL,0,0,'mFMNwzDADj2IYMh'),(682,NULL,145,NULL,0,0,'YDxNU1MmEMMmEOT'),(683,NULL,145,NULL,0,0,'YZZQYINTW0MmMmk'),(684,NULL,145,NULL,0,0,'iZDNiU3MY1Y1E5U'),(685,NULL,145,NULL,0,0,'Y2zmExJZjZM4kMN'),(686,NULL,145,NULL,0,0,'Tz4RMw5OMmkDMkT'),(687,NULL,145,NULL,0,0,'MjNmNYzDNmhDNOZ'),(688,NULL,145,NULL,0,0,'QDOYYxNN2MlZ2zN'),(689,NULL,145,NULL,0,0,'RMkYNYiMT1TjNNT'),(690,NULL,145,NULL,0,0,'YTTmUUNx2ywiYzD'),(691,NULL,145,NULL,0,0,'x2ZTMcMDZyGjjhz'),(692,NULL,145,NULL,0,0,'IVQZckTWyYGNDm0'),(693,NULL,145,NULL,0,0,'MYml4wMgAWUIMGy'),(694,NULL,145,NULL,0,0,'M2TkcQ4kYMOFxzZ'),(695,NULL,145,NULL,0,0,'wMOGj0lk4EzNcmM'),(696,NULL,145,NULL,0,0,'MY2OMmWwYWMI1O0'),(697,NULL,145,NULL,0,0,'WGmZMJBYOMYRjy3'),(698,NULL,145,NULL,0,0,'zNhlZMW2YkjYMTM'),(699,NULL,145,NULL,0,0,'iDNWgGkZlDNYmYW'),(700,NULL,145,NULL,0,0,'mUdwZD20DzYzlZ5'),(701,NULL,145,NULL,0,0,'JZZhRNjillmZjZ2'),(702,NULL,145,NULL,0,0,'MNmjJYYjBOVjiRD'),(703,NULL,145,NULL,0,0,'kDmNG1MDdgZI4wZ'),(704,NULL,145,NULL,0,0,'zkZ1hg5MxTZGTjN'),(705,NULL,145,NULL,0,0,'0YTiM4D0QiMD5ZF'),(706,NULL,145,NULL,0,0,'MjNGMjIOl0OiMI2'),(707,NULL,145,NULL,0,0,'mOJGZjGN5EJjGNA'),(708,NULL,145,NULL,0,0,'MWlMzN2EWzMJODO'),(709,NULL,145,NULL,0,0,'NlNzzhNMZN2TkER'),(710,NULL,145,NULL,0,0,'MQ2NQOmjGFWz5Yk'),(711,NULL,145,NULL,0,0,'4DEZZjGTGwlAyjm'),(712,NULL,145,NULL,0,0,'3IzWZY2ZMNDk4OO'),(713,NULL,145,NULL,0,0,'QmNmVjTZMORJ51k'),(714,NULL,145,NULL,0,0,'1UgDjjZJxRDJjEZ'),(715,NULL,145,NULL,0,0,'GjikmMzh0cYZI5T'),(716,NULL,145,NULL,0,0,'20iIDiDNmmmjiNV'),(717,NULL,145,NULL,0,0,'MlONDQmZM4NOz22'),(718,NULL,145,NULL,0,0,'hjmYV3MN2YyIMlW'),(719,NULL,145,NULL,0,0,'YNZkjz1NMzQB2T5'),(720,NULL,145,NULL,0,0,'TlVMcYk0DGJNMwD'),(721,NULL,145,NULL,0,0,'zlOiQZDmZRycyMT'),(722,NULL,145,NULL,0,0,'zYMZhxGWQg1WTUW'),(723,NULL,145,NULL,0,0,'2ZMZB5jNzWMN1wM'),(724,NULL,145,NULL,0,0,'0RMMAU4gDT3ZOIm'),(725,NULL,145,NULL,0,0,'mNjZYZYiJN5ImlN'),(726,NULL,145,NULL,0,0,'R3Yi1MzgZM1lYUW'),(727,NULL,145,NULL,0,0,'2OETY25YT00yMkZ'),(728,NULL,145,NULL,0,0,'jlNYIOzWDTzMAWM'),(729,NULL,145,NULL,0,0,'UZkEWjJY2hWlTll'),(730,NULL,145,NULL,0,0,'WMMZ2zxmYNEm1NT'),(731,NULL,145,NULL,0,0,'x2M2j3ADc10hDIM'),(732,NULL,145,NULL,0,0,'lWgEzmjl0QUjQ4z'),(733,NULL,145,NULL,0,0,'xhY2NTjONjQOUzM'),(734,NULL,145,NULL,0,0,'MQTIWDhOmMlmT05'),(735,NULL,145,NULL,0,0,'GMYQMOV3jNZThy5'),(736,NULL,145,NULL,0,0,'hYN20QYZNh3YZA2'),(737,NULL,145,NULL,0,0,'M55QMDZZNT1jzWV'),(738,NULL,145,NULL,0,0,'TNgJgN2YMD1BRZU'),(739,NULL,145,NULL,0,0,'mYNWiNiYNVyN4QT'),(740,NULL,145,NULL,0,0,'2zMMYDTZ5YWYyjD'),(741,NULL,145,NULL,0,0,'NYjMljMOdkYZQ1E'),(742,NULL,145,NULL,0,0,'zc0TV53xjZjGZmj'),(743,NULL,145,NULL,0,0,'MUlMY5UiY04NwZy'),(744,NULL,145,NULL,0,0,'ONWBxI0RzNIYgZm'),(745,NULL,145,NULL,0,0,'jF5ZZNIMNzhOTDG'),(746,NULL,145,NULL,0,0,'YDAzYl51OOJYMkG'),(747,NULL,145,NULL,0,0,'jlZzjYMzTYNk4ZO'),(748,NULL,145,NULL,0,0,'N1NiM1wyNjIgzjY'),(749,NULL,145,NULL,0,0,'0YmYZQZUEMNIk3m'),(750,NULL,145,NULL,0,0,'NdNMW2RDTw13OZm'),(751,NULL,145,NULL,0,0,'NkzMmkgMTFGVmFZ'),(752,NULL,145,NULL,0,0,'YDzMNjOJw3NZ3Mk'),(753,NULL,145,NULL,0,0,'GgQZMTGZGFhJZZT'),(754,NULL,145,NULL,0,0,'EWjEQMmMNmxDZ20'),(755,NULL,145,NULL,0,0,'lOMmgORY5imZZGN'),(756,NULL,145,NULL,0,0,'mMIJYMZTNxZQjZj'),(757,NULL,145,NULL,0,0,'WTkNQkJh4JENmVT'),(758,NULL,145,NULL,0,0,'wjZjGTAMZMBZNjY'),(759,NULL,145,NULL,0,0,'cy12zNODlzTmMUB'),(760,NULL,145,NULL,0,0,'ZkNOMDAjY1Y1GIZ'),(761,NULL,145,NULL,0,0,'4OwMDAyWkkTM2IA'),(762,NULL,145,NULL,0,0,'GWMj3zjBYGmQlTm'),(763,NULL,145,NULL,0,0,'jMijUwjZMm2FTRN'),(764,NULL,145,NULL,0,0,'MMmWOGW2NREMU2Z'),(765,NULL,145,NULL,0,0,'JNJiiNizZMYWTxG'),(766,NULL,145,NULL,0,0,'NDMO0NNUOIxl1NU'),(767,NULL,145,NULL,0,0,'kNTziYNmN2zVlU1'),(768,NULL,145,NULL,0,0,'0ORWmyDMDTN0NNW'),(769,NULL,145,NULL,0,0,'DWGRDZYTTgxVwEM'),(770,NULL,145,NULL,0,0,'5DIzNMmwjZT3mlN'),(771,NULL,145,NULL,0,0,'Z4MmNlMZhQDkTOj'),(772,NULL,145,NULL,0,0,'IMVmTzzIQyzNODY'),(773,NULL,145,NULL,0,0,'xDT3DWYZg4MA1VM'),(774,NULL,145,NULL,0,0,'DWz5VQ1NGclxMjW'),(775,NULL,145,NULL,0,0,'N00zzRYMMZIlYdM'),(776,NULL,145,NULL,0,0,'QcDxzz4z5MNlZMz'),(777,NULL,145,NULL,0,0,'4DUWO2NYZ02y22Y'),(778,NULL,145,NULL,0,0,'w50j5QOjYDhATjM'),(779,NULL,145,NULL,0,0,'OT5N3YZjzI3ZYRk'),(780,NULL,145,NULL,0,0,'NE3YNJNmZNzGBjQ'),(781,NULL,145,NULL,0,0,'OiQyiIYDN3jkhGZ'),(782,NULL,145,NULL,0,0,'ZmAkMA5jkmkNIxO'),(783,NULL,145,NULL,0,0,'32k1OQUTlRmmmEk'),(784,NULL,145,NULL,0,0,'MZxGzA4G5DwNAwj'),(785,NULL,145,NULL,0,0,'cY4jjO4kOYjWBNl'),(786,NULL,145,NULL,0,0,'MMQhkxhZNQWjymG'),(787,NULL,145,NULL,0,0,'kzINTZkkN5kdYYY'),(788,NULL,145,NULL,0,0,'zMzNDAdO5gTDQc4'),(789,NULL,145,NULL,0,0,'j25MyU4WZgOZYI4'),(790,NULL,145,NULL,0,0,'NmOINDTQMO4DjZz'),(791,NULL,145,NULL,0,0,'JTNOUZjjkWiZZN1'),(792,NULL,145,NULL,0,0,'MmDMJYhYRgjW0Nw'),(793,NULL,145,NULL,0,0,'zmBDYD2GOMhghYY'),(794,NULL,145,NULL,0,0,'N0Q5DcY1ZM4YMFE'),(795,NULL,145,NULL,0,0,'MQjNOzGRhBmBNNG'),(796,NULL,145,NULL,0,0,'T3Q3NZMzDjz2QMM'),(797,NULL,145,NULL,0,0,'zkMZJ5zk2TjyzJk'),(798,NULL,145,NULL,0,0,'MDyEjZ0NYzTzTNM'),(799,NULL,145,NULL,0,0,'OVMYzZDZzNDz2Qm'),(800,NULL,145,NULL,0,0,'MWMYRmZ2DN3WU2m'),(801,NULL,145,NULL,0,0,'yYZkxYTmJBZMMjV'),(802,NULL,145,NULL,0,0,'Tm1iRcQgUzFlxz2'),(803,NULL,145,NULL,0,0,'WMiT0iDZDWmMDDU'),(804,NULL,145,NULL,0,0,'NYx2Q5zITzYmQ2k'),(805,NULL,145,NULL,0,0,'GMDIJj1MZkZT4QD'),(806,NULL,145,NULL,0,0,'Jj13zTO3kYJYZRY'),(807,NULL,145,NULL,0,0,'B3Y2hJN3MWNZNNM'),(808,NULL,145,NULL,0,0,'YYWZDGWljy2hMwY'),(809,NULL,145,NULL,0,0,'OZmDj2jykzgNmWY'),(810,NULL,145,NULL,0,0,'lEGJjzzgyYO3TDN'),(811,NULL,145,NULL,0,0,'iMgUjMRzY2WZkYF'),(812,NULL,145,NULL,0,0,'YNYI0NZjmZNjWM2'),(813,NULL,145,NULL,0,0,'DZZ2wMmQIAOIGhw'),(814,NULL,145,NULL,0,0,'j501ZlYOwczNNj2'),(815,NULL,145,NULL,0,0,'GzT1izA3EOGIQGQ'),(816,NULL,145,NULL,0,0,'ZUZDZGYgV1ZQ55z'),(817,NULL,145,NULL,0,0,'MTYQkNZUMMDm5MM'),(818,NULL,145,NULL,0,0,'V2YkiOOlYBkjkQZ'),(819,NULL,145,NULL,0,0,'WAmDYM24BykNzjJ'),(820,NULL,145,NULL,0,0,'zTUQgYWzzxMMUMh'),(821,NULL,145,NULL,0,0,'mYMZAMNEwYiZwTD'),(822,NULL,145,NULL,0,0,'4YNijhYDE0ONZDU'),(823,NULL,145,NULL,0,0,'EG1Ui4YGDYZjMZI'),(824,NULL,145,NULL,0,0,'JkTk1GOjhOMEDRm'),(825,NULL,145,NULL,0,0,'NWzWZ1mwOdMUNYM'),(826,NULL,145,NULL,0,0,'YZkz1JDM0NNhDAN'),(827,NULL,145,NULL,0,0,'YwEzilNMNMTdFNy'),(828,NULL,145,NULL,0,0,'VTjlMNZYBFZxjNW'),(829,NULL,145,NULL,0,0,'TNmkQzYmZMMUQOy'),(830,NULL,145,NULL,0,0,'ThM0Y2EWxGRyMYl'),(831,NULL,145,NULL,0,0,'WlNJOzg2wg4jNjj'),(832,NULL,145,NULL,0,0,'i23OQOMlMjmYNzG'),(833,NULL,145,NULL,0,0,'zzYIwk2jJm2ZNYM'),(834,NULL,145,NULL,0,0,'3Mz0WhYDINNYOgh'),(835,NULL,145,NULL,0,0,'NN0Y4mMNNNMMQMT'),(836,NULL,145,NULL,0,0,'T4DmQNNIYM1Emg4'),(837,NULL,145,NULL,0,0,'QWIOMjNQ04yT3Ej'),(838,NULL,145,NULL,0,0,'yNMkg13EUD1MDEi'),(840,NULL,145,NULL,0,0,'YZITNmzEGZNWkDY'),(841,NULL,145,NULL,0,0,'mNldMI4GIA2N4D2'),(842,NULL,145,NULL,0,0,'ZFk1FTcQNEj2TTY'),(843,NULL,145,NULL,0,0,'BRINYTA4MlM2h2M'),(844,NULL,145,NULL,0,0,'JmZYJ2TNQNjh2l0'),(845,NULL,145,NULL,0,0,'T2hNO3DZZDYBGEY'),(846,NULL,145,NULL,0,0,'wNmkRj22OjdBhYm'),(847,NULL,145,NULL,0,0,'UMk3MNgmNzNMOQT'),(848,NULL,145,NULL,0,0,'25NTyBijMwNQDzU'),(849,NULL,145,NULL,0,0,'ZNwYjGik2V2glzN'),(850,NULL,145,NULL,0,0,'MgyzVkh3Z3mIzDM'),(851,NULL,145,NULL,0,0,'jRmMTYxENY2j1WM'),(852,NULL,145,NULL,0,0,'dhjjDI0ZMNmY4NR'),(853,NULL,145,NULL,0,0,'Z2YRVWdkVx5gzhl'),(854,NULL,145,NULL,0,0,'jBzEiN4MzYTNT0W'),(855,NULL,145,NULL,0,0,'EiWMIYTUNTiWYDZ'),(856,NULL,145,NULL,0,0,'2EJD5jk2lOMmTjc'),(857,NULL,145,NULL,0,0,'lD0M0O3l5ZNANDc'),(858,NULL,145,NULL,0,0,'zOwdMkjzIIFjQw3'),(859,NULL,145,NULL,0,0,'NYTkzQNRy0U3lTD'),(860,NULL,145,NULL,0,0,'GZMOZED2GzZijYM'),(861,NULL,145,NULL,0,0,'NOM2jzlkYTQ2GTU'),(862,NULL,145,NULL,0,0,'NjD4lDMZMMjjZm3'),(863,NULL,145,NULL,0,0,'TDjQNGUGOFQimmG'),(864,NULL,145,NULL,0,0,'YZic1MwdUjZTMNm'),(865,NULL,145,NULL,0,0,'wz02jkNjFzhEjhz'),(866,NULL,145,NULL,0,0,'ONMZYJMNZD4MTzE'),(867,NULL,145,NULL,0,0,'MmjhMI2TTYODY5T'),(868,NULL,145,NULL,0,0,'ZMkmzjQYEMMWj21'),(869,NULL,145,NULL,0,0,'d5OGO42Mkj0BZMM'),(870,NULL,145,NULL,0,0,'jzDTMV2DjMUBNmj'),(871,NULL,145,NULL,0,0,'ZAYgDOFmxT0QDTj'),(872,NULL,145,NULL,0,0,'Qh4UIZjZE3MMNZQ'),(873,NULL,145,NULL,0,0,'DZTN3TNNlBWONZM'),(874,NULL,145,NULL,0,0,'YFINNTZNh3MwNkc'),(875,NULL,145,NULL,0,0,'kOTzzlym00cOM4M'),(876,NULL,145,NULL,0,0,'RkzjZYQYMOzjJ3O'),(877,NULL,145,NULL,0,0,'jY5ZDjAhQYTYMGG'),(878,NULL,145,NULL,0,0,'UZUlTmDkzNNMh42'),(879,NULL,145,NULL,0,0,'YmJdMZMMwzhMzmN'),(880,NULL,145,NULL,0,0,'YQN2NlNExVmZmWR'),(881,NULL,145,NULL,0,0,'wGAQMDAYjZMMjgF'),(882,NULL,145,NULL,0,0,'23EwMFNEYDNGWg2'),(883,NULL,145,NULL,0,0,'N4QNUEAJmEhTjBU'),(884,NULL,145,NULL,0,0,'zwZ5NxAZYRW0DQ1'),(885,NULL,145,NULL,0,0,'ZTw2Gjkd5MMUNEO'),(886,NULL,145,NULL,0,0,'MljN32kYQzM5MOl'),(887,NULL,145,NULL,0,0,'ZBy5YONGMjIMMDM'),(888,NULL,145,NULL,0,0,'2YGWzMhRiYNW2FR'),(889,NULL,145,NULL,0,0,'Z3FNxT5ZkDzTmiy'),(890,NULL,145,NULL,0,0,'MMygMkjjWBIOUZQ'),(891,NULL,145,NULL,0,0,'xxZjmNBxmBTYNYY'),(892,NULL,145,NULL,0,0,'WWgZkNMjiMMMhFY'),(893,NULL,145,NULL,0,0,'MczZOi5ykFwOTjG'),(894,NULL,145,NULL,0,0,'MMiYxd12NUWxyDI'),(895,NULL,145,NULL,0,0,'Qim0NNDWNORWGMh'),(896,NULL,145,NULL,0,0,'MGzAV3jNwwDGZNl'),(897,NULL,145,NULL,0,0,'MDMzWVYjmW2M20k'),(898,NULL,145,NULL,0,0,'jQBTlzAM2MZYG2Y'),(899,NULL,145,NULL,0,0,'zZNZBTijZzNNAxZ'),(900,NULL,145,NULL,0,0,'mDmN2MNDDUNZmMk'),(901,NULL,145,NULL,0,0,'G5YNYWgTRMDIgIM'),(902,NULL,145,NULL,0,0,'Y1MQTWTlYNWOzRJ'),(903,NULL,145,NULL,0,0,'RAwO0ZwIAIzziGY'),(904,NULL,145,NULL,0,0,'j3wzTUZZDR2zBNJ'),(905,NULL,145,NULL,0,0,'40iWwT1iMNNOFUA'),(906,NULL,145,NULL,0,0,'MOMMTDlTcMcOYAY'),(907,NULL,145,NULL,0,0,'RNkMYhGMZ2ljGA0'),(908,NULL,145,NULL,0,0,'NkIwUZMNjlO0ZWw'),(909,NULL,145,NULL,0,0,'jjGZFGZmO5jmjMj'),(910,NULL,145,NULL,0,0,'jYGjVdwYm1AkjQT'),(911,NULL,145,NULL,0,0,'lIRhlYN4ZMZNMNw'),(912,NULL,145,NULL,0,0,'xWDT4GZYiIj2M3k'),(913,NULL,145,NULL,0,0,'yWm3jUYZYYWYMZm'),(914,NULL,145,NULL,0,0,'WOlNQzYFA4I2MM3'),(915,NULL,145,NULL,0,0,'MD2I5hMDMAkOWTl'),(916,NULL,145,NULL,0,0,'IlMxj1QZGlkWmdE'),(917,NULL,145,NULL,0,0,'hTiZRWRwMMQONiM'),(918,NULL,145,NULL,0,0,'kFYlQ0hjMgOiYjZ'),(919,NULL,145,NULL,0,0,'YzO425MkU5mwNhD'),(920,NULL,145,NULL,0,0,'jMBVh0MjMcU4TyQ'),(921,NULL,145,NULL,0,0,'4TZMjDQjNm5ANDQ'),(922,NULL,145,NULL,0,0,'wNGWYMZNTE2zUTY'),(923,NULL,145,NULL,0,0,'Bl520MzNDlwFTc3'),(924,NULL,145,NULL,0,0,'GT0jjmMNzjTmIU3'),(925,NULL,145,NULL,0,0,'VMYUOlz2VZjzQDj'),(926,NULL,145,NULL,0,0,'RyDkxTZEOIljOz3'),(927,NULL,145,NULL,0,0,'MDRMmjJkGiJzMYY'),(928,NULL,145,NULL,0,0,'RjZMzxM3lTTOYG2'),(929,NULL,145,NULL,0,0,'MjN2WW2WjlUTmIR'),(930,NULL,145,NULL,0,0,'Yk5YNgNTjMNYNNj'),(931,NULL,145,NULL,0,0,'UjYFVGh2ZOz3gMY'),(932,NULL,145,NULL,0,0,'ZwgWTUOTVG2NWh5'),(933,NULL,145,NULL,0,0,'Y4MjMUOZVZz5RVj'),(934,NULL,145,NULL,0,0,'UOT2NEI35NZNDjz'),(935,NULL,145,NULL,0,0,'O4GgNRUmMNMdl2G'),(936,NULL,145,NULL,0,0,'DlZzDwTEMMgYNNk'),(937,NULL,145,NULL,0,0,'Yz2zkROOI2MRcGW'),(938,NULL,145,NULL,0,0,'MYF2MAzOWUQT1Mg'),(939,NULL,145,NULL,0,0,'MDMWjj1DMQzWNh0'),(940,NULL,145,NULL,0,1,'xWkMjYzWiNNZAYz'),(941,NULL,145,NULL,0,1,'DDyENM1Y5NN2GMO'),(942,NULL,145,NULL,0,1,'VDgj0YmNTITzMYx'),(943,NULL,145,NULL,0,1,'0MxZGWMIOgT2TjQ'),(944,NULL,145,NULL,0,1,'W2OWAjYNTMBGQ02'),(945,NULL,145,NULL,0,1,'WTmM0zY3mNDQEDO'),(946,NULL,145,NULL,0,1,'WY1MM4jZGkAQZQj'),(947,NULL,145,NULL,0,1,'NVANNdNGWONiGOl'),(948,NULL,145,NULL,0,1,'ydNThOQ12ZTMRmj'),(949,NULL,145,NULL,0,1,'5zdlzAOwGIZN5zk'),(950,NULL,145,NULL,0,1,'j44ZAYjMh2ZYQ2z'),(951,NULL,145,NULL,0,1,'NlJkYTYONQl1JOY'),(952,NULL,145,NULL,0,1,'ZWOmZmkmYjhMVFU'),(953,NULL,145,NULL,0,1,'DGxNEQjTM1Rii1w'),(954,NULL,145,NULL,0,1,'NDEQjYQiMMjjNDF'),(955,NULL,145,NULL,0,1,'NMW4xRMQmY3wmzN'),(956,NULL,145,NULL,0,1,'mRZEl2TAjzzkQhm'),(957,NULL,145,NULL,0,1,'jMzYTZTlDyOYNMj'),(958,NULL,145,NULL,0,1,'mcNRkgmTJNhNiND'),(959,NULL,145,NULL,0,1,'4NmjxjGTzENVRDR'),(960,NULL,145,NULL,0,1,'0mkjxkYmZcTcA2E'),(961,NULL,145,NULL,0,1,'wJk0wzwjkzMOTAM'),(962,NULL,145,NULL,0,1,'MYNFQ0W1zhTTzwi'),(963,NULL,145,NULL,0,1,'ThZmZMDYDWZMY0O'),(964,NULL,145,NULL,0,1,'EDzNZNBjYNlYINU');
/*!40000 ALTER TABLE `invitacion` ENABLE KEYS */;
UNLOCK TABLES;

--
-- Table structure for table `localidad`
--

DROP TABLE IF EXISTS `localidad`;
/*!40101 SET @saved_cs_client     = @@character_set_client */;
/*!40101 SET character_set_client = utf8 */;
CREATE TABLE `localidad` (
  `localidad_id` int(11) NOT NULL AUTO_INCREMENT,
  `nombre` varchar(45) DEFAULT NULL,
  `descripcion` varchar(75) DEFAULT NULL,
  `filas` int(11) DEFAULT NULL,
  `columnas` int(11) DEFAULT NULL,
  `capacidad` int(11) DEFAULT NULL,
  `mesas` int(11) DEFAULT NULL,
  `precio` float DEFAULT NULL,
  `existencia` int(11) DEFAULT NULL,
  `estado` int(11) DEFAULT NULL,
  `evento_evento_id` int(11) NOT NULL,
  PRIMARY KEY (`localidad_id`),
  KEY `fk_localidad_evento1_idx` (`evento_evento_id`),
  CONSTRAINT `fk_localidad_evento1` FOREIGN KEY (`evento_evento_id`) REFERENCES `evento` (`evento_id`) ON DELETE NO ACTION ON UPDATE NO ACTION
) ENGINE=InnoDB AUTO_INCREMENT=103 DEFAULT CHARSET=utf8;
/*!40101 SET character_set_client = @saved_cs_client */;

--
-- Dumping data for table `localidad`
--

LOCK TABLES `localidad` WRITE;
/*!40000 ALTER TABLE `localidad` DISABLE KEYS */;
/*!40000 ALTER TABLE `localidad` ENABLE KEYS */;
UNLOCK TABLES;

--
-- Table structure for table `log`
--

DROP TABLE IF EXISTS `log`;
/*!40101 SET @saved_cs_client     = @@character_set_client */;
/*!40101 SET character_set_client = utf8 */;
CREATE TABLE `log` (
  `log_id` int(11) NOT NULL AUTO_INCREMENT,
  `fecha_hora` datetime DEFAULT NULL,
  `accion` varchar(45) DEFAULT NULL,
  `detalle_usuario_detalle_usuario_id` int(11) NOT NULL,
  PRIMARY KEY (`log_id`),
  KEY `fk_log_detalle_usuario1_idx` (`detalle_usuario_detalle_usuario_id`),
  CONSTRAINT `fk_log_detalle_usuario1` FOREIGN KEY (`detalle_usuario_detalle_usuario_id`) REFERENCES `detalle_usuario` (`detalle_usuario_id`) ON DELETE NO ACTION ON UPDATE NO ACTION
) ENGINE=InnoDB AUTO_INCREMENT=11 DEFAULT CHARSET=utf8;
/*!40101 SET character_set_client = @saved_cs_client */;

--
-- Dumping data for table `log`
--

LOCK TABLES `log` WRITE;
/*!40000 ALTER TABLE `log` DISABLE KEYS */;
INSERT INTO `log` VALUES (1,'2015-06-05 12:23:18','Login',1),(2,'2015-06-05 12:24:05','Login',1),(3,'2015-06-05 12:31:05','Login',1),(4,'2015-06-05 12:32:39','Login',1),(5,'2015-06-05 12:33:56','Login',1),(6,'2015-06-05 12:34:34','Logout',1),(7,'2015-06-05 12:34:47','Login',1),(8,'2015-06-05 12:35:52','Login',1),(9,'2015-06-05 12:37:22','Login',1),(10,'2015-06-05 12:38:41','Login',1);
/*!40000 ALTER TABLE `log` ENABLE KEYS */;
UNLOCK TABLES;

--
-- Table structure for table `mapa`
--

DROP TABLE IF EXISTS `mapa`;
/*!40101 SET @saved_cs_client     = @@character_set_client */;
/*!40101 SET character_set_client = utf8 */;
CREATE TABLE `mapa` (
  `mapa_id` int(11) NOT NULL AUTO_INCREMENT,
  `parametros` text,
  `evento_evento_id` int(11) NOT NULL,
  PRIMARY KEY (`mapa_id`),
  KEY `fk_mapa_evento1_idx` (`evento_evento_id`),
  CONSTRAINT `fk_mapa_evento1` FOREIGN KEY (`evento_evento_id`) REFERENCES `evento` (`evento_id`) ON DELETE NO ACTION ON UPDATE NO ACTION
) ENGINE=InnoDB DEFAULT CHARSET=utf8;
/*!40101 SET character_set_client = @saved_cs_client */;

--
-- Dumping data for table `mapa`
--

LOCK TABLES `mapa` WRITE;
/*!40000 ALTER TABLE `mapa` DISABLE KEYS */;
/*!40000 ALTER TABLE `mapa` ENABLE KEYS */;
UNLOCK TABLES;

--
-- Table structure for table `mesa`
--

DROP TABLE IF EXISTS `mesa`;
/*!40101 SET @saved_cs_client     = @@character_set_client */;
/*!40101 SET character_set_client = utf8 */;
CREATE TABLE `mesa` (
  `mesa_id` int(11) NOT NULL AUTO_INCREMENT,
  `capacidad` int(11) DEFAULT NULL,
  `disponibles` int(11) DEFAULT NULL,
  `asiento` varchar(50) DEFAULT NULL,
  `localidad_localidad_id` int(11) NOT NULL,
  PRIMARY KEY (`mesa_id`),
  KEY `fk_mesa_localidad1_idx` (`localidad_localidad_id`),
  CONSTRAINT `fk_mesa_localidad1` FOREIGN KEY (`localidad_localidad_id`) REFERENCES `localidad` (`localidad_id`) ON DELETE NO ACTION ON UPDATE NO ACTION
) ENGINE=InnoDB AUTO_INCREMENT=213 DEFAULT CHARSET=utf8;
/*!40101 SET character_set_client = @saved_cs_client */;

--
-- Dumping data for table `mesa`
--

LOCK TABLES `mesa` WRITE;
/*!40000 ALTER TABLE `mesa` DISABLE KEYS */;
/*!40000 ALTER TABLE `mesa` ENABLE KEYS */;
UNLOCK TABLES;

--
-- Table structure for table `organizacion`
--

DROP TABLE IF EXISTS `organizacion`;
/*!40101 SET @saved_cs_client     = @@character_set_client */;
/*!40101 SET character_set_client = utf8 */;
CREATE TABLE `organizacion` (
  `organizacion_id` int(11) NOT NULL AUTO_INCREMENT,
  `nombre` varchar(75) DEFAULT NULL,
  `direccion` varchar(145) DEFAULT NULL,
  `telefono` varchar(45) DEFAULT NULL,
  `departamento_departamento_id` int(11) NOT NULL,
  `correo` varchar(45) DEFAULT NULL,
  `foto` varchar(150) DEFAULT NULL,
  `clave` varchar(50) NOT NULL,
  `nit` varchar(45) DEFAULT NULL,
  `responsable` varchar(75) DEFAULT NULL,
  `token` varchar(100) NOT NULL,
  `token_reestablecer` varchar(100) NOT NULL,
  `ultima_sesion` datetime NOT NULL,
  `noticias` int(11) NOT NULL,
  `estado` int(11) NOT NULL,
  PRIMARY KEY (`organizacion_id`),
  KEY `fk_departamento_departamento_id_idx` (`departamento_departamento_id`),
  CONSTRAINT `fk_departamento_departamento_id` FOREIGN KEY (`departamento_departamento_id`) REFERENCES `departamento` (`departamento_id`) ON DELETE NO ACTION ON UPDATE NO ACTION
) ENGINE=InnoDB AUTO_INCREMENT=46 DEFAULT CHARSET=utf8;
/*!40101 SET character_set_client = @saved_cs_client */;

--
-- Dumping data for table `organizacion`
--

LOCK TABLES `organizacion` WRITE;
/*!40000 ALTER TABLE `organizacion` DISABLE KEYS */;
INSERT INTO `organizacion` VALUES (1,'Eventos S.A.','7 av 4-53 zona 4 linda Vista','66305600',36,'cloarca.ios@gmail.com','/images/fotos/organizadores/j=DzgdYhjDMZQN4Gy1kOn.jpg','4297f44b13955235245b2497399d7a93','1254041-2','Carlos Loarca','IOONQOT5m0z0jhmM4AwkDEgYTNMGzNhdD3ZDNN1ADINGjW2MZkmYNhYDhhUREygM=jMRz5jzyk=MhMZFTOVJRwZj','mG2l3ZRDmhyZZNZOZ0M4jG4Z=YMwJlNZjkMkmNMzMMMimjQ02FmDDN0=2g2JZNjYRjxFNYNmNWxEkGG0YQDzAIcM','2015-06-05 10:56:07',1,1),(2,'hermanos cooper','9 avenida 15-82 zona 10','2337-4848',1,'wherrador.ios@gmail.com',NULL,'5019a118b9d2dac51585e4b5322ed3e1','87805022','Carlos loarca','T2NxjYj3M1DYZgQlYZMWjgDEjckhIIgMgy3kW2UzjW5zTlDOOl2hM=TNzNw451NZkOj2lMYmNJMTgY4NWW=IMMZz','','2015-05-26 07:22:14',0,1),(4,'CASA DURANTA HOTEL','3a calle 4-46 zona 3 Coban, Alta Verapaz','7951-4188',16,'casaduhotel@gmail.com','includes/images/YYkNO1MjN2T=jDm.jpg','1234','12540412','Charley Aguilar','fgtredfgytfed','','2015-04-23 00:00:00',1,1),(5,'Gallo','3a Avenida Norte Final Interior Finca El Zapo','2289-1555',1,'cerveceriacentroamerica@gmail.com','includes/images/xgx5kUWMYNTNZDy.jpg','12345','87805032','Carlos Castillo','fg1rt2yu48g=','','2015-04-23 00:00:00',1,1),(7,'Chronos LTDA','5ta avenida 5-55 zona 14  Edificio Europlaza ','30229250',1,'rodriguezcarolina086@gmail.com','/images/fotos/organizadores/TY1TQ2zMk0TM=MhNWT4kK.jpg','ad27700fea0f37676cefe7852511cab5','35208655-5','Carolina Rodriguez ','TlYzzjzMRYJYYDj0DVZwVNAY2jN20BiNG1k=QEYEOMDTMNmNITDEMGNkGZm0kNkjmzxW0wkYTMBZZ=kYmOFIUDZM','','2015-05-07 22:23:39',1,1),(8,'Aurora F.C.','Estadio del Ejercito','5864523',1,'fcauroragt@gmail.com','/images/fotos/organizadores/MEk5kTZ1WNiYzDwY=Mjla.jpg','5cf09d587e09bcc88a13998c691fa8ad','14324590','General Rudy Israel Ortiz','','','2015-05-11 13:31:47',1,0),(9,'Perez y Perez S.A.','5ta Calle 2-34 zona 4','54123564',1,'perez@perez.com','/images/fotos/organizadores/EmQUYZNjM5OVTBEx3TEca.jpg','a5a79acd4640386d242b2f1637b206b9','5421451-2','Juan Perez','','','2015-05-19 12:34:28',0,0),(24,'mabe si sabe','blv proces','248',1,'mabe@gmail.com','/images/fotos/organizadores/4jMFR=mY0NDZx0DITj2M6.jpg','e10adc3949ba59abbe56e057f20f883e','59045-5','maby','','','2015-05-25 12:02:20',0,0),(26,'telefonica','brl los procesres','248056',1,'tele_54fonica@telefonica12.com','  ','e10adc3949ba59abbe56e057f20f883e','546546546','melcha','','','2015-05-25 12:10:02',0,0),(37,'Herradura','7 avenida 4-53 zona 4 linda Vista Villa Nueva','66305629',1,'worion88@gmail.com','/images/fotos/organizadores/ljGNAZAYxZFW5WjQ=ZYyw.jpg','4297f44b13955235245b2497399d7a93','87805022','Humberto Herrador','NyRkMW0wRiYg2MYjDMQgYjlOMTmMIYMg4jjWT24wGZYE1=MjlZMkTNxYWk0ZVJji3YMY2FEU=RDIEWZ51ghDNVdm','','2015-06-05 03:16:59',1,1),(38,'La Real Academia del Ripio','9 calle A 12-70 Z.14','56306690',1,'larealacademiadelripio@gmail.com','/images/fotos/organizadores/NG3yFZNYkcNYN2ZTzQNI.png','8bed4b416cc7f7f39e9995e8734316b1','6356961-2','La Nia Almendra','ImNzMUTjZcZETJjUNMl3YM=z01N=QwNN5w2GZN2kZTlgDjZzwhN1ITOZ5jYZUzAlUgNZlyDNmmiGZcTQlWMh5YQw','','2015-06-04 18:52:48',0,1),(45,'paches,s.a.','qwet','123456',1,'alan@gmail.com','','4297f44b13955235245b2497399d7a93','23','alan','','','2015-06-04 05:10:05',1,0);
/*!40000 ALTER TABLE `organizacion` ENABLE KEYS */;
UNLOCK TABLES;

--
-- Table structure for table `pais`
--

DROP TABLE IF EXISTS `pais`;
/*!40101 SET @saved_cs_client     = @@character_set_client */;
/*!40101 SET character_set_client = utf8 */;
CREATE TABLE `pais` (
  `pais_id` int(11) NOT NULL AUTO_INCREMENT,
  `nombre` varchar(45) DEFAULT NULL,
  PRIMARY KEY (`pais_id`)
) ENGINE=InnoDB AUTO_INCREMENT=8 DEFAULT CHARSET=utf8;
/*!40101 SET character_set_client = @saved_cs_client */;

--
-- Dumping data for table `pais`
--

LOCK TABLES `pais` WRITE;
/*!40000 ALTER TABLE `pais` DISABLE KEYS */;
INSERT INTO `pais` VALUES (1,'Guatemala'),(2,'Belize'),(3,'El Salvador'),(4,'Honduras'),(5,'Nicaragua'),(6,'Costa Rica'),(7,'Panama');
/*!40000 ALTER TABLE `pais` ENABLE KEYS */;
UNLOCK TABLES;

--
-- Table structure for table `preferencias`
--

DROP TABLE IF EXISTS `preferencias`;
/*!40101 SET @saved_cs_client     = @@character_set_client */;
/*!40101 SET character_set_client = utf8 */;
CREATE TABLE `preferencias` (
  `preferencias_id` int(11) NOT NULL,
  `cliente_cliente_id` int(11) NOT NULL,
  `tipo_evento_tipo_evento_id` int(11) NOT NULL,
  PRIMARY KEY (`preferencias_id`),
  KEY `fk_preferencias_usuario1_idx` (`cliente_cliente_id`),
  KEY `fk_preferencias_tipo_evento1_idx` (`tipo_evento_tipo_evento_id`),
  CONSTRAINT `fk_preferencias_tipo_evento1` FOREIGN KEY (`tipo_evento_tipo_evento_id`) REFERENCES `tipo_evento` (`tipo_evento_id`) ON DELETE NO ACTION ON UPDATE NO ACTION,
  CONSTRAINT `fk_preferencias_usuario1` FOREIGN KEY (`cliente_cliente_id`) REFERENCES `cliente` (`cliente_id`) ON DELETE NO ACTION ON UPDATE NO ACTION
) ENGINE=InnoDB DEFAULT CHARSET=utf8;
/*!40101 SET character_set_client = @saved_cs_client */;

--
-- Dumping data for table `preferencias`
--

LOCK TABLES `preferencias` WRITE;
/*!40000 ALTER TABLE `preferencias` DISABLE KEYS */;
INSERT INTO `preferencias` VALUES (1,1,3),(2,1,4);
/*!40000 ALTER TABLE `preferencias` ENABLE KEYS */;
UNLOCK TABLES;

--
-- Table structure for table `publicidad`
--

DROP TABLE IF EXISTS `publicidad`;
/*!40101 SET @saved_cs_client     = @@character_set_client */;
/*!40101 SET character_set_client = utf8 */;
CREATE TABLE `publicidad` (
  `publicidad_id` int(11) NOT NULL AUTO_INCREMENT,
  `nombre` varchar(50) NOT NULL,
  `direccion` varchar(100) NOT NULL,
  `telefono` varchar(45) NOT NULL,
  `correo` varchar(75) NOT NULL,
  `nit` varchar(20) NOT NULL,
  `imagen` varchar(100) NOT NULL,
  `estado` int(11) NOT NULL,
  PRIMARY KEY (`publicidad_id`)
) ENGINE=InnoDB AUTO_INCREMENT=9 DEFAULT CHARSET=utf8;
/*!40101 SET character_set_client = @saved_cs_client */;

--
-- Dumping data for table `publicidad`
--

LOCK TABLES `publicidad` WRITE;
/*!40000 ALTER TABLE `publicidad` DISABLE KEYS */;
INSERT INTO `publicidad` VALUES (1,'Campero','66 calle 6-66 zona 6','32165487','campero@campero.com','32165487','includes/images/publicidad/MDE5NjE4Nz.png',1),(2,'Pepsi','66 calle 6-66 zona 6','32165487','pepsi@pepsi.com','32165487','includes/images/publicidad/MDNiOTZmMT.png',1),(3,'Gallo','6 calle 6-66 zona 6','32165487','gallo@gallo.com','32165487','includes/images/publicidad/MDY3ZWYzOW.png',1),(4,'Coca Cola','66 calle 6-66 zona 6','32165487','coca@coca.com','32165487','includes/images/publicidad/ODFiNTJiYT.png',1),(5,'McDonald\'s','66 calle 6-66 zona 6','32165487','cloarca.ios@gmail.com','32165487','includes/images/publicidad/MjA3OTQ2MG.png',1),(6,'Ron Botran','66 calle 6-66 zona 6','32165487','botran@botran.com','32165487','includes/images/publicidad/MDI4NDI2Mm.png',1),(7,'Cementos Progreso','6 calle 6-66 zona 6','32165487','progreso@progreso.com','32165487','includes/images/publicidad/NWY1YWJhYz.png',1),(8,'Volks Wagen','6 av. 6-66 zona 6','32165487','volks@wagen.com','32165478','includes/images/publicidad/OGEzN2MzZT.png',1);
/*!40000 ALTER TABLE `publicidad` ENABLE KEYS */;
UNLOCK TABLES;

--
-- Table structure for table `publicidad_detalle`
--

DROP TABLE IF EXISTS `publicidad_detalle`;
/*!40101 SET @saved_cs_client     = @@character_set_client */;
/*!40101 SET character_set_client = utf8 */;
CREATE TABLE `publicidad_detalle` (
  `publicidad_detalle_id` int(11) NOT NULL AUTO_INCREMENT,
  `publicidad_id` int(11) NOT NULL,
  `evento_id` int(11) NOT NULL,
  `tipo_evento_id` int(11) NOT NULL,
  `estado` int(11) NOT NULL,
  `tipo_plan` int(11) NOT NULL,
  `imagen` varchar(100) NOT NULL,
  PRIMARY KEY (`publicidad_detalle_id`)
) ENGINE=InnoDB AUTO_INCREMENT=15 DEFAULT CHARSET=utf8;
/*!40101 SET character_set_client = @saved_cs_client */;

--
-- Dumping data for table `publicidad_detalle`
--

LOCK TABLES `publicidad_detalle` WRITE;
/*!40000 ALTER TABLE `publicidad_detalle` DISABLE KEYS */;
INSERT INTO `publicidad_detalle` VALUES (1,1,0,2,0,0,'includes/images/publicidad_secundaria/YmY1NzUxNzo.jpg'),(2,1,0,2,0,0,'includes/images/publicidad_secundaria/ZDVmZTA1OD2.jpg'),(3,2,0,3,0,0,'includes/images/publicidad_secundaria/YmI5ODBiMzo.jpg'),(4,2,0,3,0,0,'includes/images/publicidad_secundaria/ZDI3ZmIwNW2.jpg'),(5,2,0,3,0,0,'includes/images/publicidad_secundaria/MDRlNDY1MD3.jpg'),(6,2,0,3,0,0,'includes/images/publicidad_secundaria/MmViZWQwNT4.jpg'),(7,3,0,4,0,0,'includes/images/publicidad_secundaria/OTI2MTU2Y2i.jpg'),(8,3,0,4,0,0,'includes/images/publicidad_secundaria/NzU4MmQ0NG2.jpg'),(9,3,0,4,0,0,'includes/images/publicidad_secundaria/ZGNjNjI1ZT3.jpg'),(10,3,0,4,0,0,'includes/images/publicidad_secundaria/YTRiNDBiZj4.jpg'),(11,4,0,1,0,0,'includes/images/publicidad_secundaria/YWE5M2I4Mma.jpg'),(12,4,0,1,0,0,'includes/images/publicidad_secundaria/ZTg4NGFhZW2.jpg'),(13,6,0,5,0,0,'includes/images/publicidad_secundaria/NzhiOTIxNT1.jpg'),(14,6,0,5,0,0,'includes/images/publicidad_secundaria/MTNjYmZjOG2.jpg');
/*!40000 ALTER TABLE `publicidad_detalle` ENABLE KEYS */;
UNLOCK TABLES;

--
-- Table structure for table `sucursal`
--

DROP TABLE IF EXISTS `sucursal`;
/*!40101 SET @saved_cs_client     = @@character_set_client */;
/*!40101 SET character_set_client = utf8 */;
CREATE TABLE `sucursal` (
  `sucursal_id` int(11) NOT NULL AUTO_INCREMENT,
  `nombre` varchar(45) DEFAULT NULL,
  `direccion` varchar(45) DEFAULT NULL,
  `telefono` varchar(45) DEFAULT NULL,
  `correo` varchar(45) DEFAULT NULL,
  `responsable` varchar(45) DEFAULT NULL,
  `departamento_id_departamento_id` int(11) NOT NULL,
  `pais_pais_id` int(11) NOT NULL,
  `estado` int(11) NOT NULL DEFAULT '1',
  PRIMARY KEY (`sucursal_id`),
  KEY `fk_sucursal_pais1_idx` (`departamento_id_departamento_id`),
  CONSTRAINT `sucursal_ibfk_1` FOREIGN KEY (`departamento_id_departamento_id`) REFERENCES `departamento` (`departamento_id`)
) ENGINE=InnoDB AUTO_INCREMENT=13 DEFAULT CHARSET=utf8;
/*!40101 SET character_set_client = @saved_cs_client */;

--
-- Dumping data for table `sucursal`
--

LOCK TABLES `sucursal` WRITE;
/*!40000 ALTER TABLE `sucursal` DISABLE KEYS */;
INSERT INTO `sucursal` VALUES (1,'Sucursal 1','23 calle 0-55 zona 5','32165472','sucursal1@gmail.com','Cabal Elnoes',1,1,0);
/*!40000 ALTER TABLE `sucursal` ENABLE KEYS */;
UNLOCK TABLES;

--
-- Table structure for table `tipo_evento`
--

DROP TABLE IF EXISTS `tipo_evento`;
/*!40101 SET @saved_cs_client     = @@character_set_client */;
/*!40101 SET character_set_client = utf8 */;
CREATE TABLE `tipo_evento` (
  `tipo_evento_id` int(11) NOT NULL AUTO_INCREMENT,
  `nombre` varchar(45) DEFAULT NULL,
  `imagen` varchar(100) DEFAULT NULL,
  `estado` int(11) NOT NULL,
  PRIMARY KEY (`tipo_evento_id`)
) ENGINE=InnoDB AUTO_INCREMENT=7 DEFAULT CHARSET=utf8;
/*!40101 SET character_set_client = @saved_cs_client */;

--
-- Dumping data for table `tipo_evento`
--

LOCK TABLES `tipo_evento` WRITE;
/*!40000 ALTER TABLE `tipo_evento` DISABLE KEYS */;
INSERT INTO `tipo_evento` VALUES (1,'privado','includes/images/categorias/privados.png',1),(2,'deportes','includes/images/categorias/deportes.png',1),(3,'cultura','includes/images/categorias/cultura.jpg',1),(4,'conciertos','includes/images/categorias/conciertos.jpg',1),(5,'familiares','includes/images/categorias/familiares.jpg',1),(6,'prueba',NULL,1);
/*!40000 ALTER TABLE `tipo_evento` ENABLE KEYS */;
UNLOCK TABLES;

--
-- Table structure for table `transaccion`
--

DROP TABLE IF EXISTS `transaccion`;
/*!40101 SET @saved_cs_client     = @@character_set_client */;
/*!40101 SET character_set_client = utf8 */;
CREATE TABLE `transaccion` (
  `transaccion_id` int(11) NOT NULL AUTO_INCREMENT,
  `observacion` varchar(200) NOT NULL,
  `accion` varchar(45) DEFAULT NULL,
  `cash` int(11) DEFAULT NULL,
  `fecha_hora` datetime DEFAULT NULL,
  `cliente_cliente_id` int(11) NOT NULL,
  PRIMARY KEY (`transaccion_id`),
  KEY `fk_transaccion_cliente1_idx` (`cliente_cliente_id`),
  CONSTRAINT `fk_transaccion_cliente1` FOREIGN KEY (`cliente_cliente_id`) REFERENCES `cliente` (`cliente_id`) ON DELETE NO ACTION ON UPDATE NO ACTION
) ENGINE=InnoDB AUTO_INCREMENT=5 DEFAULT CHARSET=utf8;
/*!40101 SET character_set_client = @saved_cs_client */;

--
-- Dumping data for table `transaccion`
--

LOCK TABLES `transaccion` WRITE;
/*!40000 ALTER TABLE `transaccion` DISABLE KEYS */;
INSERT INTO `transaccion` VALUES (1,'compra de boleto 123','suma',5,'2015-05-26 15:54:33',2),(2,'compra de boleto 124','suma',5,'2015-05-26 15:54:53',2),(3,'compra de boleto 125','suma',5,'2015-05-26 15:54:33',2),(4,'compra de boleto 126','suma',5,'2015-05-26 15:54:53',2);
/*!40000 ALTER TABLE `transaccion` ENABLE KEYS */;
UNLOCK TABLES;

--
-- Table structure for table `usuario`
--

DROP TABLE IF EXISTS `usuario`;
/*!40101 SET @saved_cs_client     = @@character_set_client */;
/*!40101 SET character_set_client = utf8 */;
CREATE TABLE `usuario` (
  `usuario_id` int(11) NOT NULL AUTO_INCREMENT,
  `nombres` varchar(45) DEFAULT NULL,
  `apellidos` varchar(45) DEFAULT NULL,
  `direccion` varchar(45) DEFAULT NULL,
  `telefono` varchar(45) DEFAULT NULL,
  `usuario` varchar(45) DEFAULT NULL,
  `clave` varchar(45) DEFAULT NULL,
  `tipo` int(11) DEFAULT NULL,
  `token` varchar(45) DEFAULT NULL,
  `ultima_sesion` datetime DEFAULT NULL,
  `estado` int(11) NOT NULL,
  PRIMARY KEY (`usuario_id`)
) ENGINE=InnoDB AUTO_INCREMENT=2 DEFAULT CHARSET=utf8;
/*!40101 SET character_set_client = @saved_cs_client */;

--
-- Dumping data for table `usuario`
--

LOCK TABLES `usuario` WRITE;
/*!40000 ALTER TABLE `usuario` DISABLE KEYS */;
INSERT INTO `usuario` VALUES (1,'Prueba','Prueba','','','test','5f10f77fc117ab472b45eddb546d50d0',1,'zlpi2a5c5vctcs3d815y56bw017m9o9nud71qge','2015-06-05 12:38:41',0);
/*!40000 ALTER TABLE `usuario` ENABLE KEYS */;
UNLOCK TABLES;
/*!40103 SET TIME_ZONE=@OLD_TIME_ZONE */;

/*!40101 SET SQL_MODE=@OLD_SQL_MODE */;
/*!40014 SET FOREIGN_KEY_CHECKS=@OLD_FOREIGN_KEY_CHECKS */;
/*!40014 SET UNIQUE_CHECKS=@OLD_UNIQUE_CHECKS */;
/*!40101 SET CHARACTER_SET_CLIENT=@OLD_CHARACTER_SET_CLIENT */;
/*!40101 SET CHARACTER_SET_RESULTS=@OLD_CHARACTER_SET_RESULTS */;
/*!40101 SET COLLATION_CONNECTION=@OLD_COLLATION_CONNECTION */;
/*!40111 SET SQL_NOTES=@OLD_SQL_NOTES */;

-- Dump completed on 2015-06-05 12:40:29
